Fondsposition per,"31.Dez.2025"
 
Emittententicker,Name,Sektor,Anlageklasse,Marktwert,Gewichtung (%),Nominalwert,Nominale,Kurs,Standort,Börse,Marktwährung
"NVDA","NVIDIA CORP","IT","Aktien","1.253.680.788,50","4,84","1.253.680.788,50","6.722.149,00","186,50","Vereinigte Staaten","NASDAQ","USD"
"AAPL","APPLE INC","IT","Aktien","1.115.318.699,28","4,31","1.115.318.699,28","4.102.548,00","271,86","Vereinigte Staaten","NASDAQ","USD"
"MSFT","MICROSOFT CORP","IT","Aktien","944.121.029,52","3,65","944.121.029,52","1.952.196,00","483,62","Vereinigte Staaten","NASDAQ","USD"
"AMZN","AMAZON COM INC","Zyklische Konsumgüter ","Aktien","611.492.037,12","2,36","611.492.037,12","2.649.216,00","230,82","Vereinigte Staaten","NASDAQ","USD"
"GOOGL","ALPHABET INC CLASS A","Kommunikation","Aktien","504.270.857,00","1,95","504.270.857,00","1.611.089,00","313,00","Vereinigte Staaten","NASDAQ","USD"
"AVGO","BROADCOM INC","IT","Aktien","429.376.159,30","1,66","429.376.159,30","1.240.613,00","346,10","Vereinigte Staaten","NASDAQ","USD"
"NDIA","ISHARES MSCI INDIA UCITS ETF","Financials","Aktien","429.202.281,25","1,66","429.202.281,25","43.867.772,00","9,78","Irland","London Stock Exchange","USD"
"GOOG","ALPHABET INC CLASS C","Kommunikation","Aktien","424.733.948,40","1,64","424.733.948,40","1.353.518,00","313,80","Vereinigte Staaten","NASDAQ","USD"
"META","META PLATFORMS INC CLASS A","Kommunikation","Aktien","396.674.484,60","1,53","396.674.484,60","600.940,00","660,09","Vereinigte Staaten","NASDAQ","USD"
"TSLA","TESLA INC","Zyklische Konsumgüter ","Aktien","351.598.291,52","1,36","351.598.291,52","781.816,00","449,72","Vereinigte Staaten","NASDAQ","USD"
"2330","TAIWAN SEMICONDUCTOR MANUFACTURING","IT","Aktien","336.485.733,84","1,30","336.485.733,84","6.821.000,00","49,33","Taiwan","Taiwan Stock Exchange","TWD"
"JPM","JPMORGAN CHASE & CO","Financials","Aktien","245.398.885,36","0,95","245.398.885,36","761.588,00","322,22","Vereinigte Staaten","New York Stock Exchange Inc.","USD"
"LLY","ELI LILLY","Gesundheitsversorgung","Aktien","239.100.179,80","0,92","239.100.179,80","222.485,00","1.074,68","Vereinigte Staaten","New York Stock Exchange Inc.","USD"
"BRKB","BERKSHIRE HATHAWAY INC CLASS B","Financials","Aktien","191.919.309,75","0,74","191.919.309,75","381.815,00","502,65","Vereinigte Staaten","New York Stock Exchange Inc.","USD"
"V","VISA INC CLASS A","Financials","Aktien","166.226.369,41","0,64","166.226.369,41","473.971,00","350,71","Vereinigte Staaten","New York Stock Exchange Inc.","USD"
"XOM","EXXON MOBIL CORP","Energie","Aktien","141.840.185,08","0,55","141.840.185,08","1.178.662,00","120,34","Vereinigte Staaten","New York Stock Exchange Inc.","USD"
"JNJ","JOHNSON & JOHNSON","Gesundheitsversorgung","Aktien","137.300.149,70","0,53","137.300.149,70","663.446,00","206,95","Vereinigte Staaten","New York Stock Exchange Inc.","USD"
"MA","MASTERCARD INC CLASS A","Financials","Aktien","136.589.890,56","0,53","136.589.890,56","239.262,00","570,88","Vereinigte Staaten","New York Stock Exchange Inc.","USD"
"WMT","WALMART INC","Nichtzyklische Konsumgüter","Aktien","134.980.790,88","0,52","134.980.790,88","1.211.568,00","111,41","Vereinigte Staaten","NASDAQ","USD"
"700","TENCENT HOLDINGS LTD","Kommunikation","Aktien","133.175.242,50","0,51","133.175.242,50","1.730.500,00","76,96","China","Hong Kong Exchanges And Clearing Ltd","HKD"
"4BRZ","ISHARES MSCI BRAZIL UCITS ET USDHA","Financials","Aktien","132.815.305,38","0,51","132.815.305,38","2.982.268,00","44,53","Deutschland","Xetra","USD"
"ASML","ASML HOLDING NV","IT","Aktien","117.365.466,01","0,45","117.365.466,01","108.457,00","1.082,14","Niederlande","Euronext Amsterdam","EUR"
"PLTR","PALANTIR TECHNOLOGIES INC CLASS A","IT","Aktien","111.577.230,00","0,43","111.577.230,00","627.720,00","177,75","Vereinigte Staaten","NASDAQ","USD"
"ABBV","ABBVIE INC","Gesundheitsversorgung","Aktien","111.260.463,62","0,43","111.260.463,62","486.938,00","228,49","Vereinigte Staaten","New York Stock Exchange Inc.","USD"
"NFLX","NETFLIX INC","Kommunikation","Aktien","110.195.284,16","0,43","110.195.284,16","1.175.291,00","93,76","Vereinigte Staaten","NASDAQ","USD"
"CNYA","ISH MSCI CHINA A ETF USD ACC","Financials","Aktien","109.661.358,87","0,42","109.661.358,87","19.009.553,00","5,77","Irland","London Stock Exchange","USD"
"005930","SAMSUNG ELECTRONICS LTD","IT","Aktien","107.450.891,74","0,42","107.450.891,74","1.290.979,00","83,23","Korea","Korea Exchange (Stock Market)","KRW"
"BAC","BANK OF AMERICA CORP","Financials","Aktien","106.221.995,00","0,41","106.221.995,00","1.931.309,00","55,00","Vereinigte Staaten","New York Stock Exchange Inc.","USD"
"COST","COSTCO WHOLESALE CORP","Nichtzyklische Konsumgüter","Aktien","104.883.827,18","0,41","104.883.827,18","121.627,00","862,34","Vereinigte Staaten","NASDAQ","USD"
"AMD","ADVANCED MICRO DEVICES INC","IT","Aktien","95.856.088,56","0,37","95.856.088,56","447.591,00","214,16","Vereinigte Staaten","NASDAQ","USD"
"HD","HOME DEPOT INC","Zyklische Konsumgüter ","Aktien","94.778.904,00","0,37","94.778.904,00","275.440,00","344,10","Vereinigte Staaten","New York Stock Exchange Inc.","USD"
"PG","PROCTER & GAMBLE","Nichtzyklische Konsumgüter","Aktien","92.313.136,50","0,36","92.313.136,50","644.150,00","143,31","Vereinigte Staaten","New York Stock Exchange Inc.","USD"
"ORCL","ORACLE CORP","IT","Aktien","91.365.816,69","0,35","91.365.816,69","468.759,00","194,91","Vereinigte Staaten","New York Stock Exchange Inc.","USD"
"GE","GE AEROSPACE","Industrie","Aktien","90.010.370,39","0,35","90.010.370,39","292.213,00","308,03","Vereinigte Staaten","New York Stock Exchange Inc.","USD"
"MU","MICRON TECHNOLOGY INC","IT","Aktien","87.770.424,84","0,34","87.770.424,84","307.524,00","285,41","Vereinigte Staaten","NASDAQ","USD"
"9988","ALIBABA GROUP HOLDING LTD","Zyklische Konsumgüter ","Aktien","85.689.540,18","0,33","85.689.540,18","4.670.620,00","18,35","China","Hong Kong Exchanges And Clearing Ltd","HKD"
"CSCO","CISCO SYSTEMS INC","IT","Aktien","84.026.480,84","0,32","84.026.480,84","1.090.828,00","77,03","Vereinigte Staaten","NASDAQ","USD"
"IKSA","ISHARES MSCI SAUDI ARABIA CAPPED","Financials","Aktien","83.143.657,60","0,32","83.143.657,60","13.789.478,00","6,03","Irland","London Stock Exchange","USD"
"UNH","UNITEDHEALTH GROUP INC","Gesundheitsversorgung","Aktien","83.053.365,23","0,32","83.053.365,23","251.593,00","330,11","Vereinigte Staaten","New York Stock Exchange Inc.","USD"
"CVX","CHEVRON CORP","Energie","Aktien","81.381.300,83","0,31","81.381.300,83","533.963,00","152,41","Vereinigte Staaten","New York Stock Exchange Inc.","USD"
"ROG","ROCHE HOLDING PAR AG","Gesundheitsversorgung","Aktien","81.131.785,67","0,31","81.131.785,67","195.846,00","414,26","Schweiz","SIX Swiss Exchange","CHF"
"WFC","WELLS FARGO","Financials","Aktien","81.102.174,00","0,31","81.102.174,00","870.195,00","93,20","Vereinigte Staaten","New York Stock Exchange Inc.","USD"
"KO","COCA-COLA","Nichtzyklische Konsumgüter","Aktien","78.798.916,68","0,30","78.798.916,68","1.127.148,00","69,91","Vereinigte Staaten","New York Stock Exchange Inc.","USD"
"AZN","ASTRAZENECA PLC","Gesundheitsversorgung","Aktien","77.988.669,73","0,30","77.988.669,73","420.464,00","185,48","Vereinigtes Königreich","London Stock Exchange","GBP"
"HSBA","HSBC HOLDINGS PLC","Financials","Aktien","77.860.298,21","0,30","77.860.298,21","4.931.551,00","15,79","Vereinigtes Königreich","London Stock Exchange","GBP"
"IBM","INTERNATIONAL BUSINESS MACHINES CO","IT","Aktien","76.456.244,15","0,30","76.456.244,15","258.115,00","296,21","Vereinigte Staaten","New York Stock Exchange Inc.","USD"
"NOVN","NOVARTIS AG","Gesundheitsversorgung","Aktien","75.111.242,16","0,29","75.111.242,16","542.946,00","138,34","Schweiz","SIX Swiss Exchange","CHF"
"GS","GOLDMAN SACHS GROUP INC","Financials","Aktien","74.496.129,00","0,29","74.496.129,00","84.751,00","879,00","Vereinigte Staaten","New York Stock Exchange Inc.","USD"
"CAT","CATERPILLAR INC","Industrie","Aktien","73.971.838,75","0,29","73.971.838,75","129.125,00","572,87","Vereinigte Staaten","New York Stock Exchange Inc.","USD"
"NESN","NESTLE SA","Nichtzyklische Konsumgüter","Aktien","72.389.018,95","0,28","72.389.018,95","728.349,00","99,39","Schweiz","SIX Swiss Exchange","CHF"
"MRK","MERCK & CO INC","Gesundheitsversorgung","Aktien","72.177.518,82","0,28","72.177.518,82","685.707,00","105,26","Vereinigte Staaten","New York Stock Exchange Inc.","USD"
"SAP","SAP","IT","Aktien","71.449.955,81","0,28","71.449.955,81","291.994,00","244,70","Deutschland","Xetra","EUR"
"CRM","SALESFORCE INC","IT","Aktien","69.553.180,14","0,27","69.553.180,14","262.554,00","264,91","Vereinigte Staaten","New York Stock Exchange Inc.","USD"
"PM","PHILIP MORRIS INTERNATIONAL INC","Nichtzyklische Konsumgüter","Aktien","68.290.781,20","0,26","68.290.781,20","425.753,00","160,40","Vereinigte Staaten","New York Stock Exchange Inc.","USD"
"RTX","RTX CORP","Industrie","Aktien","67.700.276,00","0,26","67.700.276,00","369.140,00","183,40","Vereinigte Staaten","New York Stock Exchange Inc.","USD"
"000660","SK HYNIX INC","IT","Aktien","67.387.572,11","0,26","67.387.572,11","149.117,00","451,91","Korea","Korea Exchange (Stock Market)","KRW"
"RY","ROYAL BANK OF CANADA","Financials","Aktien","65.018.066,85","0,25","65.018.066,85","380.886,00","170,70","Kanada","Toronto Stock Exchange","CAD"
"SHEL","SHELL PLC","Energie","Aktien","62.020.118,57","0,24","62.020.118,57","1.682.843,00","36,85","Vereinigtes Königreich","London Stock Exchange","GBP"
"LRCX","LAM RESEARCH CORP","IT","Aktien","60.885.815,94","0,24","60.885.815,94","355.683,00","171,18","Vereinigte Staaten","NASDAQ","USD"
"TMO","THERMO FISHER SCIENTIFIC INC","Gesundheitsversorgung","Aktien","60.401.868,00","0,23","60.401.868,00","104.240,00","579,45","Vereinigte Staaten","New York Stock Exchange Inc.","USD"
"ABT","ABBOTT LABORATORIES","Gesundheitsversorgung","Aktien","60.238.805,55","0,23","60.238.805,55","480.795,00","125,29","Vereinigte Staaten","New York Stock Exchange Inc.","USD"
"MCD","MCDONALDS CORP","Zyklische Konsumgüter ","Aktien","60.211.249,41","0,23","60.211.249,41","197.007,00","305,63","Vereinigte Staaten","New York Stock Exchange Inc.","USD"
"MS","MORGAN STANLEY","Financials","Aktien","59.416.272,99","0,23","59.416.272,99","334.683,00","177,53","Vereinigte Staaten","New York Stock Exchange Inc.","USD"
"SIE","SIEMENS N AG","Industrie","Aktien","59.343.839,13","0,23","59.343.839,13","211.286,00","280,87","Deutschland","Xetra","EUR"
"C","CITIGROUP INC","Financials","Aktien","59.043.389,65","0,23","59.043.389,65","505.985,00","116,69","Vereinigte Staaten","New York Stock Exchange Inc.","USD"
"AXP","AMERICAN EXPRESS","Financials","Aktien","58.429.903,00","0,23","58.429.903,00","157.940,00","369,95","Vereinigte Staaten","New York Stock Exchange Inc.","USD"
"DIS","WALT DISNEY","Kommunikation","Aktien","56.837.330,37","0,22","56.837.330,37","499.581,00","113,77","Vereinigte Staaten","New York Stock Exchange Inc.","USD"
"AMAT","APPLIED MATERIAL INC","IT","Aktien","56.789.393,21","0,22","56.789.393,21","220.979,00","256,99","Vereinigte Staaten","NASDAQ","USD"
"LIN","LINDE PLC","Materialien","Aktien","56.022.102,93","0,22","56.022.102,93","131.387,00","426,39","Vereinigte Staaten","NASDAQ","USD"
"ISRG","INTUITIVE SURGICAL INC","Gesundheitsversorgung","Aktien","56.013.004,00","0,22","56.013.004,00","98.900,00","566,36","Vereinigte Staaten","NASDAQ","USD"
"7203","TOYOTA MOTOR CORP","Zyklische Konsumgüter ","Aktien","55.922.271,20","0,22","55.922.271,20","2.611.900,00","21,41","Japan","Tokyo Stock Exchange","JPY"
"MC","LVMH","Zyklische Konsumgüter ","Aktien","54.580.849,05","0,21","54.580.849,05","72.052,00","757,52","Frankreich","Nyse Euronext - Euronext Paris","EUR"
"SHOP","SHOPIFY SUBORDINATE VOTING INC CLA","IT","Aktien","53.469.988,69","0,21","53.469.988,69","331.647,00","161,23","Kanada","Toronto Stock Exchange","CAD"
"PEP","PEPSICO INC","Nichtzyklische Konsumgüter","Aktien","53.212.479,84","0,21","53.212.479,84","370.767,00","143,52","Vereinigte Staaten","NASDAQ","USD"
"INTU","INTUIT INC","IT","Aktien","51.864.836,32","0,20","51.864.836,32","78.296,00","662,42","Vereinigte Staaten","NASDAQ","USD"
"CBA","COMMONWEALTH BANK OF AUSTRALIA","Financials","Aktien","51.209.575,28","0,20","51.209.575,28","478.254,00","107,08","Australien","Asx - All Markets","AUD"
"ICSUAGD","BLK ICS USD LIQ AGENCY DIS","Cash und/oder Derivate","Money Market","50.306.061,04","0,19","50.306.061,04","50.306.061,00","1,00","Irland","-","USD"
"8306","MITSUBISHI UFJ FINANCIAL GROUP INC","Financials","Aktien","50.143.105,68","0,19","50.143.105,68","3.152.700,00","15,90","Japan","Tokyo Stock Exchange","JPY"
"QCOM","QUALCOMM INC","IT","Aktien","49.934.797,55","0,19","49.934.797,55","291.931,00","171,05","Vereinigte Staaten","NASDAQ","USD"
"SAN","BANCO SANTANDER SA","Financials","Aktien","49.864.076,69","0,19","49.864.076,69","4.216.225,00","11,83","Spanien","Bolsa De Madrid","EUR"
"GEV","GE VERNOVA INC","Industrie","Aktien","48.973.960,81","0,19","48.973.960,81","74.933,00","653,57","Vereinigte Staaten","New York Stock Exchange Inc.","USD"
"TJX","TJX INC","Zyklische Konsumgüter ","Aktien","48.393.601,62","0,19","48.393.601,62","315.042,00","153,61","Vereinigte Staaten","New York Stock Exchange Inc.","USD"
"BKNG","BOOKING HOLDINGS INC","Zyklische Konsumgüter ","Aktien","48.305.076,60","0,19","48.305.076,60","9.020,00","5.355,33","Vereinigte Staaten","NASDAQ","USD"
"T","AT&T INC","Kommunikation","Aktien","48.014.453,16","0,19","48.014.453,16","1.932.949,00","24,84","Vereinigte Staaten","New York Stock Exchange Inc.","USD"
"SCHW","CHARLES SCHWAB CORP","Financials","Aktien","47.641.084,40","0,18","47.641.084,40","476.840,00","99,91","Vereinigte Staaten","New York Stock Exchange Inc.","USD"
"AMGN","AMGEN INC","Gesundheitsversorgung","Aktien","47.398.415,72","0,18","47.398.415,72","144.812,00","327,31","Vereinigte Staaten","NASDAQ","USD"
"ALV","ALLIANZ","Financials","Aktien","46.945.998,00","0,18","46.945.998,00","102.363,00","458,62","Deutschland","Xetra","EUR"
"BA","BOEING","Industrie","Aktien","46.856.884,32","0,18","46.856.884,32","215.811,00","217,12","Vereinigte Staaten","New York Stock Exchange Inc.","USD"
"TD","TORONTO DOMINION","Financials","Aktien","46.081.415,23","0,18","46.081.415,23","488.297,00","94,37","Kanada","Toronto Stock Exchange","CAD"
"SPGI","S&P GLOBAL INC","Financials","Aktien","46.032.340,15","0,18","46.032.340,15","88.085,00","522,59","Vereinigte Staaten","New York Stock Exchange Inc.","USD"
"KLAC","KLA CORP","IT","Aktien","46.023.585,16","0,18","46.023.585,16","37.877,00","1.215,08","Vereinigte Staaten","NASDAQ","USD"
"NEE","NEXTERA ENERGY INC","Versorger","Aktien","45.968.568,84","0,18","45.968.568,84","572.603,00","80,28","Vereinigte Staaten","New York Stock Exchange Inc.","USD"
"VZ","VERIZON COMMUNICATIONS INC","Kommunikation","Aktien","45.888.169,39","0,18","45.888.169,39","1.126.643,00","40,73","Vereinigte Staaten","New York Stock Exchange Inc.","USD"
"INTC","INTEL CORPORATION CORP","IT","Aktien","45.819.689,40","0,18","45.819.689,40","1.241.726,00","36,90","Vereinigte Staaten","NASDAQ","USD"
"ACN","ACCENTURE PLC CLASS A","IT","Aktien","45.277.234,80","0,17","45.277.234,80","168.756,00","268,30","Vereinigte Staaten","New York Stock Exchange Inc.","USD"
"NOVO B","NOVO NORDISK CLASS B","Gesundheitsversorgung","Aktien","45.218.526,17","0,17","45.218.526,17","884.156,00","51,14","Dänemark","Omx Nordic Exchange Copenhagen A/S","DKK"
"APH","AMPHENOL CORP CLASS A","IT","Aktien","44.764.314,16","0,17","44.764.314,16","331.244,00","135,14","Vereinigte Staaten","New York Stock Exchange Inc.","USD"
"COF","CAPITAL ONE FINANCIAL CORP","Financials","Aktien","44.721.963,72","0,17","44.721.963,72","184.527,00","242,36","Vereinigte Staaten","New York Stock Exchange Inc.","USD"
"UBER","UBER TECHNOLOGIES INC","Industrie","Aktien","44.606.224,39","0,17","44.606.224,39","545.909,00","81,71","Vereinigte Staaten","New York Stock Exchange Inc.","USD"
"NOW","SERVICENOW INC","IT","Aktien","43.995.708,43","0,17","43.995.708,43","287.197,00","153,19","Vereinigte Staaten","New York Stock Exchange Inc.","USD"
"TXN","TEXAS INSTRUMENT INC","IT","Aktien","43.897.480,74","0,17","43.897.480,74","253.026,00","173,49","Vereinigte Staaten","NASDAQ","USD"
"APP","APPLOVIN CORP CLASS A","IT","Aktien","43.804.364,38","0,17","43.804.364,38","65.009,00","673,82","Vereinigte Staaten","NASDAQ","USD"
"BLK","BLACKROCK INC","Financials","Aktien","43.520.024,40","0,17","43.520.024,40","40.660,00","1.070,34","Vereinigte Staaten","New York Stock Exchange Inc.","USD"
"6758","SONY GROUP CORP","Zyklische Konsumgüter ","Aktien","43.414.376,22","0,17","43.414.376,22","1.691.100,00","25,67","Japan","Tokyo Stock Exchange","JPY"
"USD","USD CASH","Cash und/oder Derivate","Geldmarkt","42.620.732,96","0,16","42.620.732,96","42.620.733,00","100,00","Vereinigte Staaten","-","USD"
"BHP","BHP GROUP LTD","Materialien","Aktien","42.253.569,88","0,16","42.253.569,88","1.392.898,00","30,33","Australien","Asx - All Markets","AUD"
"GILD","GILEAD SCIENCES INC","Gesundheitsversorgung","Aktien","42.047.164,54","0,16","42.047.164,54","342.571,00","122,74","Vereinigte Staaten","NASDAQ","USD"
"UBSG","UBS GROUP AG","Financials","Aktien","41.851.829,20","0,16","41.851.829,20","897.108,00","46,65","Schweiz","SIX Swiss Exchange","CHF"
"SU","SCHNEIDER ELECTRIC","Industrie","Aktien","40.834.679,07","0,16","40.834.679,07","148.017,00","275,88","Frankreich","Nyse Euronext - Euronext Paris","EUR"
"ADBE","ADOBE INC","IT","Aktien","40.407.395,47","0,16","40.407.395,47","115.453,00","349,99","Vereinigte Staaten","NASDAQ","USD"
"DHR","DANAHER CORP","Gesundheitsversorgung","Aktien","40.238.413,00","0,16","40.238.413,00","175.775,00","228,92","Vereinigte Staaten","New York Stock Exchange Inc.","USD"
"BBVA","BANCO BILBAO VIZCAYA ARGENTARIA SA","Financials","Aktien","39.920.430,41","0,15","39.920.430,41","1.695.299,00","23,55","Spanien","Bolsa De Madrid","EUR"
"ULVR","UNILEVER PLC","Nichtzyklische Konsumgüter","Aktien","39.842.424,94","0,15","39.842.424,94","609.559,00","65,36","Vereinigtes Königreich","London Stock Exchange","GBP"
"IBE","IBERDROLA SA","Versorger","Aktien","39.826.047,69","0,15","39.826.047,69","1.836.468,00","21,69","Spanien","Bolsa De Madrid","EUR"
"ANET","ARISTA NETWORKS INC","IT","Aktien","39.590.714,50","0,15","39.590.714,50","302.150,00","131,03","Vereinigte Staaten","New York Stock Exchange Inc.","USD"
"6501","HITACHI LTD","Industrie","Aktien","39.489.332,36","0,15","39.489.332,36","1.262.700,00","31,27","Japan","Tokyo Stock Exchange","JPY"
"BSX","BOSTON SCIENTIFIC CORP","Gesundheitsversorgung","Aktien","38.654.699,30","0,15","38.654.699,30","405.398,00","95,35","Vereinigte Staaten","New York Stock Exchange Inc.","USD"
"RR.","ROLLS-ROYCE HOLDINGS PLC","Industrie","Aktien","38.588.748,09","0,15","38.588.748,09","2.494.735,00","15,47","Vereinigtes Königreich","London Stock Exchange","GBP"
"TTE","TOTALENERGIES","Energie","Aktien","38.297.750,45","0,15","38.297.750,45","586.600,00","65,29","Frankreich","Nyse Euronext - Euronext Paris","EUR"
"ADI","ANALOG DEVICES INC","IT","Aktien","37.652.323,20","0,15","37.652.323,20","138.836,00","271,20","Vereinigte Staaten","NASDAQ","USD"
"PFE","PFIZER INC","Gesundheitsversorgung","Aktien","37.623.128,10","0,15","37.623.128,10","1.510.969,00","24,90","Vereinigte Staaten","New York Stock Exchange Inc.","USD"
"LOW","LOWES COMPANIES INC","Zyklische Konsumgüter ","Aktien","37.454.318,44","0,14","37.454.318,44","155.309,00","241,16","Vereinigte Staaten","New York Stock Exchange Inc.","USD"
"UNP","UNION PACIFIC CORP","Industrie","Aktien","37.175.668,52","0,14","37.175.668,52","160.711,00","231,32","Vereinigte Staaten","New York Stock Exchange Inc.","USD"
"AIR","AIRBUS GROUP","Industrie","Aktien","36.722.281,68","0,14","36.722.281,68","157.599,00","233,01","Frankreich","Nyse Euronext - Euronext Paris","EUR"
"PGR","PROGRESSIVE CORP","Financials","Aktien","36.402.863,76","0,14","36.402.863,76","159.858,00","227,72","Vereinigte Staaten","New York Stock Exchange Inc.","USD"
"SAF","SAFRAN SA","Industrie","Aktien","34.955.037,67","0,14","34.955.037,67","100.077,00","349,28","Frankreich","Nyse Euronext - Euronext Paris","EUR"
"WELL","WELLTOWER INC","Immobilien","Aktien","34.807.443,30","0,13","34.807.443,30","187.530,00","185,61","Vereinigte Staaten","New York Stock Exchange Inc.","USD"
"HON","HONEYWELL INTERNATIONAL INC","Industrie","Aktien","34.746.504,45","0,13","34.746.504,45","178.105,00","195,09","Vereinigte Staaten","NASDAQ","USD"
"PANW","PALO ALTO NETWORKS INC","IT","Aktien","34.172.784,00","0,13","34.172.784,00","185.520,00","184,20","Vereinigte Staaten","NASDAQ","USD"
"ETN","EATON PLC","Industrie","Aktien","34.166.249,19","0,13","34.166.249,19","107.269,00","318,51","Vereinigte Staaten","New York Stock Exchange Inc.","USD"
"CB","CHUBB LTD","Financials","Aktien","33.908.092,56","0,13","33.908.092,56","108.638,00","312,12","Vereinigte Staaten","New York Stock Exchange Inc.","USD"
"COP","CONOCOPHILLIPS","Energie","Aktien","33.557.687,24","0,13","33.557.687,24","358.484,00","93,61","Vereinigte Staaten","New York Stock Exchange Inc.","USD"
"PLD","PROLOGIS REIT INC","Immobilien","Aktien","33.362.536,74","0,13","33.362.536,74","261.339,00","127,66","Vereinigte Staaten","New York Stock Exchange Inc.","USD"
"UCG","UNICREDIT","Financials","Aktien","33.310.300,82","0,13","33.310.300,82","399.922,00","83,29","Italien","Borsa Italiana","EUR"
"DE","DEERE","Industrie","Aktien","33.218.419,50","0,13","33.218.419,50","71.350,00","465,57","Vereinigte Staaten","New York Stock Exchange Inc.","USD"
"8316","SUMITOMO MITSUI FINANCIAL GROUP IN","Financials","Aktien","33.215.380,39","0,13","33.215.380,39","1.032.800,00","32,16","Japan","Tokyo Stock Exchange","JPY"
"MDT","MEDTRONIC PLC","Gesundheitsversorgung","Aktien","33.192.092,10","0,13","33.192.092,10","345.535,00","96,06","Vereinigte Staaten","New York Stock Exchange Inc.","USD"
"SYK","STRYKER CORP","Gesundheitsversorgung","Aktien","32.974.563,93","0,13","32.974.563,93","93.819,00","351,47","Vereinigte Staaten","New York Stock Exchange Inc.","USD"
"ABBN","ABB LTD","Industrie","Aktien","32.727.786,30","0,13","32.727.786,30","437.835,00","74,75","Schweiz","SIX Swiss Exchange","CHF"
"VRTX","VERTEX PHARMACEUTICALS INC","Gesundheitsversorgung","Aktien","32.557.141,68","0,13","32.557.141,68","71.813,00","453,36","Vereinigte Staaten","NASDAQ","USD"
"BX","BLACKSTONE INC","Financials","Aktien","31.975.880,58","0,12","31.975.880,58","207.447,00","154,14","Vereinigte Staaten","New York Stock Exchange Inc.","USD"
"CRWD","CROWDSTRIKE HOLDINGS INC CLASS A","IT","Aktien","31.938.493,84","0,12","31.938.493,84","68.134,00","468,76","Vereinigte Staaten","NASDAQ","USD"
"BATS","BRITISH AMERICAN TOBACCO","Nichtzyklische Konsumgüter","Aktien","31.924.445,72","0,12","31.924.445,72","563.236,00","56,68","Vereinigtes Königreich","London Stock Exchange","GBP"
"CFR","COMPAGNIE FINANCIERE RICHEMONT SA","Zyklische Konsumgüter ","Aktien","31.900.426,25","0,12","31.900.426,25","146.894,00","217,17","Schweiz","SIX Swiss Exchange","CHF"
"DTE","DEUTSCHE TELEKOM N AG","Kommunikation","Aktien","31.648.206,12","0,12","31.648.206,12","974.232,00","32,49","Deutschland","Xetra","EUR"
"1299","AIA GROUP LTD","Financials","Aktien","31.284.542,94","0,12","31.284.542,94","3.047.600,00","10,27","Hongkong","Hong Kong Exchanges And Clearing Ltd","HKD"
"CMCSA","COMCAST CORP CLASS A","Kommunikation","Aktien","31.235.199,45","0,12","31.235.199,45","1.045.005,00","29,89","Vereinigte Staaten","NASDAQ","USD"
"ENR","SIEMENS ENERGY N AG","Industrie","Aktien","30.862.789,02","0,12","30.862.789,02","218.260,00","141,40","Deutschland","Xetra","EUR"
"BMY","BRISTOL MYERS SQUIBB","Gesundheitsversorgung","Aktien","30.625.837,44","0,12","30.625.837,44","567.776,00","53,94","Vereinigte Staaten","New York Stock Exchange Inc.","USD"
"CEG","CONSTELLATION ENERGY CORP","Versorger","Aktien","30.540.191,50","0,12","30.540.191,50","86.450,00","353,27","Vereinigte Staaten","NASDAQ","USD"
"NEM","NEWMONT","Materialien","Aktien","30.376.766,40","0,12","30.376.766,40","304.224,00","99,85","Vereinigte Staaten","New York Stock Exchange Inc.","USD"
"ZURN","ZURICH INSURANCE GROUP AG","Financials","Aktien","30.181.532,85","0,12","30.181.532,85","39.733,00","759,61","Schweiz","SIX Swiss Exchange","CHF"
"PH","PARKER-HANNIFIN CORP","Industrie","Aktien","29.647.320,80","0,11","29.647.320,80","33.730,00","878,96","Vereinigte Staaten","New York Stock Exchange Inc.","USD"
"9984","SOFTBANK GROUP CORP","Kommunikation","Aktien","29.401.639,61","0,11","29.401.639,61","1.047.400,00","28,07","Japan","Tokyo Stock Exchange","JPY"
"SAN","SANOFI SA","Gesundheitsversorgung","Aktien","29.248.519,34","0,11","29.248.519,34","301.064,00","97,15","Frankreich","Nyse Euronext - Euronext Paris","EUR"
"MCK","MCKESSON CORP","Gesundheitsversorgung","Aktien","29.241.697,92","0,11","29.241.697,92","35.648,00","820,29","Vereinigte Staaten","New York Stock Exchange Inc.","USD"
"ENB","ENBRIDGE INC","Energie","Aktien","29.155.834,75","0,11","29.155.834,75","608.486,00","47,92","Kanada","Toronto Stock Exchange","CAD"
"ADP","AUTOMATIC DATA PROCESSING INC","Industrie","Aktien","28.842.428,21","0,11","28.842.428,21","112.127,00","257,23","Vereinigte Staaten","NASDAQ","USD"
"LMT","LOCKHEED MARTIN CORP","Industrie","Aktien","28.733.383,69","0,11","28.733.383,69","59.407,00","483,67","Vereinigte Staaten","New York Stock Exchange Inc.","USD"
"939","CHINA CONSTRUCTION BANK CORP H","Financials","Aktien","28.615.079,33","0,11","28.615.079,33","28.963.000,00","0,99","China","Hong Kong Exchanges And Clearing Ltd","HKD"
"2317","HON HAI PRECISION INDUSTRY LTD","IT","Aktien","28.271.086,71","0,11","28.271.086,71","3.853.760,00","7,34","Taiwan","Taiwan Stock Exchange","TWD"
"TMUS","T MOBILE US INC","Kommunikation","Aktien","28.223.575,20","0,11","28.223.575,20","139.005,00","203,04","Vereinigte Staaten","NASDAQ","USD"
"OR","LOREAL SA","Nichtzyklische Konsumgüter","Aktien","28.109.537,87","0,11","28.109.537,87","65.287,00","430,55","Frankreich","Nyse Euronext - Euronext Paris","EUR"
"8035","TOKYO ELECTRON LTD","IT","Aktien","27.872.889,09","0,11","27.872.889,09","127.300,00","218,95","Japan","Tokyo Stock Exchange","JPY"
"MO","ALTRIA GROUP INC","Nichtzyklische Konsumgüter","Aktien","27.761.848,50","0,11","27.761.848,50","481.475,00","57,66","Vereinigte Staaten","New York Stock Exchange Inc.","USD"
"AI","LAIR LIQUIDE SOCIETE ANONYME POUR","Materialien","Aktien","27.642.542,14","0,11","27.642.542,14","146.865,00","188,22","Frankreich","Nyse Euronext - Euronext Paris","EUR"
"BN","BROOKFIELD CORP CLASS A","Financials","Aktien","27.443.526,17","0,11","27.443.526,17","596.925,00","45,97","Kanada","Toronto Stock Exchange","CAD"
"CVS","CVS HEALTH CORP","Gesundheitsversorgung","Aktien","27.431.180,80","0,11","27.431.180,80","345.655,00","79,36","Vereinigte Staaten","New York Stock Exchange Inc.","USD"
"GSK","GLAXOSMITHKLINE","Gesundheitsversorgung","Aktien","27.151.637,94","0,10","27.151.637,94","1.106.404,00","24,54","Vereinigtes Königreich","London Stock Exchange","GBP"
"6857","ADVANTEST CORP","IT","Aktien","26.732.010,59","0,10","26.732.010,59","213.400,00","125,27","Japan","Tokyo Stock Exchange","JPY"
"BNP","BNP PARIBAS SA","Financials","Aktien","26.367.643,02","0,10","26.367.643,02","277.894,00","94,88","Frankreich","Nyse Euronext - Euronext Paris","EUR"
"SBUX","STARBUCKS CORP","Zyklische Konsumgüter ","Aktien","26.326.235,46","0,10","26.326.235,46","312.626,00","84,21","Vereinigte Staaten","NASDAQ","USD"
"CME","CME GROUP INC CLASS A","Financials","Aktien","26.165.160,20","0,10","26.165.160,20","95.815,00","273,08","Vereinigte Staaten","NASDAQ","USD"
"SO","SOUTHERN","Versorger","Aktien","25.843.551,20","0,10","25.843.551,20","296.371,00","87,20","Vereinigte Staaten","New York Stock Exchange Inc.","USD"
"BMO","BANK OF MONTREAL","Financials","Aktien","25.791.016,23","0,10","25.791.016,23","198.334,00","130,04","Kanada","Toronto Stock Exchange","CAD"
"D05","DBS GROUP HOLDINGS LTD","Financials","Aktien","25.705.506,75","0,10","25.705.506,75","586.538,00","43,83","Singapur","Singapore Exchange","SGD"
"BARC","BARCLAYS PLC","Financials","Aktien","25.542.327,25","0,10","25.542.327,25","3.989.888,00","6,40","Vereinigtes Königreich","London Stock Exchange","GBP"
"ISP","INTESA SANPAOLO","Financials","Aktien","25.353.701,56","0,10","25.353.701,56","3.645.959,00","6,95","Italien","Borsa Italiana","EUR"
"DUK","DUKE ENERGY CORP","Versorger","Aktien","25.208.237,49","0,10","25.208.237,49","215.069,00","117,21","Vereinigte Staaten","New York Stock Exchange Inc.","USD"
"EL","ESSILORLUXOTTICA SA","Gesundheitsversorgung","Aktien","25.144.126,19","0,10","25.144.126,19","79.323,00","316,98","Frankreich","Nyse Euronext - Euronext Paris","EUR"
"RIO","RIO TINTO PLC","Materialien","Aktien","25.142.869,54","0,10","25.142.869,54","311.860,00","80,62","Vereinigtes Königreich","London Stock Exchange","GBP"
"AEM","AGNICO EAGLE MINES LTD","Materialien","Aktien","25.115.326,15","0,10","25.115.326,15","147.907,00","169,80","Kanada","Toronto Stock Exchange","CAD"
"SPOT","SPOTIFY TECHNOLOGY SA","Kommunikation","Aktien","24.995.500,53","0,10","24.995.500,53","43.043,00","580,71","Schweden","New York Stock Exchange Inc.","USD"
"CM","CANADIAN IMPERIAL BANK OF COMMERCE","Financials","Aktien","24.728.142,06","0,10","24.728.142,06","272.411,00","90,78","Kanada","Toronto Stock Exchange","CAD"
"WM","WASTE MANAGEMENT INC","Industrie","Aktien","24.611.035,36","0,10","24.611.035,36","112.016,00","219,71","Vereinigte Staaten","New York Stock Exchange Inc.","USD"
"8411","MIZUHO FINANCIAL GROUP INC","Financials","Aktien","24.572.347,44","0,09","24.572.347,44","675.718,00","36,36","Japan","Tokyo Stock Exchange","JPY"
"BP.","BP PLC","Energie","Aktien","24.567.448,36","0,09","24.567.448,36","4.220.213,00","5,82","Vereinigtes Königreich","London Stock Exchange","GBP"
"CS","AXA SA","Financials","Aktien","24.521.956,77","0,09","24.521.956,77","509.754,00","48,11","Frankreich","Nyse Euronext - Euronext Paris","EUR"
"BNS","BANK OF NOVA SCOTIA","Financials","Aktien","24.444.967,97","0,09","24.444.967,97","331.008,00","73,85","Kanada","Toronto Stock Exchange","CAD"
"MMC","MARSH & MCLENNAN INC","Financials","Aktien","24.414.803,04","0,09","24.414.803,04","131.602,00","185,52","Vereinigte Staaten","New York Stock Exchange Inc.","USD"
"MMM","3M","Industrie","Aktien","24.409.966,70","0,09","24.409.966,70","152.467,00","160,10","Vereinigte Staaten","New York Stock Exchange Inc.","USD"
"MELI","MERCADOLIBRE INC","Zyklische Konsumgüter ","Aktien","24.372.546,00","0,09","24.372.546,00","12.100,00","2.014,26","Vereinigte Staaten","NASDAQ","USD"
"ICE","INTERCONTINENTAL EXCHANGE INC","Financials","Aktien","24.369.635,32","0,09","24.369.635,32","150.467,00","161,96","Vereinigte Staaten","New York Stock Exchange Inc.","USD"
"TT","TRANE TECHNOLOGIES PLC","Industrie","Aktien","24.247.549,20","0,09","24.247.549,20","62.301,00","389,20","Vereinigte Staaten","New York Stock Exchange Inc.","USD"
"BK","BANK OF NEW YORK MELLON CORP","Financials","Aktien","24.157.980,73","0,09","24.157.980,73","208.097,00","116,09","Vereinigte Staaten","New York Stock Exchange Inc.","USD"
"CDNS","CADENCE DESIGN SYSTEMS INC","IT","Aktien","24.111.483,46","0,09","24.111.483,46","77.137,00","312,58","Vereinigte Staaten","NASDAQ","USD"
"HOOD","ROBINHOOD MARKETS INC CLASS A","Financials","Aktien","23.967.134,10","0,09","23.967.134,10","211.911,00","113,10","Vereinigte Staaten","NASDAQ","USD"
"INGA","ING GROEP NV","Financials","Aktien","23.861.326,37","0,09","23.861.326,37","846.190,00","28,20","Niederlande","Euronext Amsterdam","EUR"
"SNPS","SYNOPSYS INC","IT","Aktien","23.851.911,88","0,09","23.851.911,88","50.779,00","469,72","Vereinigte Staaten","NASDAQ","USD"
"MUV2","MUENCHENER RUECKVERSICHERUNGS-GESE","Financials","Aktien","23.757.383,20","0,09","23.757.383,20","35.981,00","660,28","Deutschland","Xetra","EUR"
"MCO","MOODYS CORP","Financials","Aktien","23.621.193,15","0,09","23.621.193,15","46.239,00","510,85","Vereinigte Staaten","New York Stock Exchange Inc.","USD"
"1810","XIAOMI CORP","IT","Aktien","23.377.529,39","0,09","23.377.529,39","4.630.000,00","5,05","China","Hong Kong Exchanges And Clearing Ltd","HKD"
"ENEL","ENEL","Versorger","Aktien","23.367.506,34","0,09","23.367.506,34","2.241.360,00","10,43","Italien","Borsa Italiana","EUR"
"LLOY","LLOYDS BANKING GROUP PLC","Financials","Aktien","23.223.769,75","0,09","23.223.769,75","17.575.429,00","1,32","Vereinigtes Königreich","London Stock Exchange","GBP"
"DASH","DOORDASH INC CLASS A","Zyklische Konsumgüter ","Aktien","23.181.813,36","0,09","23.181.813,36","102.357,00","226,48","Vereinigte Staaten","NASDAQ","USD"
"CRH","CRH PUBLIC LIMITED PLC","Materialien","Aktien","23.141.414,40","0,09","23.141.414,40","185.428,00","124,80","Vereinigte Staaten","New York Stock Exchange Inc.","USD"
"USB","US BANCORP","Financials","Aktien","23.005.096,80","0,09","23.005.096,80","431.130,00","53,36","Vereinigte Staaten","New York Stock Exchange Inc.","USD"
"PNC","PNC FINANCIAL SERVICES GROUP INC","Financials","Aktien","22.945.480,17","0,09","22.945.480,17","109.929,00","208,73","Vereinigte Staaten","New York Stock Exchange Inc.","USD"
"RHM","RHEINMETALL AG","Industrie","Aktien","22.932.955,47","0,09","22.932.955,47","12.509,00","1.833,32","Deutschland","Xetra","EUR"
"NAB","NATIONAL AUSTRALIA BANK LTD","Financials","Aktien","22.877.467,79","0,09","22.877.467,79","810.843,00","28,21","Australien","Asx - All Markets","AUD"
"AMT","AMERICAN TOWER REIT CORP","Immobilien","Aktien","22.858.862,86","0,09","22.858.862,86","130.198,00","175,57","Vereinigte Staaten","New York Stock Exchange Inc.","USD"
"HCA","HCA HEALTHCARE INC","Gesundheitsversorgung","Aktien","22.753.355,82","0,09","22.753.355,82","48.737,00","466,86","Vereinigte Staaten","New York Stock Exchange Inc.","USD"
"ORLY","OREILLY AUTOMOTIVE INC","Zyklische Konsumgüter ","Aktien","22.745.311,33","0,09","22.745.311,33","249.373,00","91,21","Vereinigte Staaten","NASDAQ","USD"
"WBC","WESTPAC BANKING CORPORATION CORP","Financials","Aktien","22.667.905,96","0,09","22.667.905,96","880.635,00","25,74","Australien","Asx - All Markets","AUD"
"PRX","PROSUS NV CLASS N","Zyklische Konsumgüter ","Aktien","22.539.674,15","0,09","22.539.674,15","363.135,00","62,07","Niederlande","Euronext Amsterdam","EUR"
"HWM","HOWMET AEROSPACE INC","Industrie","Aktien","22.374.242,64","0,09","22.374.242,64","109.132,00","205,02","Vereinigte Staaten","New York Stock Exchange Inc.","USD"
"REGN","REGENERON PHARMACEUTICALS INC","Gesundheitsversorgung","Aktien","22.365.705,12","0,09","22.365.705,12","28.976,00","771,87","Vereinigte Staaten","NASDAQ","USD"
"PDD","PDD HOLDINGS ADS INC","Zyklische Konsumgüter ","Aktien","21.777.343,23","0,08","21.777.343,23","192.057,00","113,39","China","NASDAQ","USD"
"8001","ITOCHU CORP","Industrie","Aktien","21.520.941,66","0,08","21.520.941,66","1.708.000,00","12,60","Japan","Tokyo Stock Exchange","JPY"
"CI","CIGNA","Gesundheitsversorgung","Aktien","21.506.747,43","0,08","21.506.747,43","78.141,00","275,23","Vereinigte Staaten","New York Stock Exchange Inc.","USD"
"6098","RECRUIT HOLDINGS LTD","Industrie","Aktien","21.487.466,27","0,08","21.487.466,27","380.700,00","56,44","Japan","Tokyo Stock Exchange","JPY"
"ELV","ELEVANCE HEALTH INC","Gesundheitsversorgung","Aktien","21.414.047,85","0,08","21.414.047,85","61.087,00","350,55","Vereinigte Staaten","New York Stock Exchange Inc.","USD"
"SHW","SHERWIN WILLIAMS","Materialien","Aktien","21.221.372,76","0,08","21.221.372,76","65.492,00","324,03","Vereinigte Staaten","New York Stock Exchange Inc.","USD"
"DBK","DEUTSCHE BANK AG","Financials","Aktien","21.190.830,57","0,08","21.190.830,57","544.947,00","38,89","Deutschland","Xetra","EUR"
"MAR","MARRIOTT INTERNATIONAL INC CLASS A","Zyklische Konsumgüter ","Aktien","21.187.220,32","0,08","21.187.220,32","68.293,00","310,24","Vereinigte Staaten","NASDAQ","USD"
"7011","MITSUBISHI HEAVY INDUSTRIES LTD","Industrie","Aktien","21.176.407,54","0,08","21.176.407,54","864.400,00","24,50","Japan","Tokyo Stock Exchange","JPY"
"NKE","NIKE INC CLASS B","Zyklische Konsumgüter ","Aktien","21.150.318,38","0,08","21.150.318,38","331.978,00","63,71","Vereinigte Staaten","New York Stock Exchange Inc.","USD"
"KKR","KKR AND CO INC","Financials","Aktien","21.094.115,60","0,08","21.094.115,60","165.470,00","127,48","Vereinigte Staaten","New York Stock Exchange Inc.","USD"
"EMR","EMERSON ELECTRIC","Industrie","Aktien","21.065.849,28","0,08","21.065.849,28","158.724,00","132,72","Vereinigte Staaten","New York Stock Exchange Inc.","USD"
"HLT","HILTON WORLDWIDE HOLDINGS INC","Zyklische Konsumgüter ","Aktien","21.066.053,25","0,08","21.066.053,25","73.337,00","287,25","Vereinigte Staaten","New York Stock Exchange Inc.","USD"
"WMB","WILLIAMS INC","Energie","Aktien","20.989.931,12","0,08","20.989.931,12","349.192,00","60,11","Vereinigte Staaten","New York Stock Exchange Inc.","USD"
"CNQ","CANADIAN NATURAL RESOURCES LTD","Energie","Aktien","20.976.410,10","0,08","20.976.410,10","618.486,00","33,92","Kanada","Toronto Stock Exchange","CAD"
"RMS","HERMES INTERNATIONAL","Zyklische Konsumgüter ","Aktien","20.767.360,11","0,08","20.767.360,11","8.333,00","2.492,19","Frankreich","Nyse Euronext - Euronext Paris","EUR"
"EQIX","EQUINIX REIT INC","Immobilien","Aktien","20.735.354,24","0,08","20.735.354,24","27.064,00","766,16","Vereinigte Staaten","NASDAQ","USD"
"GD","GENERAL DYNAMICS CORP","Industrie","Aktien","20.731.859,46","0,08","20.731.859,46","61.581,00","336,66","Vereinigte Staaten","New York Stock Exchange Inc.","USD"
"JCI","JOHNSON CONTROLS INTERNATIONAL PLC","Industrie","Aktien","20.724.653,50","0,08","20.724.653,50","173.066,00","119,75","Vereinigte Staaten","New York Stock Exchange Inc.","USD"
"8031","MITSUI LTD","Industrie","Aktien","20.705.330,31","0,08","20.705.330,31","699.000,00","29,62","Japan","Tokyo Stock Exchange","JPY"
"GLW","CORNING INC","IT","Aktien","20.706.013,68","0,08","20.706.013,68","236.478,00","87,56","Vereinigte Staaten","New York Stock Exchange Inc.","USD"
"REL","RELX PLC","Industrie","Aktien","20.576.806,79","0,08","20.576.806,79","506.562,00","40,62","Vereinigtes Königreich","London Stock Exchange","GBP"
"8058","MITSUBISHI CORP","Industrie","Aktien","20.441.423,97","0,08","20.441.423,97","893.500,00","22,88","Japan","Tokyo Stock Exchange","JPY"
"NOC","NORTHROP GRUMMAN CORP","Industrie","Aktien","20.333.688,60","0,08","20.333.688,60","35.660,00","570,21","Vereinigte Staaten","New York Stock Exchange Inc.","USD"
"CSX","CSX CORP","Industrie","Aktien","20.112.986,25","0,08","20.112.986,25","554.841,00","36,25","Vereinigte Staaten","NASDAQ","USD"
"NG.","NATIONAL GRID PLC","Versorger","Aktien","20.099.035,83","0,08","20.099.035,83","1.309.064,00","15,35","Vereinigtes Königreich","London Stock Exchange","GBP"
"DG","VINCI SA","Industrie","Aktien","20.038.026,71","0,08","20.038.026,71","142.121,00","140,99","Frankreich","Nyse Euronext - Euronext Paris","EUR"
"MRVL","MARVELL TECHNOLOGY INC","IT","Aktien","20.015.764,30","0,08","20.015.764,30","235.535,00","84,98","Vereinigte Staaten","NASDAQ","USD"
"FCX","FREEPORT MCMORAN INC","Materialien","Aktien","19.905.312,06","0,08","19.905.312,06","391.914,00","50,79","Vereinigte Staaten","New York Stock Exchange Inc.","USD"
"AON","AON PLC CLASS A","Financials","Aktien","19.822.328,24","0,08","19.822.328,24","56.173,00","352,88","Vereinigte Staaten","New York Stock Exchange Inc.","USD"
"ABX","BARRICK MINING CORP","Materialien","Aktien","19.808.231,81","0,08","19.808.231,81","454.125,00","43,62","Kanada","Toronto Stock Exchange","CAD"
"UPS","UNITED PARCEL SERVICE INC CLASS B","Industrie","Aktien","19.768.963,76","0,08","19.768.963,76","199.304,00","99,19","Vereinigte Staaten","New York Stock Exchange Inc.","USD"
"MDLZ","MONDELEZ INTERNATIONAL INC CLASS A","Nichtzyklische Konsumgüter","Aktien","19.761.046,83","0,08","19.761.046,83","367.101,00","53,83","Vereinigte Staaten","NASDAQ","USD"
"RCL","ROYAL CARIBBEAN GROUP LTD","Zyklische Konsumgüter ","Aktien","19.620.069,56","0,08","19.620.069,56","70.343,00","278,92","Vereinigte Staaten","New York Stock Exchange Inc.","USD"
"7974","NINTENDO LTD","Kommunikation","Aktien","19.561.663,85","0,08","19.561.663,85","289.400,00","67,59","Japan","Tokyo Stock Exchange","JPY"
"SNOW","SNOWFLAKE INC","IT","Aktien","19.509.000,96","0,08","19.509.000,96","88.936,00","219,36","Vereinigte Staaten","New York Stock Exchange Inc.","USD"
"NWG","NATWEST GROUP PLC","Financials","Aktien","19.480.888,56","0,08","19.480.888,56","2.222.061,00","8,77","Vereinigtes Königreich","London Stock Exchange","GBP"
"ITX","INDUSTRIA DE DISENO TEXTIL SA","Zyklische Konsumgüter ","Aktien","19.472.533,19","0,08","19.472.533,19","294.287,00","66,17","Spanien","Bolsa De Madrid","EUR"
"ITW","ILLINOIS TOOL INC","Industrie","Aktien","19.391.937,90","0,07","19.391.937,90","78.733,00","246,30","Vereinigte Staaten","New York Stock Exchange Inc.","USD"
"BA.","BAE SYSTEMS PLC","Industrie","Aktien","19.384.004,37","0,07","19.384.004,37","840.803,00","23,05","Vereinigtes Königreich","London Stock Exchange","GBP"
"6861","KEYENCE CORP","IT","Aktien","19.382.104,69","0,07","19.382.104,69","53.600,00","361,61","Japan","Tokyo Stock Exchange","JPY"
"GM","GENERAL MOTORS","Zyklische Konsumgüter ","Aktien","19.357.250,16","0,07","19.357.250,16","238.038,00","81,32","Vereinigte Staaten","New York Stock Exchange Inc.","USD"
"TDG","TRANSDIGM GROUP INC","Industrie","Aktien","19.185.745,95","0,07","19.185.745,95","14.427,00","1.329,85","Vereinigte Staaten","New York Stock Exchange Inc.","USD"
"CMI","CUMMINS INC","Industrie","Aktien","19.088.277,75","0,07","19.088.277,75","37.395,00","510,45","Vereinigte Staaten","New York Stock Exchange Inc.","USD"
"CTAS","CINTAS CORP","Industrie","Aktien","19.046.225,04","0,07","19.046.225,04","101.272,00","188,07","Vereinigte Staaten","NASDAQ","USD"
"CP","CANADIAN PACIFIC KANSAS CITY LTD","Industrie","Aktien","19.030.426,01","0,07","19.030.426,01","258.149,00","73,72","Kanada","Toronto Stock Exchange","CAD"
"2454","MEDIATEK INC","IT","Aktien","18.978.373,99","0,07","18.978.373,99","417.000,00","45,51","Taiwan","Taiwan Stock Exchange","TWD"
"NSC","NORFOLK SOUTHERN CORP","Industrie","Aktien","18.919.244,16","0,07","18.919.244,16","65.528,00","288,72","Vereinigte Staaten","New York Stock Exchange Inc.","USD"
"ECL","ECOLAB INC","Materialien","Aktien","18.567.252,04","0,07","18.567.252,04","70.727,00","262,52","Vereinigte Staaten","New York Stock Exchange Inc.","USD"
"ANZ","ANZ GROUP HOLDINGS LTD","Financials","Aktien","18.520.709,42","0,07","18.520.709,42","764.266,00","24,23","Australien","Asx - All Markets","AUD"
"9983","FAST RETAILING LTD","Zyklische Konsumgüter ","Aktien","18.453.870,94","0,07","18.453.870,94","50.800,00","363,27","Japan","Tokyo Stock Exchange","JPY"
"TEL","TE CONNECTIVITY PLC","IT","Aktien","18.344.358,81","0,07","18.344.358,81","80.631,00","227,51","Vereinigte Staaten","New York Stock Exchange Inc.","USD"
"8766","TOKIO MARINE HOLDINGS INC","Financials","Aktien","18.277.281,57","0,07","18.277.281,57","492.500,00","37,11","Japan","Tokyo Stock Exchange","JPY"
"WBD","WARNER BROS. DISCOVERY INC SERIES","Kommunikation","Aktien","18.148.328,66","0,07","18.148.328,66","629.713,00","28,82","Vereinigte Staaten","NASDAQ","USD"
"ADSK","AUTODESK INC","IT","Aktien","18.082.954,89","0,07","18.082.954,89","61.089,00","296,01","Vereinigte Staaten","NASDAQ","USD"
"MSI","MOTOROLA SOLUTIONS INC","IT","Aktien","17.880.728,04","0,07","17.880.728,04","46.647,00","383,32","Vereinigte Staaten","New York Stock Exchange Inc.","USD"
"TFC","TRUIST FINANCIAL CORP","Financials","Aktien","17.823.271,48","0,07","17.823.271,48","362.188,00","49,21","Vereinigte Staaten","New York Stock Exchange Inc.","USD"
"MFC","MANULIFE FINANCIAL CORP","Financials","Aktien","17.753.766,10","0,07","17.753.766,10","488.282,00","36,36","Kanada","Toronto Stock Exchange","CAD"
"TRV","TRAVELERS COMPANIES INC","Financials","Aktien","17.727.016,90","0,07","17.727.016,90","61.115,00","290,06","Vereinigte Staaten","New York Stock Exchange Inc.","USD"
"AJG","ARTHUR J GALLAGHER","Financials","Aktien","17.643.267,04","0,07","17.643.267,04","68.176,00","258,79","Vereinigte Staaten","New York Stock Exchange Inc.","USD"
"NPN","NASPERS LIMITED LTD CLASS N","Zyklische Konsumgüter ","Aktien","17.501.250,91","0,07","17.501.250,91","262.556,00","66,66","Südafrika","Johannesburg Stock Exchange","ZAR"
"APO","APOLLO GLOBAL MANAGEMENT INC","Financials","Aktien","17.499.746,88","0,07","17.499.746,88","120.888,00","144,76","Vereinigte Staaten","New York Stock Exchange Inc.","USD"
"FDX","FEDEX CORP","Industrie","Aktien","17.416.524,84","0,07","17.416.524,84","60.294,00","288,86","Vereinigte Staaten","New York Stock Exchange Inc.","USD"
"INVE B","INVESTOR CLASS B","Financials","Aktien","17.339.763,87","0,07","17.339.763,87","483.813,00","35,84","Schweden","Nasdaq Omx Nordic","SEK"
"AEP","AMERICAN ELECTRIC POWER INC","Versorger","Aktien","17.196.641,54","0,07","17.196.641,54","149.134,00","115,31","Vereinigte Staaten","NASDAQ","USD"
"3690","MEITUAN","Zyklische Konsumgüter ","Aktien","17.158.138,63","0,07","17.158.138,63","1.292.840,00","13,27","China","Hong Kong Exchanges And Clearing Ltd","HKD"
"COR","CENCORA INC","Gesundheitsversorgung","Aktien","16.911.142,50","0,07","16.911.142,50","50.070,00","337,75","Vereinigte Staaten","New York Stock Exchange Inc.","USD"
"WDC","WESTERN DIGITAL CORP","IT","Aktien","16.827.678,14","0,07","16.827.678,14","97.682,00","172,27","Vereinigte Staaten","NASDAQ","USD"
"CL","COLGATE-PALMOLIVE","Nichtzyklische Konsumgüter","Aktien","16.819.565,04","0,06","16.819.565,04","212.852,00","79,02","Vereinigte Staaten","New York Stock Exchange Inc.","USD"
"ROST","ROSS STORES INC","Zyklische Konsumgüter ","Aktien","16.765.629,80","0,06","16.765.629,80","93.070,00","180,14","Vereinigte Staaten","NASDAQ","USD"
"005935","SAMSUNG ELECTRONICS NON VOTING PRE","IT","Aktien","16.743.878,10","0,06","16.743.878,10","270.408,00","61,92","Korea","Korea Exchange (Stock Market)","KRW"
"WPM","WHEATON PRECIOUS METALS CORP","Materialien","Aktien","16.654.894,68","0,06","16.654.894,68","141.483,00","117,72","Kanada","Toronto Stock Exchange","CAD"
"PWR","QUANTA SERVICES INC","Industrie","Aktien","16.626.209,58","0,06","16.626.209,58","39.393,00","422,06","Vereinigte Staaten","New York Stock Exchange Inc.","USD"
"NET","CLOUDFLARE INC CLASS A","IT","Aktien","16.624.279,45","0,06","16.624.279,45","84.323,00","197,15","Vereinigte Staaten","New York Stock Exchange Inc.","USD"
"GLE","SOCIETE GENERALE SA","Financials","Aktien","16.550.347,15","0,06","16.550.347,15","205.064,00","80,71","Frankreich","Nyse Euronext - Euronext Paris","EUR"
"ZTS","ZOETIS INC CLASS A","Gesundheitsversorgung","Aktien","16.442.157,60","0,06","16.442.157,60","130.680,00","125,82","Vereinigte Staaten","New York Stock Exchange Inc.","USD"
"AFL","AFLAC INC","Financials","Aktien","16.425.819,20","0,06","16.425.819,20","148.960,00","110,27","Vereinigte Staaten","New York Stock Exchange Inc.","USD"
"WES","WESFARMERS LTD","Zyklische Konsumgüter ","Aktien","16.350.833,68","0,06","16.350.833,68","302.374,00","54,07","Australien","Asx - All Markets","AUD"
"2308","DELTA ELECTRONICS INC","IT","Aktien","16.243.853,54","0,06","16.243.853,54","530.000,00","30,65","Taiwan","Taiwan Stock Exchange","TWD"
"TRP","TC ENERGY CORP","Energie","Aktien","16.237.169,96","0,06","16.237.169,96","294.484,00","55,14","Kanada","Toronto Stock Exchange","CAD"
"DLR","DIGITAL REALTY TRUST REIT INC","Immobilien","Aktien","16.216.238,07","0,06","16.216.238,07","104.817,00","154,71","Vereinigte Staaten","New York Stock Exchange Inc.","USD"
"ABNB","AIRBNB INC CLASS A","Zyklische Konsumgüter ","Aktien","16.199.132,04","0,06","16.199.132,04","119.357,00","135,72","Vereinigte Staaten","NASDAQ","USD"
"STX","SEAGATE TECHNOLOGY HOLDINGS PLC","IT","Aktien","16.060.194,02","0,06","16.060.194,02","58.318,00","275,39","Vereinigte Staaten","NASDAQ","USD"
"GLEN","GLENCORE PLC","Materialien","Aktien","16.027.917,67","0,06","16.027.917,67","2.931.060,00","5,47","Vereinigtes Königreich","London Stock Exchange","GBP"
"EOG","EOG RESOURCES INC","Energie","Aktien","15.952.384,13","0,06","15.952.384,13","151.913,00","105,01","Vereinigte Staaten","New York Stock Exchange Inc.","USD"
"2318","PING AN INSURANCE (GROUP) CO OF CH","Financials","Aktien","15.853.292,22","0,06","15.853.292,22","1.894.000,00","8,37","China","Hong Kong Exchanges And Clearing Ltd","HKD"
"SU","SUNCOR ENERGY INC","Energie","Aktien","15.837.466,73","0,06","15.837.466,73","356.356,00","44,44","Kanada","Toronto Stock Exchange","CAD"
"6503","MITSUBISHI ELECTRIC CORP","Industrie","Aktien","15.751.842,16","0,06","15.751.842,16","538.500,00","29,25","Japan","Tokyo Stock Exchange","JPY"
"AZO","AUTOZONE INC","Zyklische Konsumgüter ","Aktien","15.719.602,50","0,06","15.719.602,50","4.635,00","3.391,50","Vereinigte Staaten","New York Stock Exchange Inc.","USD"
"ANG","ANGLOGOLD ASHANTI PLC","Materialien","Aktien","15.672.364,48","0,06","15.672.364,48","181.203,00","86,49","Südafrika","Johannesburg Stock Exchange","ZAR"
"ABI","ANHEUSER-BUSCH INBEV SA","Nichtzyklische Konsumgüter","Aktien","15.670.241,82","0,06","15.670.241,82","243.035,00","64,48","Belgien","Nyse Euronext - Euronext Brussels","EUR"
"LSEG","LONDON STOCK EXCHANGE GROUP PLC","Financials","Aktien","15.633.045,60","0,06","15.633.045,60","129.833,00","120,41","Vereinigtes Königreich","London Stock Exchange","GBP"
"DHL","DEUTSCHE POST AG","Industrie","Aktien","15.599.289,29","0,06","15.599.289,29","284.233,00","54,88","Deutschland","Xetra","EUR"
"BN","DANONE SA","Nichtzyklische Konsumgüter","Aktien","15.582.114,03","0,06","15.582.114,03","172.800,00","90,17","Frankreich","Nyse Euronext - Euronext Paris","EUR"
"IFX","INFINEON TECHNOLOGIES AG","IT","Aktien","15.468.166,56","0,06","15.468.166,56","349.074,00","44,31","Deutschland","Xetra","EUR"
"MNST","MONSTER BEVERAGE CORP","Nichtzyklische Konsumgüter","Aktien","15.456.902,01","0,06","15.456.902,01","201.603,00","76,67","Vereinigte Staaten","NASDAQ","USD"
"IDXX","IDEXX LABORATORIES INC","Gesundheitsversorgung","Aktien","15.419.471,76","0,06","15.419.471,76","22.792,00","676,53","Vereinigte Staaten","NASDAQ","USD"
"9433","KDDI CORP","Kommunikation","Aktien","15.385.807,52","0,06","15.385.807,52","890.400,00","17,28","Japan","Tokyo Stock Exchange","JPY"
"PYPL","PAYPAL HOLDINGS INC","Financials","Aktien","15.371.337,24","0,06","15.371.337,24","263.298,00","58,38","Vereinigte Staaten","NASDAQ","USD"
"PSX","PHILLIPS","Energie","Aktien","15.346.598,16","0,06","15.346.598,16","118.929,00","129,04","Vereinigte Staaten","New York Stock Exchange Inc.","USD"
"RKT","RECKITT BENCKISER GROUP PLC","Nichtzyklische Konsumgüter","Aktien","15.333.595,21","0,06","15.333.595,21","189.937,00","80,73","Vereinigtes Königreich","London Stock Exchange","GBP"
"NXPI","NXP SEMICONDUCTORS NV","IT","Aktien","15.322.265,40","0,06","15.322.265,40","70.590,00","217,06","Vereinigte Staaten","NASDAQ","USD"
"VRT","VERTIV HOLDINGS CLASS A","Industrie","Aktien","15.293.257,97","0,06","15.293.257,97","94.397,00","162,01","Vereinigte Staaten","New York Stock Exchange Inc.","USD"
"ARGX","ARGENX","Gesundheitsversorgung","Aktien","15.272.765,78","0,06","15.272.765,78","18.142,00","841,85","Belgien","Nyse Euronext - Euronext Brussels","EUR"
"NA","NATIONAL BANK OF CANADA","Financials","Aktien","15.271.026,75","0,06","15.271.026,75","121.272,00","125,92","Kanada","Toronto Stock Exchange","CAD"
"SPG","SIMON PROPERTY GROUP REIT INC","Immobilien","Aktien","15.259.727,96","0,06","15.259.727,96","82.436,00","185,11","Vereinigte Staaten","New York Stock Exchange Inc.","USD"
"PCAR","PACCAR INC","Industrie","Aktien","15.254.304,96","0,06","15.254.304,96","139.296,00","109,51","Vereinigte Staaten","NASDAQ","USD"
"URI","UNITED RENTALS INC","Industrie","Aktien","15.226.546,48","0,06","15.226.546,48","18.814,00","809,32","Vereinigte Staaten","New York Stock Exchange Inc.","USD"
"VLO","VALERO ENERGY CORP","Energie","Aktien","15.155.586,21","0,06","15.155.586,21","93.099,00","162,79","Vereinigte Staaten","New York Stock Exchange Inc.","USD"
"KMI","KINDER MORGAN INC","Energie","Aktien","15.122.881,27","0,06","15.122.881,27","550.123,00","27,49","Vereinigte Staaten","New York Stock Exchange Inc.","USD"
"CSL","CSL LTD","Gesundheitsversorgung","Aktien","15.123.809,00","0,06","15.123.809,00","131.361,00","115,13","Australien","Asx - All Markets","AUD"
"STAN","STANDARD CHARTERED PLC","Financials","Aktien","15.038.384,01","0,06","15.038.384,01","613.641,00","24,51","Vereinigtes Königreich","London Stock Exchange","GBP"
"APD","AIR PRODUCTS AND CHEMICALS INC","Materialien","Aktien","14.996.090,16","0,06","14.996.090,16","60.708,00","247,02","Vereinigte Staaten","New York Stock Exchange Inc.","USD"
"NDA FI","NORDEA BANK","Financials","Aktien","14.990.956,58","0,06","14.990.956,58","793.549,00","18,89","Finnland","Nasdaq Omx Helsinki Ltd.","EUR"
"SRE","SEMPRA","Versorger","Aktien","14.980.958,91","0,06","14.980.958,91","169.679,00","88,29","Vereinigte Staaten","New York Stock Exchange Inc.","USD"
"LHX","L3HARRIS TECHNOLOGIES INC","Industrie","Aktien","14.978.528,54","0,06","14.978.528,54","51.022,00","293,57","Vereinigte Staaten","New York Stock Exchange Inc.","USD"
"VST","VISTRA CORP","Versorger","Aktien","14.948.192,48","0,06","14.948.192,48","92.656,00","161,33","Vereinigte Staaten","New York Stock Exchange Inc.","USD"
"SGO","COMPAGNIE DE SAINT GOBAIN SA","Industrie","Aktien","14.938.682,39","0,06","14.938.682,39","146.271,00","102,13","Frankreich","Nyse Euronext - Euronext Paris","EUR"
"9999","NETEASE INC","Kommunikation","Aktien","14.921.227,47","0,06","14.921.227,47","541.190,00","27,57","China","Hong Kong Exchanges And Clearing Ltd","HKD"
"FTNT","FORTINET INC","IT","Aktien","14.814.570,78","0,06","14.814.570,78","186.558,00","79,41","Vereinigte Staaten","NASDAQ","USD"
"CNR","CANADIAN NATIONAL RAILWAY","Industrie","Aktien","14.742.405,43","0,06","14.742.405,43","148.863,00","99,03","Kanada","Toronto Stock Exchange","CAD"
"388","HONG KONG EXCHANGES AND CLEARING L","Financials","Aktien","14.725.810,09","0,06","14.725.810,09","281.203,00","52,37","Hongkong","Hong Kong Exchanges And Clearing Ltd","HKD"
"BDX","BECTON DICKINSON","Gesundheitsversorgung","Aktien","14.712.834,84","0,06","14.712.834,84","75.812,00","194,07","Vereinigte Staaten","New York Stock Exchange Inc.","USD"
"CVNA","CARVANA CLASS A","Zyklische Konsumgüter ","Aktien","14.693.470,34","0,06","14.693.470,34","34.817,00","422,02","Vereinigte Staaten","New York Stock Exchange Inc.","USD"
"EW","EDWARDS LIFESCIENCES CORP","Gesundheitsversorgung","Aktien","14.640.067,75","0,06","14.640.067,75","171.731,00","85,25","Vereinigte Staaten","New York Stock Exchange Inc.","USD"
"CABK","CAIXABANK SA","Financials","Aktien","14.545.786,50","0,06","14.545.786,50","1.185.753,00","12,27","Spanien","Bolsa De Madrid","EUR"
"CBRE","CBRE GROUP INC CLASS A","Immobilien","Aktien","14.536.863,11","0,06","14.536.863,11","90.409,00","160,79","Vereinigte Staaten","New York Stock Exchange Inc.","USD"
"CPG","COMPASS GROUP PLC","Zyklische Konsumgüter ","Aktien","14.534.050,71","0,06","14.534.050,71","457.089,00","31,80","Vereinigtes Königreich","London Stock Exchange","GBP"
"3988","BANK OF CHINA LTD H","Financials","Aktien","14.401.384,98","0,06","14.401.384,98","25.133.000,00","0,57","China","Hong Kong Exchanges And Clearing Ltd","HKD"
"O","REALTY INCOME REIT CORP","Immobilien","Aktien","14.359.750,17","0,06","14.359.750,17","254.741,00","56,37","Vereinigte Staaten","New York Stock Exchange Inc.","USD"
"EA","ELECTRONIC ARTS INC","Kommunikation","Aktien","14.340.288,06","0,06","14.340.288,06","70.182,00","204,33","Vereinigte Staaten","NASDAQ","USD"
"LONN","LONZA GROUP AG","Gesundheitsversorgung","Aktien","14.329.340,74","0,06","14.329.340,74","21.109,00","678,83","Schweiz","SIX Swiss Exchange","CHF"
"DB1","DEUTSCHE BOERSE AG","Financials","Aktien","14.311.652,51","0,06","14.311.652,51","54.474,00","262,73","Deutschland","Xetra","EUR"
"ALNY","ALNYLAM PHARMACEUTICALS INC","Gesundheitsversorgung","Aktien","14.224.735,80","0,05","14.224.735,80","35.772,00","397,65","Vereinigte Staaten","NASDAQ","USD"
"SLB","SLB NV","Energie","Aktien","14.207.047,84","0,05","14.207.047,84","370.168,00","38,38","Vereinigte Staaten","New York Stock Exchange Inc.","USD"
"MPC","MARATHON PETROLEUM CORP","Energie","Aktien","14.156.290,98","0,05","14.156.290,98","87.046,00","162,63","Vereinigte Staaten","New York Stock Exchange Inc.","USD"
"ALL","ALLSTATE CORP","Financials","Aktien","14.070.940,00","0,05","14.070.940,00","67.600,00","208,15","Vereinigte Staaten","New York Stock Exchange Inc.","USD"
"VOLV B","VOLVO CLASS B","Industrie","Aktien","14.062.921,29","0,05","14.062.921,29","438.132,00","32,10","Schweden","Nasdaq Omx Nordic","SEK"
"HOLN","HOLCIM LTD AG","Materialien","Aktien","14.048.231,04","0,05","14.048.231,04","143.129,00","98,15","Schweiz","SIX Swiss Exchange","CHF"
"AIG","AMERICAN INTERNATIONAL GROUP INC","Financials","Aktien","14.013.603,30","0,05","14.013.603,30","163.806,00","85,55","Vereinigte Staaten","New York Stock Exchange Inc.","USD"
"DSV","DSV","Industrie","Aktien","13.967.327,35","0,05","13.967.327,35","55.001,00","253,95","Dänemark","Omx Nordic Exchange Copenhagen A/S","DKK"
"ATCO A","ATLAS COPCO CLASS A","Industrie","Aktien","13.945.026,27","0,05","13.945.026,27","774.203,00","18,01","Schweden","Nasdaq Omx Nordic","SEK"
"4063","SHIN ETSU CHEMICAL LTD","Materialien","Aktien","13.878.000,57","0,05","13.878.000,57","446.400,00","31,09","Japan","Tokyo Stock Exchange","JPY"
"CMG","CHIPOTLE MEXICAN GRILL INC","Zyklische Konsumgüter ","Aktien","13.862.605,00","0,05","13.862.605,00","374.665,00","37,00","Vereinigte Staaten","New York Stock Exchange Inc.","USD"
"DGE","DIAGEO PLC","Nichtzyklische Konsumgüter","Aktien","13.799.947,12","0,05","13.799.947,12","639.838,00","21,57","Vereinigtes Königreich","London Stock Exchange","GBP"
"CSU","CONSTELLATION SOFTWARE INC","IT","Aktien","13.788.447,93","0,05","13.788.447,93","5.725,00","2.408,46","Kanada","Toronto Stock Exchange","CAD"
"1398","INDUSTRIAL AND COMMERCIAL BANK OF","Financials","Aktien","13.783.290,29","0,05","13.783.290,29","17.056.000,00","0,81","China","Hong Kong Exchanges And Clearing Ltd","HKD"
"CAH","CARDINAL HEALTH INC","Gesundheitsversorgung","Aktien","13.732.537,50","0,05","13.732.537,50","66.825,00","205,50","Vereinigte Staaten","New York Stock Exchange Inc.","USD"
"6701","NEC CORP","IT","Aktien","13.645.526,17","0,05","13.645.526,17","402.800,00","33,88","Japan","Tokyo Stock Exchange","JPY"
"SE","SEA ADS REPRESENTING LTD CLASS A","Zyklische Konsumgüter ","Aktien","13.604.957,79","0,05","13.604.957,79","106.647,00","127,57","Singapur","New York Stock Exchange Inc.","USD"
"SREN","SWISS RE AG","Financials","Aktien","13.571.241,65","0,05","13.571.241,65","80.932,00","167,69","Schweiz","SIX Swiss Exchange","CHF"
"AMP","AMERIPRISE FINANCE INC","Financials","Aktien","13.561.823,72","0,05","13.561.823,72","27.658,00","490,34","Vereinigte Staaten","New York Stock Exchange Inc.","USD"
"BAS","BASF N","Materialien","Aktien","13.404.468,28","0,05","13.404.468,28","256.885,00","52,18","Deutschland","Xetra","EUR"
"F","FORD MOTOR CO","Zyklische Konsumgüter ","Aktien","13.389.576,64","0,05","13.389.576,64","1.020.547,00","13,12","Vereinigte Staaten","New York Stock Exchange Inc.","USD"
"WDAY","WORKDAY INC CLASS A","IT","Aktien","13.292.948,98","0,05","13.292.948,98","61.891,00","214,78","Vereinigte Staaten","NASDAQ","USD"
"ROK","ROCKWELL AUTOMATION INC","Industrie","Aktien","13.122.942,03","0,05","13.122.942,03","33.729,00","389,07","Vereinigte Staaten","New York Stock Exchange Inc.","USD"
"TTWO","TAKE TWO INTERACTIVE SOFTWARE INC","Kommunikation","Aktien","13.104.895,55","0,05","13.104.895,55","51.185,00","256,03","Vereinigte Staaten","NASDAQ","USD"
"LNG","CHENIERE ENERGY INC","Energie","Aktien","13.100.719,66","0,05","13.100.719,66","67.394,00","194,39","Vereinigte Staaten","New York Stock Exchange Inc.","USD"
"MSCI","MSCI INC","Financials","Aktien","13.072.438,05","0,05","13.072.438,05","22.785,00","573,73","Vereinigte Staaten","New York Stock Exchange Inc.","USD"
"6702","FUJITSU LTD","IT","Aktien","13.038.507,77","0,05","13.038.507,77","472.100,00","27,62","Japan","Tokyo Stock Exchange","JPY"
"GWW","WW GRAINGER INC","Industrie","Aktien","12.905.749,50","0,05","12.905.749,50","12.790,00","1.009,05","Vereinigte Staaten","New York Stock Exchange Inc.","USD"
"MBG","MERCEDES-BENZ GROUP N AG","Zyklische Konsumgüter ","Aktien","12.899.147,28","0,05","12.899.147,28","182.839,00","70,55","Deutschland","Xetra","EUR"
"2914","JAPAN TOBACCO INC","Nichtzyklische Konsumgüter","Aktien","12.863.568,22","0,05","12.863.568,22","357.500,00","35,98","Japan","Tokyo Stock Exchange","JPY"
"K","KINROSS GOLD CORP","Materialien","Aktien","12.836.276,35","0,05","12.836.276,35","455.130,00","28,20","Kanada","Toronto Stock Exchange","CAD"
"TGT","TARGET CORP","Nichtzyklische Konsumgüter","Aktien","12.832.620,00","0,05","12.832.620,00","131.280,00","97,75","Vereinigte Staaten","New York Stock Exchange Inc.","USD"
"O39","OVERSEA-CHINESE BANKING LTD","Financials","Aktien","12.777.928,46","0,05","12.777.928,46","831.600,00","15,37","Singapur","Singapore Exchange","SGD"
"WCN","WASTE CONNECTIONS INC","Industrie","Aktien","12.757.440,00","0,05","12.757.440,00","72.750,00","175,36","Vereinigte Staaten","New York Stock Exchange Inc.","USD"
"MQG","MACQUARIE GROUP LTD DEF","Financials","Aktien","12.752.273,91","0,05","12.752.273,91","94.110,00","135,50","Australien","Asx - All Markets","AUD"
"9961","TRIP.COM GROUP LTD","Zyklische Konsumgüter ","Aktien","12.732.213,27","0,05","12.732.213,27","178.883,00","71,18","China","Hong Kong Exchanges And Clearing Ltd","HKD"
"7741","HOYA CORP","Gesundheitsversorgung","Aktien","12.723.066,13","0,05","12.723.066,13","84.200,00","151,11","Japan","Tokyo Stock Exchange","JPY"
"RSG","REPUBLIC SERVICES INC","Industrie","Aktien","12.721.945,97","0,05","12.721.945,97","60.029,00","211,93","Vereinigte Staaten","New York Stock Exchange Inc.","USD"
"COIN","COINBASE GLOBAL INC CLASS A","Financials","Aktien","12.708.841,86","0,05","12.708.841,86","56.199,00","226,14","Vereinigte Staaten","NASDAQ","USD"
"MET","METLIFE INC","Financials","Aktien","12.695.604,44","0,05","12.695.604,44","160.826,00","78,94","Vereinigte Staaten","New York Stock Exchange Inc.","USD"
"RBLX","ROBLOX CORP CLASS A","Kommunikation","Aktien","12.682.005,30","0,05","12.682.005,30","156.510,00","81,03","Vereinigte Staaten","New York Stock Exchange Inc.","USD"
"EXPN","EXPERIAN PLC","Industrie","Aktien","12.664.307,50","0,05","12.664.307,50","279.973,00","45,23","Vereinigtes Königreich","London Stock Exchange","GBP"
"TRGP","TARGA RESOURCES CORP","Energie","Aktien","12.612.973,50","0,05","12.612.973,50","68.363,00","184,50","Vereinigte Staaten","New York Stock Exchange Inc.","USD"
"OKE","ONEOK INC","Energie","Aktien","12.601.354,50","0,05","12.601.354,50","171.447,00","73,50","Vereinigte Staaten","New York Stock Exchange Inc.","USD"
"MPWR","MONOLITHIC POWER SYSTEMS INC","IT","Aktien","12.552.179,64","0,05","12.552.179,64","13.849,00","906,36","Vereinigte Staaten","NASDAQ","USD"
"FERG","FERGUSON ENTERPRISES INC","Industrie","Aktien","12.510.470,22","0,05","12.510.470,22","56.194,00","222,63","Vereinigte Staaten","New York Stock Exchange Inc.","USD"
"D","DOMINION ENERGY INC","Versorger","Aktien","12.487.286,70","0,05","12.487.286,70","213.130,00","58,59","Vereinigte Staaten","New York Stock Exchange Inc.","USD"
"ROP","ROPER TECHNOLOGIES INC","IT","Aktien","12.361.705,23","0,05","12.361.705,23","27.771,00","445,13","Vereinigte Staaten","NASDAQ","USD"
"AAL","ANGLO AMERICAN PLC","Materialien","Aktien","12.290.176,61","0,05","12.290.176,61","296.186,00","41,49","Vereinigtes Königreich","London Stock Exchange","GBP"
"BAYN","BAYER AG","Gesundheitsversorgung","Aktien","12.159.680,39","0,05","12.159.680,39","279.749,00","43,47","Deutschland","Xetra","EUR"
"ENI","ENI","Energie","Aktien","12.077.783,71","0,05","12.077.783,71","637.161,00","18,96","Italien","Borsa Italiana","EUR"
"BKR","BAKER HUGHES CLASS A","Energie","Aktien","12.070.513,62","0,05","12.070.513,62","265.053,00","45,54","Vereinigte Staaten","NASDAQ","USD"
"ENGI","ENGIE SA","Versorger","Aktien","12.062.981,83","0,05","12.062.981,83","458.330,00","26,32","Frankreich","Nyse Euronext - Euronext Paris","EUR"
"EXC","EXELON CORP","Versorger","Aktien","12.004.075,74","0,05","12.004.075,74","275.386,00","43,59","Vereinigte Staaten","NASDAQ","USD"
"1211","BYD LTD H","Zyklische Konsumgüter ","Aktien","11.999.142,42","0,05","11.999.142,42","979.500,00","12,25","China","Hong Kong Exchanges And Clearing Ltd","HKD"
"CARR","CARRIER GLOBAL CORP","Industrie","Aktien","11.975.868,96","0,05","11.975.868,96","226.644,00","52,84","Vereinigte Staaten","New York Stock Exchange Inc.","USD"
"LR","LEGRAND SA","Industrie","Aktien","11.938.863,84","0,05","11.938.863,84","79.886,00","149,45","Frankreich","Nyse Euronext - Euronext Paris","EUR"
"RACE","FERRARI NV","Zyklische Konsumgüter ","Aktien","11.922.489,19","0,05","11.922.489,19","31.853,00","374,30","Italien","Borsa Italiana","EUR"
"4502","TAKEDA PHARMACEUTICAL LTD","Gesundheitsversorgung","Aktien","11.908.853,78","0,05","11.908.853,78","386.071,00","30,85","Japan","Tokyo Stock Exchange","JPY"
"CTVA","CORTEVA INC","Materialien","Aktien","11.867.795,56","0,05","11.867.795,56","177.052,00","67,03","Vereinigte Staaten","New York Stock Exchange Inc.","USD"
"FAST","FASTENAL","Industrie","Aktien","11.852.997,45","0,05","11.852.997,45","295.365,00","40,13","Vereinigte Staaten","NASDAQ","USD"
"9434","SOFTBANK CORP","Kommunikation","Aktien","11.851.582,63","0,05","11.851.582,63","8.648.400,00","1,37","Japan","Tokyo Stock Exchange","JPY"
"WAB","WESTINGHOUSE AIR BRAKE TECHNOLOGIE","Industrie","Aktien","11.844.553,95","0,05","11.844.553,95","55.491,00","213,45","Vereinigte Staaten","New York Stock Exchange Inc.","USD"
"DOL","DOLLARAMA INC","Zyklische Konsumgüter ","Aktien","11.829.353,39","0,05","11.829.353,39","79.044,00","149,66","Kanada","Toronto Stock Exchange","CAD"
"HLN","HALEON PLC","Gesundheitsversorgung","Aktien","11.798.132,12","0,05","11.798.132,12","2.340.320,00","5,04","Vereinigtes Königreich","London Stock Exchange","GBP"
"PRU","PRUDENTIAL FINANCIAL INC","Financials","Aktien","11.773.384,00","0,05","11.773.384,00","104.300,00","112,88","Vereinigte Staaten","New York Stock Exchange Inc.","USD"
"ATD","ALIMENTATION COUCHE TARD INC","Nichtzyklische Konsumgüter","Aktien","11.732.860,05","0,05","11.732.860,05","214.552,00","54,69","Kanada","Toronto Stock Exchange","CAD"
"XEL","XCEL ENERGY INC","Versorger","Aktien","11.733.695,04","0,05","11.733.695,04","158.864,00","73,86","Vereinigte Staaten","NASDAQ","USD"
"DDOG","DATADOG INC CLASS A","IT","Aktien","11.685.620,70","0,05","11.685.620,70","85.930,00","135,99","Vereinigte Staaten","NASDAQ","USD"
"NDAQ","NASDAQ INC","Financials","Aktien","11.616.942,26","0,04","11.616.942,26","119.602,00","97,13","Vereinigte Staaten","NASDAQ","USD"
"TSCO","TESCO PLC","Nichtzyklische Konsumgüter","Aktien","11.572.040,35","0,04","11.572.040,35","1.947.358,00","5,94","Vereinigtes Königreich","London Stock Exchange","GBP"
"KR","KROGER","Nichtzyklische Konsumgüter","Aktien","11.518.812,80","0,04","11.518.812,80","184.360,00","62,48","Vereinigte Staaten","New York Stock Exchange Inc.","USD"
"YUM","YUM BRANDS INC","Zyklische Konsumgüter ","Aktien","11.515.433,60","0,04","11.515.433,60","76.120,00","151,28","Vereinigte Staaten","New York Stock Exchange Inc.","USD"
"HIG","HARTFORD INSURANCE GROUP INC","Financials","Aktien","11.451.455,60","0,04","11.451.455,60","83.102,00","137,80","Vereinigte Staaten","New York Stock Exchange Inc.","USD"
"FFH","FAIRFAX FINANCIAL HOLDINGS SUB VOT","Financials","Aktien","11.438.734,02","0,04","11.438.734,02","5.994,00","1.908,36","Kanada","Toronto Stock Exchange","CAD"
"G","ASSICURAZIONI GENERALI","Financials","Aktien","11.424.802,38","0,04","11.424.802,38","272.106,00","41,99","Italien","Borsa Italiana","EUR"
"CTSH","COGNIZANT TECHNOLOGY SOLUTIONS COR","IT","Aktien","11.405.279,00","0,04","11.405.279,00","137.413,00","83,00","Vereinigte Staaten","NASDAQ","USD"
"AXON","AXON ENTERPRISE INC","Industrie","Aktien","11.385.860,64","0,04","11.385.860,64","20.048,00","567,93","Vereinigte Staaten","NASDAQ","USD"
"ADYEN","ADYEN NV","Financials","Aktien","11.378.365,21","0,04","11.378.365,21","7.046,00","1.614,87","Niederlande","Euronext Amsterdam","EUR"
"EBAY","EBAY INC","Zyklische Konsumgüter ","Aktien","11.317.774,00","0,04","11.317.774,00","129.940,00","87,10","Vereinigte Staaten","NASDAQ","USD"
"PRU","PRUDENTIAL PLC","Financials","Aktien","11.283.257,52","0,04","11.283.257,52","732.960,00","15,39","Vereinigtes Königreich","London Stock Exchange","GBP"
"AME","AMETEK INC","Industrie","Aktien","11.192.679,96","0,04","11.192.679,96","54.516,00","205,31","Vereinigte Staaten","New York Stock Exchange Inc.","USD"
"ARES","ARES MANAGEMENT CORP CLASS A","Financials","Aktien","11.149.075,77","0,04","11.149.075,77","68.979,00","161,63","Vereinigte Staaten","New York Stock Exchange Inc.","USD"
"MSTR","STRATEGY INC CLASS A","IT","Aktien","11.128.666,05","0,04","11.128.666,05","73.239,00","151,95","Vereinigte Staaten","NASDAQ","USD"
"FICO","FAIR ISAAC CORP","IT","Aktien","11.107.373,40","0,04","11.107.373,40","6.570,00","1.690,62","Vereinigte Staaten","New York Stock Exchange Inc.","USD"
"9888","BAIDU CLASS A INC","Kommunikation","Aktien","10.990.281,24","0,04","10.990.281,24","650.516,00","16,89","China","Hong Kong Exchanges And Clearing Ltd","HKD"
"DHI","D R HORTON INC","Zyklische Konsumgüter ","Aktien","10.966.300,17","0,04","10.966.300,17","76.139,00","144,03","Vereinigte Staaten","New York Stock Exchange Inc.","USD"
"EOAN","E.ON N","Versorger","Aktien","10.942.304,26","0,04","10.942.304,26","577.796,00","18,94","Deutschland","Xetra","EUR"
"DELL","DELL TECHNOLOGIES INC CLASS C","IT","Aktien","10.911.404,28","0,04","10.911.404,28","86.681,00","125,88","Vereinigte Staaten","New York Stock Exchange Inc.","USD"
"CCO","CAMECO CORP","Energie","Aktien","10.809.167,65","0,04","10.809.167,65","117.892,00","91,69","Kanada","Toronto Stock Exchange","CAD"
"FISV","FISERV INC","Financials","Aktien","10.751.364,54","0,04","10.751.364,54","160.062,00","67,17","Vereinigte Staaten","NASDAQ","USD"
"FNV","FRANCO NEVADA CORP","Materialien","Aktien","10.741.329,21","0,04","10.741.329,21","51.751,00","207,56","Kanada","Toronto Stock Exchange","CAD"
"IQV","IQVIA HOLDINGS INC","Gesundheitsversorgung","Aktien","10.733.347,97","0,04","10.733.347,97","47.617,00","225,41","Vereinigte Staaten","New York Stock Exchange Inc.","USD"
"8002","MARUBENI CORP","Industrie","Aktien","10.728.022,58","0,04","10.728.022,58","386.300,00","27,77","Japan","Tokyo Stock Exchange","JPY"
"MLM","MARTIN MARIETTA MATERIALS INC","Materialien","Aktien","10.711.619,98","0,04","10.711.619,98","17.203,00","622,66","Vereinigte Staaten","New York Stock Exchange Inc.","USD"
"DANSKE","DANSKE BANK","Financials","Aktien","10.682.638,56","0,04","10.682.638,56","213.237,00","50,10","Dänemark","Omx Nordic Exchange Copenhagen A/S","DKK"
"VMC","VULCAN MATERIALS","Materialien","Aktien","10.645.551,28","0,04","10.645.551,28","37.324,00","285,22","Vereinigte Staaten","New York Stock Exchange Inc.","USD"
"7267","HONDA MOTOR LTD","Zyklische Konsumgüter ","Aktien","10.633.280,81","0,04","10.633.280,81","1.085.100,00","9,80","Japan","Tokyo Stock Exchange","JPY"
"A","AGILENT TECHNOLOGIES INC","Gesundheitsversorgung","Aktien","10.617.542,10","0,04","10.617.542,10","78.030,00","136,07","Vereinigte Staaten","New York Stock Exchange Inc.","USD"
"ASSA B","ASSA ABLOY B","Industrie","Aktien","10.614.155,66","0,04","10.614.155,66","272.638,00","38,93","Schweden","Nasdaq Omx Nordic","SEK"
"FLUT","FLUTTER ENTERTAINMENT PLC","Zyklische Konsumgüter ","Aktien","10.455.674,88","0,04","10.455.674,88","48.622,00","215,04","Vereinigte Staaten","New York Stock Exchange Inc.","USD"
"GMG","GOODMAN GROUP UNITS","Immobilien","Aktien","10.417.080,06","0,04","10.417.080,06","504.239,00","20,66","Australien","Asx - All Markets","AUD"
"AD","KONINKLIJKE AHOLD DELHAIZE NV","Nichtzyklische Konsumgüter","Aktien","10.326.603,65","0,04","10.326.603,65","252.157,00","40,95","Niederlande","Euronext Amsterdam","EUR"
"SYY","SYSCO CORP","Nichtzyklische Konsumgüter","Aktien","10.324.853,28","0,04","10.324.853,28","140.112,00","73,69","Vereinigte Staaten","New York Stock Exchange Inc.","USD"
"SSE","SSE PLC","Versorger","Aktien","10.325.726,78","0,04","10.325.726,78","352.310,00","29,31","Vereinigtes Königreich","London Stock Exchange","GBP"
"III","3I GROUP PLC","Financials","Aktien","10.302.762,85","0,04","10.302.762,85","234.746,00","43,89","Vereinigtes Königreich","London Stock Exchange","GBP"
"PSA","PUBLIC STORAGE REIT","Immobilien","Aktien","10.301.890,50","0,04","10.301.890,50","39.699,00","259,50","Vereinigte Staaten","New York Stock Exchange Inc.","USD"
"ALC","ALCON AG","Gesundheitsversorgung","Aktien","10.296.848,12","0,04","10.296.848,12","128.914,00","79,87","Schweiz","SIX Swiss Exchange","CHF"
"PAYX","PAYCHEX INC","Industrie","Aktien","10.280.063,02","0,04","10.280.063,02","91.639,00","112,18","Vereinigte Staaten","NASDAQ","USD"
"RMD","RESMED INC","Gesundheitsversorgung","Aktien","10.264.193,31","0,04","10.264.193,31","42.613,00","240,87","Vereinigte Staaten","New York Stock Exchange Inc.","USD"
"PEG","PUBLIC SERVICE ENTERPRISE GROUP IN","Versorger","Aktien","10.264.668,70","0,04","10.264.668,70","127.829,00","80,30","Vereinigte Staaten","New York Stock Exchange Inc.","USD"
"NOKIA","NOKIA","IT","Aktien","10.188.055,34","0,04","10.188.055,34","1.556.846,00","6,54","Finnland","Nasdaq Omx Helsinki Ltd.","EUR"
"CCI","CROWN CASTLE INC","Immobilien","Aktien","10.112.428,43","0,04","10.112.428,43","113.789,00","88,87","Vereinigte Staaten","New York Stock Exchange Inc.","USD"
"OTIS","OTIS WORLDWIDE CORP","Industrie","Aktien","10.033.719,80","0,04","10.033.719,80","114.868,00","87,35","Vereinigte Staaten","New York Stock Exchange Inc.","USD"
"4519","CHUGAI PHARMACEUTICAL LTD","Gesundheitsversorgung","Aktien","10.012.869,31","0,04","10.012.869,31","190.400,00","52,59","Japan","Tokyo Stock Exchange","JPY"
"3711","ASE TECHNOLOGY HOLDING LTD","IT","Aktien","10.013.462,55","0,04","10.013.462,55","1.256.000,00","7,97","Taiwan","Taiwan Stock Exchange","TWD"
"INSM","INSMED INC","Gesundheitsversorgung","Aktien","9.981.542,08","0,04","9.981.542,08","57.352,00","174,04","Vereinigte Staaten","NASDAQ","USD"
"FITB","FIFTH THIRD BANCORP","Financials","Aktien","9.962.010,58","0,04","9.962.010,58","212.818,00","46,81","Vereinigte Staaten","NASDAQ","USD"
"9432","NTT INC","Kommunikation","Aktien","9.941.805,61","0,04","9.941.805,61","9.881.600,00","1,01","Japan","Tokyo Stock Exchange","JPY"
"IFC","INTACT FINANCIAL CORP","Financials","Aktien","9.933.794,55","0,04","9.933.794,55","47.656,00","208,45","Kanada","Toronto Stock Exchange","CAD"
"FIS","FIDELITY NATIONAL INFORMATION SERV","Financials","Aktien","9.862.065,86","0,04","9.862.065,86","148.391,00","66,46","Vereinigte Staaten","New York Stock Exchange Inc.","USD"
"KEYS","KEYSIGHT TECHNOLOGIES INC","IT","Aktien","9.848.416,11","0,04","9.848.416,11","48.469,00","203,19","Vereinigte Staaten","New York Stock Exchange Inc.","USD"
"NUE","NUCOR CORP","Materialien","Aktien","9.820.853,10","0,04","9.820.853,10","60.210,00","163,11","Vereinigte Staaten","New York Stock Exchange Inc.","USD"
"EXPE","EXPEDIA GROUP INC","Zyklische Konsumgüter ","Aktien","9.814.708,33","0,04","9.814.708,33","34.643,00","283,31","Vereinigte Staaten","NASDAQ","USD"
"BBCA","BANK CENTRAL ASIA","Financials","Aktien","9.791.500,45","0,04","9.791.500,45","20.219.600,00","0,48","Indonesien","Indonesia Stock Exchange","IDR"
"005380","HYUNDAI MOTOR","Zyklische Konsumgüter ","Aktien","9.768.620,67","0,04","9.768.620,67","47.461,00","205,82","Korea","Korea Exchange (Stock Market)","KRW"
"ETR","ENTERGY CORP","Versorger","Aktien","9.746.928,36","0,04","9.746.928,36","105.452,00","92,43","Vereinigte Staaten","New York Stock Exchange Inc.","USD"
"HEI","HEIDELBERG MATERIALS AG","Materialien","Aktien","9.747.743,56","0,04","9.747.743,56","37.219,00","261,90","Deutschland","Xetra","EUR"
"U11","UNITED OVERSEAS BANK LTD","Financials","Aktien","9.718.790,12","0,04","9.718.790,12","356.485,00","27,26","Singapur","Singapore Exchange","SGD"
"2891","CTBC FINANCIAL HOLDING LTD","Financials","Aktien","9.701.335,93","0,04","9.701.335,93","6.072.128,00","1,60","Taiwan","Taiwan Stock Exchange","TWD"
"RIO","RIO TINTO LTD","Materialien","Aktien","9.637.271,56","0,04","9.637.271,56","98.433,00","97,91","Australien","Asx - All Markets","AUD"
"105560","KB FINANCIAL GROUP INC","Financials","Aktien","9.582.565,89","0,04","9.582.565,89","110.699,00","86,56","Korea","Korea Exchange (Stock Market)","KRW"
"CPRT","COPART INC","Industrie","Aktien","9.579.613,50","0,04","9.579.613,50","244.690,00","39,15","Vereinigte Staaten","NASDAQ","USD"
"4568","DAIICHI SANKYO LTD","Gesundheitsversorgung","Aktien","9.575.478,64","0,04","9.575.478,64","448.300,00","21,36","Japan","Tokyo Stock Exchange","JPY"
"RJF","RAYMOND JAMES INC","Financials","Aktien","9.564.419,22","0,04","9.564.419,22","59.558,00","160,59","Vereinigte Staaten","New York Stock Exchange Inc.","USD"
"IMB","IMPERIAL BRANDS PLC","Nichtzyklische Konsumgüter","Aktien","9.550.104,06","0,04","9.550.104,06","227.643,00","41,95","Vereinigtes Königreich","London Stock Exchange","GBP"
"2882","CATHAY FINANCIAL HOLDING LTD","Financials","Aktien","9.544.363,62","0,04","9.544.363,62","3.956.315,00","2,41","Taiwan","Taiwan Stock Exchange","TWD"
"EBS","ERSTE GROUP BANK AG","Financials","Aktien","9.543.112,56","0,04","9.543.112,56","78.966,00","120,85","Österreich","Wiener Boerse Ag","EUR"
"PKO","POWSZECHNA KASA OSZCZEDNOSCI BANK","Financials","Aktien","9.536.844,60","0,04","9.536.844,60","402.617,00","23,69","Polen","Warsaw Stock Exchange/Equities/Main Market","PLN"
"KBC","KBC GROEP","Financials","Aktien","9.509.780,03","0,04","9.509.780,03","72.784,00","130,66","Belgien","Nyse Euronext - Euronext Brussels","EUR"
"KMB","KIMBERLY CLARK CORP","Nichtzyklische Konsumgüter","Aktien","9.402.443,55","0,04","9.402.443,55","93.195,00","100,89","Vereinigte Staaten","NASDAQ","USD"
"ED","CONSOLIDATED EDISON INC","Versorger","Aktien","9.393.089,68","0,04","9.393.089,68","94.574,00","99,32","Vereinigte Staaten","New York Stock Exchange Inc.","USD"
"SLF","SUN LIFE FINANCIAL INC","Financials","Aktien","9.345.573,74","0,04","9.345.573,74","149.515,00","62,51","Kanada","Toronto Stock Exchange","CAD"
"XYZ","BLOCK INC CLASS A","Financials","Aktien","9.344.841,12","0,04","9.344.841,12","143.568,00","65,09","Vereinigte Staaten","New York Stock Exchange Inc.","USD"
"UCB","UCB SA","Gesundheitsversorgung","Aktien","9.315.478,79","0,04","9.315.478,79","33.243,00","280,22","Belgien","Nyse Euronext - Euronext Brussels","EUR"
"TEVA","TEVA PHARMACEUTICAL INDUSTRIES ADR","Gesundheitsversorgung","Aktien","9.254.794,93","0,04","9.254.794,93","296.533,00","31,21","Israel","New York Stock Exchange Inc.","USD"
"OTP","OTP BANK","Financials","Aktien","9.251.006,32","0,04","9.251.006,32","86.161,00","107,37","Ungarn","Budapest Stock Exchange","HUF"
"8725","MS&AD INSURANCE GROUP HOLDINGS INC","Financials","Aktien","9.180.185,01","0,04","9.180.185,01","390.700,00","23,50","Japan","Tokyo Stock Exchange","JPY"
"GEHC","GE HEALTHCARE TECHNOLOGIES INC","Gesundheitsversorgung","Aktien","9.167.703,48","0,04","9.167.703,48","111.774,00","82,02","Vereinigte Staaten","NASDAQ","USD"
"RWE","RWE AG","Versorger","Aktien","9.108.372,73","0,04","9.108.372,73","171.353,00","53,16","Deutschland","Xetra","EUR"
"CBK","COMMERZBANK AG","Financials","Aktien","9.100.230,52","0,04","9.100.230,52","214.640,00","42,40","Deutschland","Xetra","EUR"
"NRG","NRG ENERGY INC","Versorger","Aktien","9.098.177,40","0,04","9.098.177,40","57.135,00","159,24","Vereinigte Staaten","New York Stock Exchange Inc.","USD"
"LUMI","BANK LEUMI LE ISRAEL","Financials","Aktien","9.045.273,63","0,03","9.045.273,63","410.658,00","22,03","Israel","Tel Aviv Stock Exchange","ILS"
"HUM","HUMANA INC","Gesundheitsversorgung","Aktien","9.039.339,96","0,03","9.039.339,96","35.292,00","256,13","Vereinigte Staaten","New York Stock Exchange Inc.","USD"
"PCG","PG&E CORP","Versorger","Aktien","9.019.866,02","0,03","9.019.866,02","561.286,00","16,07","Vereinigte Staaten","New York Stock Exchange Inc.","USD"
"5802","SUMITOMO ELECTRIC INDUSTRIES LTD","Zyklische Konsumgüter ","Aktien","9.006.603,08","0,03","9.006.603,08","223.200,00","40,35","Japan","Tokyo Stock Exchange","JPY"
"GRMN","GARMIN LTD","Zyklische Konsumgüter ","Aktien","8.998.223,15","0,03","8.998.223,15","44.359,00","202,85","Vereinigte Staaten","New York Stock Exchange Inc.","USD"
"GFI","GOLD FIELDS LTD","Materialien","Aktien","8.991.533,76","0,03","8.991.533,76","205.302,00","43,80","Südafrika","Johannesburg Stock Exchange","ZAR"
"TER","TERADYNE INC","IT","Aktien","8.983.700,28","0,03","8.983.700,28","46.413,00","193,56","Vereinigte Staaten","NASDAQ","USD"
"GIVN","GIVAUDAN SA","Materialien","Aktien","8.926.737,77","0,03","8.926.737,77","2.248,00","3.970,97","Schweiz","SIX Swiss Exchange","CHF"
"MCHP","MICROCHIP TECHNOLOGY INC","IT","Aktien","8.913.217,32","0,03","8.913.217,32","139.881,00","63,72","Vereinigte Staaten","NASDAQ","USD"
"KDP","KEURIG DR PEPPER INC","Nichtzyklische Konsumgüter","Aktien","8.896.788,29","0,03","8.896.788,29","317.629,00","28,01","Vereinigte Staaten","NASDAQ","USD"
"9618","JD.COM CLASS A INC","Zyklische Konsumgüter ","Aktien","8.889.445,06","0,03","8.889.445,06","619.991,00","14,34","China","Hong Kong Exchanges And Clearing Ltd","HKD"
"GALD","GALDERMA GROUP N AG","Gesundheitsversorgung","Aktien","8.881.790,98","0,03","8.881.790,98","43.409,00","204,61","Schweiz","SIX Swiss Exchange","CHF"
"4578","OTSUKA HOLDINGS LTD","Gesundheitsversorgung","Aktien","8.876.113,43","0,03","8.876.113,43","156.800,00","56,61","Japan","Tokyo Stock Exchange","JPY"
"SYF","SYNCHRONY FINANCIAL","Financials","Aktien","8.873.698,23","0,03","8.873.698,23","106.361,00","83,43","Vereinigte Staaten","New York Stock Exchange Inc.","USD"
"8267","AEON LTD","Nichtzyklische Konsumgüter","Aktien","8.865.335,42","0,03","8.865.335,42","561.000,00","15,80","Japan","Tokyo Stock Exchange","JPY"
"VEEV","VEEVA SYSTEMS INC CLASS A","Gesundheitsversorgung","Aktien","8.823.388,98","0,03","8.823.388,98","39.526,00","223,23","Vereinigte Staaten","New York Stock Exchange Inc.","USD"
"MDB","MONGODB INC CLASS A","IT","Aktien","8.820.205,04","0,03","8.820.205,04","21.016,00","419,69","Vereinigte Staaten","NASDAQ","USD"
"ADS","ADIDAS N AG","Zyklische Konsumgüter ","Aktien","8.772.325,49","0,03","8.772.325,49","44.184,00","198,54","Deutschland","Xetra","EUR"
"SOFI","SOFI TECHNOLOGIES INC","Financials","Aktien","8.734.747,56","0,03","8.734.747,56","333.642,00","26,18","Vereinigte Staaten","NASDAQ","USD"
"CLS","CELESTICA INC","IT","Aktien","8.703.408,97","0,03","8.703.408,97","29.384,00","296,20","Kanada","Toronto Stock Exchange","CAD"
"ODFL","OLD DOMINION FREIGHT LINE INC","Industrie","Aktien","8.685.465,60","0,03","8.685.465,60","55.392,00","156,80","Vereinigte Staaten","NASDAQ","USD"
"CIEN","CIENA CORP","IT","Aktien","8.677.044,74","0,03","8.677.044,74","37.102,00","233,87","Vereinigte Staaten","New York Stock Exchange Inc.","USD"
"BMW","BMW AG","Zyklische Konsumgüter ","Aktien","8.623.077,56","0,03","8.623.077,56","78.830,00","109,39","Deutschland","Xetra","EUR"
"XYL","XYLEM INC","Industrie","Aktien","8.622.236,70","0,03","8.622.236,70","63.315,00","136,18","Vereinigte Staaten","New York Stock Exchange Inc.","USD"
"HPE","HEWLETT PACKARD ENTERPRISE","IT","Aktien","8.614.773,00","0,03","8.614.773,00","358.650,00","24,02","Vereinigte Staaten","New York Stock Exchange Inc.","USD"
"WDS","WOODSIDE ENERGY GROUP LTD","Energie","Aktien","8.611.773,99","0,03","8.611.773,99","547.440,00","15,73","Australien","Asx - All Markets","AUD"
"ACGL","ARCH CAPITAL GROUP LTD","Financials","Aktien","8.601.050,48","0,03","8.601.050,48","89.669,00","95,92","Vereinigte Staaten","NASDAQ","USD"
"VTR","VENTAS REIT INC","Immobilien","Aktien","8.545.382,92","0,03","8.545.382,92","110.434,00","77,38","Vereinigte Staaten","New York Stock Exchange Inc.","USD"
"MTD","METTLER TOLEDO INC","Gesundheitsversorgung","Aktien","8.538.019,56","0,03","8.538.019,56","6.124,00","1.394,19","Vereinigte Staaten","New York Stock Exchange Inc.","USD"
"6954","FANUC CORP","Industrie","Aktien","8.508.168,04","0,03","8.508.168,04","219.200,00","38,81","Japan","Tokyo Stock Exchange","JPY"
"ADM","ARCHER DANIELS MIDLAND","Nichtzyklische Konsumgüter","Aktien","8.487.248,70","0,03","8.487.248,70","147.630,00","57,49","Vereinigte Staaten","New York Stock Exchange Inc.","USD"
"3382","SEVEN & I HOLDINGS LTD","Nichtzyklische Konsumgüter","Aktien","8.468.180,17","0,03","8.468.180,17","589.800,00","14,36","Japan","Tokyo Stock Exchange","JPY"
"AMS","AMADEUS IT GROUP SA","Zyklische Konsumgüter ","Aktien","8.469.420,18","0,03","8.469.420,18","114.758,00","73,80","Spanien","Bolsa De Madrid","EUR"
"SDZ","SANDOZ GROUP AG","Gesundheitsversorgung","Aktien","8.457.306,76","0,03","8.457.306,76","115.842,00","73,01","Schweiz","SIX Swiss Exchange","CHF"
"FSLR","FIRST SOLAR INC","IT","Aktien","8.450.790,50","0,03","8.450.790,50","32.350,00","261,23","Vereinigte Staaten","NASDAQ","USD"
"AHT","ASHTEAD GROUP PLC","Industrie","Aktien","8.445.599,91","0,03","8.445.599,91","123.457,00","68,41","Vereinigtes Königreich","London Stock Exchange","GBP"
"SAND","SANDVIK","Industrie","Aktien","8.422.004,12","0,03","8.422.004,12","258.286,00","32,61","Schweden","Nasdaq Omx Nordic","SEK"
"HO","THALES SA","Industrie","Aktien","8.412.697,86","0,03","8.412.697,86","31.171,00","269,89","Frankreich","Nyse Euronext - Euronext Paris","EUR"
"UMG","UNIVERSAL MUSIC GROUP NV","Kommunikation","Aktien","8.406.496,38","0,03","8.406.496,38","321.989,00","26,11","Niederlande","Euronext Amsterdam","EUR"
"EQT","EQT CORP","Energie","Aktien","8.403.676,00","0,03","8.403.676,00","156.785,00","53,60","Vereinigte Staaten","New York Stock Exchange Inc.","USD"
"FIX","COMFORT SYSTEMS USA INC","Industrie","Aktien","8.382.810,78","0,03","8.382.810,78","8.982,00","933,29","Vereinigte Staaten","New York Stock Exchange Inc.","USD"
"000270","KIA CORPORATION CORP","Zyklische Konsumgüter ","Aktien","8.348.231,44","0,03","8.348.231,44","98.736,00","84,55","Korea","Korea Exchange (Stock Market)","KRW"
"ORA","ORANGE SA","Kommunikation","Aktien","8.300.270,82","0,03","8.300.270,82","497.702,00","16,68","Frankreich","Nyse Euronext - Euronext Paris","EUR"
"POW","POWER CORPORATION OF CANADA","Financials","Aktien","8.284.767,72","0,03","8.284.767,72","155.673,00","53,22","Kanada","Toronto Stock Exchange","CAD"
"NBK","NATIONAL BANK OF KUWAIT","Financials","Aktien","8.267.034,72","0,03","8.267.034,72","2.504.545,00","3,30","Kuwait","Kuwait Stock Exchange","KWD"
"CINF","CINCINNATI FINANCIAL CORP","Financials","Aktien","8.247.333,36","0,03","8.247.333,36","50.498,00","163,32","Vereinigte Staaten","NASDAQ","USD"
"KVUE","KENVUE INC","Nichtzyklische Konsumgüter","Aktien","8.228.284,50","0,03","8.228.284,50","477.002,00","17,25","Vereinigte Staaten","New York Stock Exchange Inc.","USD"
"ATCO B","ATLAS COPCO CLASS B","Industrie","Aktien","8.219.033,82","0,03","8.219.033,82","508.521,00","16,16","Schweden","Nasdaq Omx Nordic","SEK"
"SIKA","SIKA AG","Materialien","Aktien","8.211.582,20","0,03","8.211.582,20","40.010,00","205,24","Schweiz","SIX Swiss Exchange","CHF"
"2899","ZIJIN MINING GROUP LTD H","Materialien","Aktien","8.210.023,77","0,03","8.210.023,77","1.792.000,00","4,58","China","Hong Kong Exchanges And Clearing Ltd","HKD"
"VRSK","VERISK ANALYTICS INC","Industrie","Aktien","8.206.291,34","0,03","8.206.291,34","36.686,00","223,69","Vereinigte Staaten","NASDAQ","USD"
"MKL","MARKEL GROUP INC","Financials","Aktien","8.160.071,40","0,03","8.160.071,40","3.796,00","2.149,65","Vereinigte Staaten","New York Stock Exchange Inc.","USD"
"WTW","WILLIS TOWERS WATSON PLC","Financials","Aktien","8.158.809,40","0,03","8.158.809,40","24.829,00","328,60","Vereinigte Staaten","NASDAQ","USD"
"RYA","RYANAIR HOLDINGS PLC","Industrie","Aktien","8.138.321,91","0,03","8.138.321,91","234.500,00","34,71","Irland","Irish Stock Exchange - All Market","EUR"
"JBL","JABIL INC","IT","Aktien","8.135.297,56","0,03","8.135.297,56","35.678,00","228,02","Vereinigte Staaten","New York Stock Exchange Inc.","USD"
"5803","FUJIKURA LTD","Industrie","Aktien","8.122.236,75","0,03","8.122.236,75","73.000,00","111,26","Japan","Tokyo Stock Exchange","JPY"
"DOV","DOVER CORP","Industrie","Aktien","8.113.979,16","0,03","8.113.979,16","41.559,00","195,24","Vereinigte Staaten","New York Stock Exchange Inc.","USD"
"OXY","OCCIDENTAL PETROLEUM CORP","Energie","Aktien","8.108.658,40","0,03","8.108.658,40","197.195,00","41,12","Vereinigte Staaten","New York Stock Exchange Inc.","USD"
"6981","MURATA MANUFACTURING LTD","IT","Aktien","8.061.933,71","0,03","8.061.933,71","389.300,00","20,71","Japan","Tokyo Stock Exchange","JPY"
"WEC","WEC ENERGY GROUP INC","Versorger","Aktien","8.063.577,06","0,03","8.063.577,06","76.461,00","105,46","Vereinigte Staaten","New York Stock Exchange Inc.","USD"
"STT","STATE STREET CORP","Financials","Aktien","8.018.487,54","0,03","8.018.487,54","62.154,00","129,01","Vereinigte Staaten","New York Stock Exchange Inc.","USD"
"ULTA","ULTA BEAUTY INC","Zyklische Konsumgüter ","Aktien","7.996.417,17","0,03","7.996.417,17","13.217,00","605,01","Vereinigte Staaten","NASDAQ","USD"
"SWED A","SWEDBANK","Financials","Aktien","7.990.857,79","0,03","7.990.857,79","229.418,00","34,83","Schweden","Nasdaq Omx Nordic","SEK"
"MTB","M&T BANK CORP","Financials","Aktien","7.986.062,76","0,03","7.986.062,76","39.637,00","201,48","Vereinigte Staaten","New York Stock Exchange Inc.","USD"
"TCL","TRANSURBAN GROUP STAPLED UNITS","Industrie","Aktien","7.973.888,54","0,03","7.973.888,54","841.488,00","9,48","Australien","Asx - All Markets","AUD"
"RKLB","ROCKET LAB CORP","Industrie","Aktien","7.967.010,56","0,03","7.967.010,56","114.206,00","69,76","Vereinigte Staaten","NASDAQ","USD"
"2628","CHINA LIFE INSURANCE LTD H","Financials","Aktien","7.949.996,79","0,03","7.949.996,79","2.260.000,00","3,52","China","Hong Kong Exchanges And Clearing Ltd","HKD"
"KGH","KGHM POLSKA MIEDZ SA","Materialien","Aktien","7.929.522,70","0,03","7.929.522,70","101.525,00","78,10","Polen","Warsaw Stock Exchange/Equities/Main Market","PLN"
"8053","SUMITOMO CORP","Industrie","Aktien","7.913.684,01","0,03","7.913.684,01","229.200,00","34,53","Japan","Tokyo Stock Exchange","JPY"
"PPL","PPL CORP","Versorger","Aktien","7.906.290,30","0,03","7.906.290,30","225.765,00","35,02","Vereinigte Staaten","New York Stock Exchange Inc.","USD"
"CCL","CARNIVAL CORP","Zyklische Konsumgüter ","Aktien","7.891.077,90","0,03","7.891.077,90","258.385,00","30,54","Vereinigte Staaten","New York Stock Exchange Inc.","USD"
"GIS","GENERAL MILLS INC","Nichtzyklische Konsumgüter","Aktien","7.871.985,00","0,03","7.871.985,00","169.290,00","46,50","Vereinigte Staaten","New York Stock Exchange Inc.","USD"
"WAT","WATERS CORP","Gesundheitsversorgung","Aktien","7.841.210,52","0,03","7.841.210,52","20.644,00","379,83","Vereinigte Staaten","New York Stock Exchange Inc.","USD"
"GMEXICOB","GRUPO MEXICO B","Materialien","Aktien","7.834.581,81","0,03","7.834.581,81","828.453,00","9,46","Mexiko","Bolsa Mexicana De Valores","MXN"
"KFH","KUWAIT FINANCE HOUSE","Financials","Aktien","7.829.109,16","0,03","7.829.109,16","2.968.497,00","2,64","Kuwait","Kuwait Stock Exchange","KWD"
"6752","PANASONIC HOLDINGS CORP","Zyklische Konsumgüter ","Aktien","7.814.121,98","0,03","7.814.121,98","605.300,00","12,91","Japan","Tokyo Stock Exchange","JPY"
"IR","INGERSOLL RAND INC","Industrie","Aktien","7.815.132,22","0,03","7.815.132,22","98.651,00","79,22","Vereinigte Staaten","New York Stock Exchange Inc.","USD"
"6762","TDK CORP","IT","Aktien","7.766.605,63","0,03","7.766.605,63","550.600,00","14,11","Japan","Tokyo Stock Exchange","JPY"
"CBOE","CBOE GLOBAL MARKETS INC","Financials","Aktien","7.755.398,00","0,03","7.755.398,00","30.898,00","251,00","Vereinigte Staaten","Cboe BZX","USD"
"EME","EMCOR GROUP INC","Industrie","Aktien","7.749.543,93","0,03","7.749.543,93","12.667,00","611,79","Vereinigte Staaten","New York Stock Exchange Inc.","USD"
"FANG","DIAMONDBACK ENERGY INC","Energie","Aktien","7.741.694,34","0,03","7.741.694,34","51.498,00","150,33","Vereinigte Staaten","NASDAQ","USD"
"POLI","BANK HAPOALIM BM","Financials","Aktien","7.738.474,29","0,03","7.738.474,29","342.308,00","22,61","Israel","Tel Aviv Stock Exchange","ILS"
"AV.","AVIVA PLC","Financials","Aktien","7.739.321,86","0,03","7.739.321,86","840.726,00","9,21","Vereinigtes Königreich","London Stock Exchange","GBP"
"ERIC B","ERICSSON B","IT","Aktien","7.737.352,82","0,03","7.737.352,82","787.297,00","9,83","Schweden","Nasdaq Omx Nordic","SEK"
"CSGP","COSTAR GROUP INC","Immobilien","Aktien","7.734.953,40","0,03","7.734.953,40","115.035,00","67,24","Vereinigte Staaten","NASDAQ","USD"
"GFNORTEO","GPO FINANCE BANORTE","Financials","Aktien","7.721.783,96","0,03","7.721.783,96","831.639,00","9,29","Mexiko","Bolsa Mexicana De Valores","MXN"
"2881","FUBON FINANCIAL HOLDING LTD","Financials","Aktien","7.708.859,06","0,03","7.708.859,06","2.520.460,00","3,06","Taiwan","Taiwan Stock Exchange","TWD"
"CFG","CITIZENS FINANCIAL GROUP INC","Financials","Aktien","7.697.386,62","0,03","7.697.386,62","131.782,00","58,41","Vereinigte Staaten","New York Stock Exchange Inc.","USD"
"DG","DOLLAR GENERAL CORP","Nichtzyklische Konsumgüter","Aktien","7.684.993,14","0,03","7.684.993,14","57.882,00","132,77","Vereinigte Staaten","New York Stock Exchange Inc.","USD"
"IRM","IRON MOUNTAIN INC","Immobilien","Aktien","7.678.432,65","0,03","7.678.432,65","92.567,00","82,95","Vereinigte Staaten","New York Stock Exchange Inc.","USD"
"8801","MITSUI FUDOSAN LTD","Immobilien","Aktien","7.653.838,40","0,03","7.653.838,40","673.800,00","11,36","Japan","Tokyo Stock Exchange","JPY"
"BR","BROADRIDGE FINANCIAL SOLUTIONS INC","Industrie","Aktien","7.612.775,04","0,03","7.612.775,04","34.112,00","223,17","Vereinigte Staaten","New York Stock Exchange Inc.","USD"
"AMRZ","AMRIZE AG","Materialien","Aktien","7.598.618,56","0,03","7.598.618,56","140.507,00","54,08","Vereinigte Staaten","New York Stock Exchange Inc.","USD"
"EFX","EQUIFAX INC","Industrie","Aktien","7.599.290,54","0,03","7.599.290,54","35.023,00","216,98","Vereinigte Staaten","New York Stock Exchange Inc.","USD"
"3968","CHINA MERCHANTS BANK LTD H","Financials","Aktien","7.597.610,33","0,03","7.597.610,33","1.120.000,00","6,78","China","Hong Kong Exchanges And Clearing Ltd","HKD"
"WSP","WSP GLOBAL INC","Industrie","Aktien","7.584.233,92","0,03","7.584.233,92","41.832,00","181,30","Kanada","Toronto Stock Exchange","CAD"
"PST","POSTE ITALIANE","Financials","Aktien","7.580.390,99","0,03","7.580.390,99","300.485,00","25,23","Italien","Borsa Italiana","EUR"
"QNBK","QATAR NATIONAL BANK","Financials","Aktien","7.566.750,44","0,03","7.566.750,44","1.476.449,00","5,12","Qatar","Qatar Exchange","QAR"
"AER","AERCAP HOLDINGS NV","Industrie","Aktien","7.561.344,72","0,03","7.561.344,72","52.597,00","143,76","Niederlande","New York Stock Exchange Inc.","USD"
"NTR","NUTRIEN LTD","Materialien","Aktien","7.544.916,29","0,03","7.544.916,29","122.075,00","61,81","Kanada","Toronto Stock Exchange","CAD"
"ACA","CREDIT AGRICOLE SA","Financials","Aktien","7.537.929,16","0,03","7.537.929,16","365.713,00","20,61","Frankreich","Nyse Euronext - Euronext Paris","EUR"
"ACS","ACS ACTIVIDADES DE CONSTRUCCION Y","Industrie","Aktien","7.519.746,15","0,03","7.519.746,15","75.460,00","99,65","Spanien","Bolsa De Madrid","EUR"
"6367","DAIKIN INDUSTRIES LTD","Industrie","Aktien","7.507.020,96","0,03","7.507.020,96","58.600,00","128,11","Japan","Tokyo Stock Exchange","JPY"
"HBAN","HUNTINGTON BANCSHARES INC","Financials","Aktien","7.496.882,95","0,03","7.496.882,95","432.097,00","17,35","Vereinigte Staaten","NASDAQ","USD"
"TPR","TAPESTRY INC","Zyklische Konsumgüter ","Aktien","7.463.301,24","0,03","7.463.301,24","58.412,00","127,77","Vereinigte Staaten","New York Stock Exchange Inc.","USD"
"SLM","SANLAM LIMITED LTD","Financials","Aktien","7.464.751,46","0,03","7.464.751,46","1.255.873,00","5,94","Südafrika","Johannesburg Stock Exchange","ZAR"
"FER","FERROVIAL","Industrie","Aktien","7.451.894,29","0,03","7.451.894,29","114.655,00","64,99","Spanien","Bolsa De Madrid","EUR"
"SEB A","SKANDINAVISKA ENSKILDA BANKEN","Financials","Aktien","7.427.992,09","0,03","7.427.992,09","350.985,00","21,16","Schweden","Nasdaq Omx Nordic","SEK"
"8750","DAI-ICHI LIFE HOLDINGS INC","Financials","Aktien","7.424.573,67","0,03","7.424.573,67","892.800,00","8,32","Japan","Tokyo Stock Exchange","JPY"
"4901","FUJIFILM HOLDINGS CORP","IT","Aktien","7.419.970,01","0,03","7.419.970,01","347.800,00","21,33","Japan","Tokyo Stock Exchange","JPY"
"DTE","DTE ENERGY","Versorger","Aktien","7.418.413,68","0,03","7.418.413,68","57.516,00","128,98","Vereinigte Staaten","New York Stock Exchange Inc.","USD"
"LPLA","LPL FINANCIAL HOLDINGS INC","Financials","Aktien","7.409.134,48","0,03","7.409.134,48","20.744,00","357,17","Vereinigte Staaten","NASDAQ","USD"
"FSR","FIRSTRAND LTD","Financials","Aktien","7.404.537,31","0,03","7.404.537,31","1.351.991,00","5,48","Südafrika","Johannesburg Stock Exchange","ZAR"
"6146","DISCO CORP","IT","Aktien","7.406.277,71","0,03","7.406.277,71","24.100,00","307,31","Japan","Tokyo Stock Exchange","JPY"
"STLD","STEEL DYNAMICS INC","Materialien","Aktien","7.395.306,35","0,03","7.395.306,35","43.643,00","169,45","Vereinigte Staaten","NASDAQ","USD"
"EXR","EXTRA SPACE STORAGE REIT INC","Immobilien","Aktien","7.392.328,96","0,03","7.392.328,96","56.768,00","130,22","Vereinigte Staaten","New York Stock Exchange Inc.","USD"
"ML","MICHELIN","Zyklische Konsumgüter ","Aktien","7.366.344,69","0,03","7.366.344,69","221.553,00","33,25","Frankreich","Nyse Euronext - Euronext Paris","EUR"
"WRT1V","WARTSILA","Industrie","Aktien","7.362.908,92","0,03","7.362.908,92","206.225,00","35,70","Finnland","Nasdaq Omx Helsinki Ltd.","EUR"
"HSY","HERSHEY FOODS","Nichtzyklische Konsumgüter","Aktien","7.360.363,08","0,03","7.360.363,08","40.446,00","181,98","Vereinigte Staaten","New York Stock Exchange Inc.","USD"
"TSCO","TRACTOR SUPPLY","Zyklische Konsumgüter ","Aktien","7.361.171,94","0,03","7.361.171,94","147.194,00","50,01","Vereinigte Staaten","NASDAQ","USD"
"VOD","VODAFONE GROUP PLC","Kommunikation","Aktien","7.346.936,66","0,03","7.346.936,66","5.524.073,00","1,33","Vereinigtes Königreich","London Stock Exchange","GBP"
"ASM","ASM INTERNATIONAL NV","IT","Aktien","7.322.707,02","0,03","7.322.707,02","12.046,00","607,90","Niederlande","Euronext Amsterdam","EUR"
"PHM","PULTEGROUP INC","Zyklische Konsumgüter ","Aktien","7.314.327,02","0,03","7.314.327,02","62.377,00","117,26","Vereinigte Staaten","New York Stock Exchange Inc.","USD"
"Z74","SINGAPORE TELECOMMUNICATIONS LTD","Kommunikation","Aktien","7.293.444,79","0,03","7.293.444,79","2.061.400,00","3,54","Singapur","Singapore Exchange","SGD"
"NTRS","NORTHERN TRUST CORP","Financials","Aktien","7.289.944,89","0,03","7.289.944,89","53.371,00","136,59","Vereinigte Staaten","NASDAQ","USD"
"SNA","SNAP ON INC","Industrie","Aktien","7.277.952,00","0,03","7.277.952,00","21.120,00","344,60","Vereinigte Staaten","New York Stock Exchange Inc.","USD"
"TECK.B","TECK RESOURCES SUBORDINATE VOTING","Materialien","Aktien","7.244.422,64","0,03","7.244.422,64","151.123,00","47,94","Kanada","Toronto Stock Exchange","CAD"
"KER","KERING SA","Zyklische Konsumgüter ","Aktien","7.244.469,16","0,03","7.244.469,16","20.493,00","353,51","Frankreich","Nyse Euronext - Euronext Paris","EUR"
"LH","LABCORP HOLDINGS INC","Gesundheitsversorgung","Aktien","7.232.619,52","0,03","7.232.619,52","28.829,00","250,88","Vereinigte Staaten","New York Stock Exchange Inc.","USD"
"5108","BRIDGESTONE CORP","Zyklische Konsumgüter ","Aktien","7.227.749,53","0,03","7.227.749,53","322.400,00","22,42","Japan","Tokyo Stock Exchange","JPY"
"6301","KOMATSU LTD","Industrie","Aktien","7.228.300,74","0,03","7.228.300,74","226.600,00","31,90","Japan","Tokyo Stock Exchange","JPY"
"DXCM","DEXCOM INC","Gesundheitsversorgung","Aktien","7.209.441,25","0,03","7.209.441,25","108.625,00","66,37","Vereinigte Staaten","NASDAQ","USD"
"VWS","VESTAS WIND SYSTEMS","Industrie","Aktien","7.195.216,59","0,03","7.195.216,59","263.891,00","27,27","Dänemark","Omx Nordic Exchange Copenhagen A/S","DKK"
"CPAY","CORPAY INC","Financials","Aktien","7.183.500,03","0,03","7.183.500,03","23.871,00","300,93","Vereinigte Staaten","New York Stock Exchange Inc.","USD"
"VRSN","VERISIGN INC","IT","Aktien","7.178.200,70","0,03","7.178.200,70","29.546,00","242,95","Vereinigte Staaten","NASDAQ","USD"
"BAM","BROOKFIELD ASSET MANAGEMENT VOTING","Financials","Aktien","7.174.683,71","0,03","7.174.683,71","136.783,00","52,45","Kanada","Toronto Stock Exchange","CAD"
"TEAM","ATLASSIAN CORP CLASS A","IT","Aktien","7.165.777,30","0,03","7.165.777,30","44.195,00","162,14","Vereinigte Staaten","NASDAQ","USD"
"PGHN","PARTNERS GROUP HOLDING AG","Financials","Aktien","7.166.032,94","0,03","7.166.032,94","5.779,00","1.240,01","Schweiz","SIX Swiss Exchange","CHF"
"UTHR","UNITED THERAPEUTICS CORP","Gesundheitsversorgung","Aktien","7.158.189,75","0,03","7.158.189,75","14.691,00","487,25","Vereinigte Staaten","NASDAQ","USD"
"8630","SOMPO HOLDINGS INC","Financials","Aktien","7.125.106,38","0,03","7.125.106,38","209.300,00","34,04","Japan","Tokyo Stock Exchange","JPY"
"ESLT","ELBIT SYSTEMS LTD","Industrie","Aktien","7.119.101,38","0,03","7.119.101,38","12.358,00","576,07","Israel","Tel Aviv Stock Exchange","ILS"
"7269","SUZUKI MOTOR CORP","Zyklische Konsumgüter ","Aktien","7.113.191,49","0,03","7.113.191,49","477.600,00","14,89","Japan","Tokyo Stock Exchange","JPY"
"SLHN","SWISS LIFE HOLDING AG","Financials","Aktien","7.069.398,80","0,03","7.069.398,80","6.109,00","1.157,21","Schweiz","SIX Swiss Exchange","CHF"
"HPQ","HP INC","IT","Aktien","7.063.896,28","0,03","7.063.896,28","317.051,00","22,28","Vereinigte Staaten","New York Stock Exchange Inc.","USD"
"VICI","VICI PPTYS INC","Immobilien","Aktien","7.023.897,96","0,03","7.023.897,96","249.783,00","28,12","Vereinigte Staaten","New York Stock Exchange Inc.","USD"
"FTS","FORTIS INC","Versorger","Aktien","7.007.986,69","0,03","7.007.986,69","134.616,00","52,06","Kanada","Toronto Stock Exchange","CAD"
"HAL","HALLIBURTON","Energie","Aktien","6.984.826,38","0,03","6.984.826,38","247.163,00","28,26","Vereinigte Staaten","New York Stock Exchange Inc.","USD"
"NTRA","NATERA INC","Gesundheitsversorgung","Aktien","6.969.605,07","0,03","6.969.605,07","30.423,00","229,09","Vereinigte Staaten","NASDAQ","USD"
"KEY","KEYCORP","Financials","Aktien","6.962.284,80","0,03","6.962.284,80","337.320,00","20,64","Vereinigte Staaten","New York Stock Exchange Inc.","USD"
"8604","NOMURA HOLDINGS INC","Financials","Aktien","6.943.038,06","0,03","6.943.038,06","836.500,00","8,30","Japan","Tokyo Stock Exchange","JPY"
"7182","JAPAN POST BANK LTD","Financials","Aktien","6.933.733,13","0,03","6.933.733,13","492.000,00","14,09","Japan","Tokyo Stock Exchange","JPY"
"DVN","DEVON ENERGY CORP","Energie","Aktien","6.934.059,00","0,03","6.934.059,00","189.300,00","36,63","Vereinigte Staaten","New York Stock Exchange Inc.","USD"
"NI","NISOURCE INC","Versorger","Aktien","6.932.410,56","0,03","6.932.410,56","166.006,00","41,76","Vereinigte Staaten","New York Stock Exchange Inc.","USD"
"EMAAR","EMAAR PROPERTIES","Immobilien","Aktien","6.908.239,91","0,03","6.908.239,91","1.805.927,00","3,83","Ver. Arabische Emirate","Dubai Financial Market","AED"
"NSIS B","NOVOZYMES B","Materialien","Aktien","6.896.678,00","0,03","6.896.678,00","107.553,00","64,12","Dänemark","Omx Nordic Exchange Copenhagen A/S","DKK"
"CNP","CENTERPOINT ENERGY INC","Versorger","Aktien","6.884.100,36","0,03","6.884.100,36","179.554,00","38,34","Vereinigte Staaten","New York Stock Exchange Inc.","USD"
"8309","SUMITOMO MITSUI TRUST GROUP INC","Financials","Aktien","6.881.537,53","0,03","6.881.537,53","225.800,00","30,48","Japan","Tokyo Stock Exchange","JPY"
"NXT","NEXT PLC","Zyklische Konsumgüter ","Aktien","6.880.418,20","0,03","6.880.418,20","37.393,00","184,00","Vereinigtes Königreich","London Stock Exchange","GBP"
"LDOS","LEIDOS HOLDINGS INC","Industrie","Aktien","6.877.750,00","0,03","6.877.750,00","38.125,00","180,40","Vereinigte Staaten","New York Stock Exchange Inc.","USD"
"EXPD","EXPEDITORS INTERNATIONAL OF WASHIN","Industrie","Aktien","6.872.788,23","0,03","6.872.788,23","46.123,00","149,01","Vereinigte Staaten","New York Stock Exchange Inc.","USD"
"VOW3","VOLKSWAGEN NON-VOTING PREF AG","Zyklische Konsumgüter ","Aktien","6.869.991,67","0,03","6.869.991,67","56.490,00","121,61","Deutschland","Xetra","EUR"
"RDDT","REDDIT INC CLASS A","Kommunikation","Aktien","6.839.551,98","0,03","6.839.551,98","29.754,00","229,87","Vereinigte Staaten","New York Stock Exchange Inc.","USD"
"AVB","AVALONBAY COMMUNITIES REIT INC","Immobilien","Aktien","6.841.188,92","0,03","6.841.188,92","37.732,00","181,31","Vereinigte Staaten","New York Stock Exchange Inc.","USD"
"FEMSAUBD","FOMENTO ECONOMICO MEXICANO","Nichtzyklische Konsumgüter","Aktien","6.823.196,64","0,03","6.823.196,64","674.572,00","10,11","Mexiko","Bolsa Mexicana De Valores","MXN"
"055550","SHINHAN FINANCIAL GROUP LTD","Financials","Aktien","6.820.988,09","0,03","6.820.988,09","127.776,00","53,38","Korea","Korea Exchange (Stock Market)","KRW"
"CIMB","CIMB GROUP HOLDINGS","Financials","Aktien","6.787.682,42","0,03","6.787.682,42","3.338.717,00","2,03","Malaysia","Bursa Malaysia","MYR"
"CAP","CAPGEMINI","IT","Aktien","6.720.878,50","0,03","6.720.878,50","40.229,00","167,07","Frankreich","Nyse Euronext - Euronext Paris","EUR"
"402340","SK SQUARE LTD","Industrie","Aktien","6.712.924,92","0,03","6.712.924,92","26.278,00","255,46","Korea","Korea Exchange (Stock Market)","KRW"
"LULU","LULULEMON ATHLETICA INC","Zyklische Konsumgüter ","Aktien","6.713.509,86","0,03","6.713.509,86","32.306,00","207,81","Vereinigte Staaten","NASDAQ","USD"
"ADVANC.R","ADVANCED INFO SERVICE NON-VOTING D","Kommunikation","Aktien","6.714.026,35","0,03","6.714.026,35","675.800,00","9,93","Thailand","Stock Exchange Of Thailand","THB"
"WKL","WOLTERS KLUWER NV","Industrie","Aktien","6.712.061,57","0,03","6.712.061,57","64.694,00","103,75","Niederlande","Euronext Amsterdam","EUR"
"7751","CANON INC","IT","Aktien","6.688.876,20","0,03","6.688.876,20","226.300,00","29,56","Japan","Tokyo Stock Exchange","JPY"
"IBKR","INTERACTIVE BROKERS GROUP INC CLAS","Financials","Aktien","6.656.213,62","0,03","6.656.213,62","103.502,00","64,31","Vereinigte Staaten","NASDAQ","USD"
"LNT","ALLIANT ENERGY CORP","Versorger","Aktien","6.656.373,90","0,03","6.656.373,90","102.390,00","65,01","Vereinigte Staaten","NASDAQ","USD"
"8591","ORIX CORP","Financials","Aktien","6.632.927,37","0,03","6.632.927,37","228.300,00","29,05","Japan","Tokyo Stock Exchange","JPY"
"2328","PICC PROPERTY AND CASUALTY LTD H","Financials","Aktien","6.614.623,24","0,03","6.614.623,24","3.147.000,00","2,10","China","Hong Kong Exchanges And Clearing Ltd","HKD"
"LGEN","LEGAL AND GENERAL GROUP PLC","Financials","Aktien","6.598.793,96","0,03","6.598.793,96","1.873.228,00","3,52","Vereinigtes Königreich","London Stock Exchange","GBP"
"FRE","FRESENIUS SE AND CO KGAA","Gesundheitsversorgung","Aktien","6.597.434,38","0,03","6.597.434,38","114.689,00","57,52","Deutschland","Xetra","EUR"
"ALL","ARISTOCRAT LEISURE LTD","Zyklische Konsumgüter ","Aktien","6.598.534,00","0,03","6.598.534,00","170.077,00","38,80","Australien","Asx - All Markets","AUD"
"WOW","WOOLWORTHS GROUP LTD","Nichtzyklische Konsumgüter","Aktien","6.593.137,27","0,03","6.593.137,27","336.521,00","19,59","Australien","Asx - All Markets","AUD"
"BIIB","BIOGEN INC","Gesundheitsversorgung","Aktien","6.583.609,91","0,03","6.583.609,91","37.409,00","175,99","Vereinigte Staaten","NASDAQ","USD"
"BAP","CREDICORP LTD","Financials","Aktien","6.534.703,00","0,03","6.534.703,00","22.769,00","287,00","Peru","New York Stock Exchange Inc.","USD"
"WRB","WR BERKLEY CORP","Financials","Aktien","6.533.150,52","0,03","6.533.150,52","93.171,00","70,12","Vereinigte Staaten","New York Stock Exchange Inc.","USD"
"GEBN","GEBERIT AG","Industrie","Aktien","6.513.131,97","0,03","6.513.131,97","8.328,00","782,08","Schweiz","SIX Swiss Exchange","CHF"
"DRI","DARDEN RESTAURANTS INC","Zyklische Konsumgüter ","Aktien","6.505.659,06","0,03","6.505.659,06","35.353,00","184,02","Vereinigte Staaten","New York Stock Exchange Inc.","USD"
"EQR","EQUITY RESIDENTIAL REIT","Immobilien","Aktien","6.507.619,20","0,03","6.507.619,20","103.230,00","63,04","Vereinigte Staaten","New York Stock Exchange Inc.","USD"
"SSNC","SS AND C TECHNOLOGIES HOLDINGS INC","Industrie","Aktien","6.497.666,34","0,03","6.497.666,34","74.327,00","87,42","Vereinigte Staaten","NASDAQ","USD"
"ABN","ABN AMRO BANK NV","Financials","Aktien","6.492.897,49","0,03","6.492.897,49","185.581,00","34,99","Niederlande","Euronext Amsterdam","EUR"
"STE","STERIS","Gesundheitsversorgung","Aktien","6.474.140,24","0,03","6.474.140,24","25.537,00","253,52","Vereinigte Staaten","New York Stock Exchange Inc.","USD"
"DLTR","DOLLAR TREE INC","Nichtzyklische Konsumgüter","Aktien","6.459.624,13","0,02","6.459.624,13","52.513,00","123,01","Vereinigte Staaten","NASDAQ","USD"
"ROL","ROLLINS INC","Industrie","Aktien","6.449.509,12","0,02","6.449.509,12","107.456,00","60,02","Vereinigte Staaten","New York Stock Exchange Inc.","USD"
"2412","CHUNGHWA TELECOM LTD","Kommunikation","Aktien","6.450.136,06","0,02","6.450.136,06","1.553.000,00","4,15","Taiwan","Taiwan Stock Exchange","TWD"
"8308","RESONA HOLDINGS INC","Financials","Aktien","6.447.489,23","0,02","6.447.489,23","676.900,00","9,53","Japan","Tokyo Stock Exchange","JPY"
"8830","SUMITOMO REALTY & DEVELOPMENT LTD","Immobilien","Aktien","6.436.895,59","0,02","6.436.895,59","256.600,00","25,09","Japan","Tokyo Stock Exchange","JPY"
"FMG","FORTESCUE LTD","Materialien","Aktien","6.437.625,92","0,02","6.437.625,92","438.609,00","14,68","Australien","Asx - All Markets","AUD"
"STZ","CONSTELLATION BRANDS INC CLASS A","Nichtzyklische Konsumgüter","Aktien","6.434.040,52","0,02","6.434.040,52","46.637,00","137,96","Vereinigte Staaten","New York Stock Exchange Inc.","USD"
"035420","NAVER CORP","Kommunikation","Aktien","6.425.143,17","0,02","6.425.143,17","38.168,00","168,34","Korea","Korea Exchange (Stock Market)","KRW"
"CVE","CENOVUS ENERGY INC","Energie","Aktien","6.408.652,24","0,02","6.408.652,24","378.323,00","16,94","Kanada","Toronto Stock Exchange","CAD"
"TRMB","TRIMBLE INC","IT","Aktien","6.405.425,90","0,02","6.405.425,90","81.754,00","78,35","Vereinigte Staaten","NASDAQ","USD"
"ON","ON SEMICONDUCTOR CORP","IT","Aktien","6.375.837,60","0,02","6.375.837,60","117.744,00","54,15","Vereinigte Staaten","NASDAQ","USD"
"HUBB","HUBBELL INC","Industrie","Aktien","6.355.214,10","0,02","6.355.214,10","14.310,00","444,11","Vereinigte Staaten","New York Stock Exchange Inc.","USD"
"EL","ESTEE LAUDER INC CLASS A","Nichtzyklische Konsumgüter","Aktien","6.346.346,16","0,02","6.346.346,16","60.603,00","104,72","Vereinigte Staaten","New York Stock Exchange Inc.","USD"
"WST","WEST PHARMACEUTICAL SERVICES INC","Gesundheitsversorgung","Aktien","6.343.077,56","0,02","6.343.077,56","23.054,00","275,14","Vereinigte Staaten","New York Stock Exchange Inc.","USD"
"DTG","DAIMLER TRUCK HOLDING E AG","Industrie","Aktien","6.335.695,02","0,02","6.335.695,02","144.550,00","43,83","Deutschland","Xetra","EUR"
"RF","REGIONS FINANCIAL CORP","Financials","Aktien","6.324.570,90","0,02","6.324.570,90","233.379,00","27,10","Vereinigte Staaten","New York Stock Exchange Inc.","USD"
"CEMEXCPO","CEMEX CPO","Materialien","Aktien","6.325.056,79","0,02","6.325.056,79","5.501.759,00","1,15","Mexiko","Bolsa Mexicana De Valores","MXN"
"SBK","STANDARD BANK GROUP","Financials","Aktien","6.309.899,53","0,02","6.309.899,53","360.038,00","17,53","Südafrika","Johannesburg Stock Exchange","ZAR"
"LDO","LEONARDO FINMECCANICA SPA","Industrie","Aktien","6.304.536,11","0,02","6.304.536,11","109.196,00","57,74","Italien","Borsa Italiana","EUR"
"IT","GARTNER INC","IT","Aktien","6.302.206,68","0,02","6.302.206,68","24.981,00","252,28","Vereinigte Staaten","New York Stock Exchange Inc.","USD"
"4452","KAO CORP","Nichtzyklische Konsumgüter","Aktien","6.287.163,23","0,02","6.287.163,23","157.400,00","39,94","Japan","Tokyo Stock Exchange","JPY"
"HEXA B","HEXAGON CLASS B","IT","Aktien","6.284.870,97","0,02","6.284.870,97","529.123,00","11,88","Schweden","Nasdaq Omx Nordic","SEK"
"VIE","VEOLIA ENVIRON. SA","Versorger","Aktien","6.272.959,70","0,02","6.272.959,70","179.717,00","34,90","Frankreich","Nyse Euronext - Euronext Paris","EUR"
"CNC","CENTENE CORP","Gesundheitsversorgung","Aktien","6.270.889,65","0,02","6.270.889,65","152.391,00","41,15","Vereinigte Staaten","New York Stock Exchange Inc.","USD"
"EXE","EXPAND ENERGY CORP","Energie","Aktien","6.251.342,20","0,02","6.251.342,20","56.645,00","110,36","Vereinigte Staaten","NASDAQ","USD"
"CMS","CMS ENERGY CORP","Versorger","Aktien","6.247.616,13","0,02","6.247.616,13","89.341,00","69,93","Vereinigte Staaten","New York Stock Exchange Inc.","USD"
"EIX","EDISON INTERNATIONAL","Versorger","Aktien","6.243.880,60","0,02","6.243.880,60","104.030,00","60,02","Vereinigte Staaten","New York Stock Exchange Inc.","USD"
"PPG","PPG INDUSTRIES INC","Materialien","Aktien","6.244.117,32","0,02","6.244.117,32","60.942,00","102,46","Vereinigte Staaten","New York Stock Exchange Inc.","USD"
"1802","OBAYASHI CORP","Industrie","Aktien","6.244.145,59","0,02","6.244.145,59","299.400,00","20,86","Japan","Tokyo Stock Exchange","JPY"
"TWLO","TWILIO INC CLASS A","IT","Aktien","6.235.374,88","0,02","6.235.374,88","43.837,00","142,24","Vereinigte Staaten","New York Stock Exchange Inc.","USD"
"PRY","PRYSMIAN","Industrie","Aktien","6.223.692,70","0,02","6.223.692,70","61.348,00","101,45","Italien","Borsa Italiana","EUR"
"5713","SUMITOMO METAL MINING LTD","Materialien","Aktien","6.213.227,85","0,02","6.213.227,85","153.200,00","40,56","Japan","Tokyo Stock Exchange","JPY"
"MTX","MTU AERO ENGINES HOLDING AG","Industrie","Aktien","6.204.150,04","0,02","6.204.150,04","14.868,00","417,28","Deutschland","Xetra","EUR"
"STLAM","STELLANTIS NV","Zyklische Konsumgüter ","Aktien","6.199.367,71","0,02","6.199.367,71","557.925,00","11,11","Italien","Borsa Italiana","EUR"
"PTC","PTC INC","IT","Aktien","6.189.855,51","0,02","6.189.855,51","35.531,00","174,21","Vereinigte Staaten","NASDAQ","USD"
"TROW","T ROWE PRICE GROUP INC","Financials","Aktien","6.169.111,66","0,02","6.169.111,66","60.257,00","102,38","Vereinigte Staaten","NASDAQ","USD"
"IHG","INTERCONTINENTAL HOTELS GROUP PLC","Zyklische Konsumgüter ","Aktien","6.168.510,13","0,02","6.168.510,13","43.844,00","140,69","Vereinigtes Königreich","London Stock Exchange","GBP"
"6971","KYOCERA CORP","IT","Aktien","6.148.994,86","0,02","6.148.994,86","438.800,00","14,01","Japan","Tokyo Stock Exchange","JPY"
"034020","DOOSAN ENERBILITY LTD","Industrie","Aktien","6.138.945,47","0,02","6.138.945,47","117.443,00","52,27","Korea","Korea Exchange (Stock Market)","KRW"
"FWONK","LIBERTY MEDIA FORMULA ONE SERIES C","Kommunikation","Aktien","6.139.143,20","0,02","6.139.143,20","62.320,00","98,51","Vereinigte Staaten","NASDAQ","USD"
"2802","AJINOMOTO INC","Nichtzyklische Konsumgüter","Aktien","6.134.794,09","0,02","6.134.794,09","289.900,00","21,16","Japan","Tokyo Stock Exchange","JPY"
"ALDAR","ALDAR PROPERTIES","Immobilien","Aktien","6.128.159,76","0,02","6.128.159,76","2.587.140,00","2,37","Ver. Arabische Emirate","Abu Dhabi Securities Exchange","AED"
"SAMPO","SAMPO CLASS A","Financials","Aktien","6.129.424,31","0,02","6.129.424,31","505.225,00","12,13","Finnland","Nasdaq Omx Helsinki Ltd.","EUR"
"4307","NOMURA RESEARCH INSTITUTE LTD","IT","Aktien","6.122.985,74","0,02","6.122.985,74","159.400,00","38,41","Japan","Tokyo Stock Exchange","JPY"
"CRDO","CREDO TECHNOLOGY GROUP HOLDING LTD","IT","Aktien","6.123.526,73","0,02","6.123.526,73","42.557,00","143,89","Vereinigte Staaten","NASDAQ","USD"
"SBAC","SBA COMMUNICATIONS REIT CORP CLASS","Immobilien","Aktien","6.114.902,59","0,02","6.114.902,59","31.613,00","193,43","Vereinigte Staaten","NASDAQ","USD"
"PPL","PEMBINA PIPELINE CORP","Energie","Aktien","6.101.994,09","0,02","6.101.994,09","159.960,00","38,15","Kanada","Toronto Stock Exchange","CAD"
"FE","FIRSTENERGY CORP","Versorger","Aktien","6.096.733,83","0,02","6.096.733,83","136.179,00","44,77","Vereinigte Staaten","New York Stock Exchange Inc.","USD"
"TRI","THOMSON REUTERS CORP","Industrie","Aktien","6.086.470,13","0,02","6.086.470,13","46.061,00","132,14","Kanada","Toronto Stock Exchange","CAD"
"VLTO","VERALTO CORP","Industrie","Aktien","6.083.686,38","0,02","6.083.686,38","60.971,00","99,78","Vereinigte Staaten","New York Stock Exchange Inc.","USD"
"PNR","PENTAIR","Industrie","Aktien","6.083.858,80","0,02","6.083.858,80","58.420,00","104,14","Vereinigte Staaten","New York Stock Exchange Inc.","USD"
"PFG","PRINCIPAL FINANCIAL GROUP INC","Financials","Aktien","6.076.610,48","0,02","6.076.610,48","68.888,00","88,21","Vereinigte Staaten","NASDAQ","USD"
"ZS","ZSCALER INC","IT","Aktien","6.061.144,16","0,02","6.061.144,16","26.948,00","224,92","Vereinigte Staaten","NASDAQ","USD"
"4503","ASTELLAS PHARMA INC","Gesundheitsversorgung","Aktien","6.058.209,83","0,02","6.058.209,83","453.700,00","13,35","Japan","Tokyo Stock Exchange","JPY"
"6902","DENSO CORP","Zyklische Konsumgüter ","Aktien","6.057.737,09","0,02","6.057.737,09","440.000,00","13,77","Japan","Tokyo Stock Exchange","JPY"
"9020","EAST JAPAN RAILWAY","Industrie","Aktien","6.055.187,73","0,02","6.055.187,73","229.700,00","26,36","Japan","Tokyo Stock Exchange","JPY"
"HEIA","HEINEKEN NV","Nichtzyklische Konsumgüter","Aktien","6.050.980,13","0,02","6.050.980,13","73.877,00","81,91","Niederlande","Euronext Amsterdam","EUR"
"2303","UNITED MICRO ELECTRONICS CORP","IT","Aktien","6.048.781,85","0,02","6.048.781,85","3.859.000,00","1,57","Taiwan","Taiwan Stock Exchange","TWD"
"LYV","LIVE NATION ENTERTAINMENT INC","Kommunikation","Aktien","6.022.192,50","0,02","6.022.192,50","42.261,00","142,50","Vereinigte Staaten","New York Stock Exchange Inc.","USD"
"WSM","WILLIAMS SONOMA INC","Zyklische Konsumgüter ","Aktien","5.996.159,25","0,02","5.996.159,25","33.575,00","178,59","Vereinigte Staaten","New York Stock Exchange Inc.","USD"
"1801","TAISEI CORP","Industrie","Aktien","5.990.975,79","0,02","5.990.975,79","63.300,00","94,64","Japan","Tokyo Stock Exchange","JPY"
"ATO","ATMOS ENERGY CORP","Versorger","Aktien","5.989.252,27","0,02","5.989.252,27","35.729,00","167,63","Vereinigte Staaten","New York Stock Exchange Inc.","USD"
"PAAS","PAN AMERICAN SILVER CORP","Materialien","Aktien","5.965.292,31","0,02","5.965.292,31","114.909,00","51,91","Kanada","Toronto Stock Exchange","CAD"
"BRO","BROWN & BROWN INC","Financials","Aktien","5.966.342,00","0,02","5.966.342,00","74.860,00","79,70","Vereinigte Staaten","New York Stock Exchange Inc.","USD"
"6723","RENESAS ELECTRONICS CORP","IT","Aktien","5.962.155,09","0,02","5.962.155,09","436.700,00","13,65","Japan","Tokyo Stock Exchange","JPY"
"1812","KAJIMA CORP","Industrie","Aktien","5.945.003,03","0,02","5.945.003,03","159.700,00","37,23","Japan","Tokyo Stock Exchange","JPY"
"012450","HANWHA AEROSPACE LTD","Industrie","Aktien","5.937.794,59","0,02","5.937.794,59","9.090,00","653,22","Korea","Korea Exchange (Stock Market)","KRW"
"ALAB","ASTERA LABS INC","IT","Aktien","5.912.434,40","0,02","5.912.434,40","35.540,00","166,36","Vereinigte Staaten","NASDAQ","USD"
"H","HYDRO ONE LTD","Versorger","Aktien","5.892.509,94","0,02","5.892.509,94","147.825,00","39,86","Kanada","Toronto Stock Exchange","CAD"
"033780","KT&G CORP","Nichtzyklische Konsumgüter","Aktien","5.892.531,05","0,02","5.892.531,05","59.736,00","98,64","Korea","Korea Exchange (Stock Market)","KRW"
"INCY","INCYTE CORP","Gesundheitsversorgung","Aktien","5.889.260,02","0,02","5.889.260,02","59.626,00","98,77","Vereinigte Staaten","NASDAQ","USD"
"NST","NORTHERN STAR RESOURCES LTD","Materialien","Aktien","5.873.821,64","0,02","5.873.821,64","329.529,00","17,82","Australien","Asx - All Markets","AUD"
"009540","HD KOREA SHIPBUILDING & OFFSHORE E","Industrie","Aktien","5.870.428,66","0,02","5.870.428,66","20.778,00","282,53","Korea","Korea Exchange (Stock Market)","KRW"
"SAB","BANCO DE SABADELL SA","Financials","Aktien","5.857.026,40","0,02","5.857.026,40","1.482.032,00","3,95","Spanien","Bolsa De Madrid","EUR"
"GMAB","GENMAB","Gesundheitsversorgung","Aktien","5.842.971,89","0,02","5.842.971,89","18.332,00","318,73","Dänemark","Omx Nordic Exchange Copenhagen A/S","DKK"
"AEE","AMEREN CORP","Versorger","Aktien","5.837.316,30","0,02","5.837.316,30","58.455,00","99,86","Vereinigte Staaten","New York Stock Exchange Inc.","USD"
"FAB","FIRST ABU DHABI BANK","Financials","Aktien","5.826.880,21","0,02","5.826.880,21","1.227.153,00","4,75","Ver. Arabische Emirate","Abu Dhabi Securities Exchange","AED"
"CDW","CDW CORP","IT","Aktien","5.794.629,00","0,02","5.794.629,00","42.545,00","136,20","Vereinigte Staaten","NASDAQ","USD"
"PSTG","PURE STORAGE INC CLASS A","IT","Aktien","5.790.535,13","0,02","5.790.535,13","86.413,00","67,01","Vereinigte Staaten","New York Stock Exchange Inc.","USD"
"FCNCA","FIRST CITIZENS BANCSHARES INC CLAS","Financials","Aktien","5.783.955,10","0,02","5.783.955,10","2.695,00","2.146,18","Vereinigte Staaten","NASDAQ","USD"
"NTAP","NETAPP INC","IT","Aktien","5.781.039,47","0,02","5.781.039,47","53.983,00","107,09","Vereinigte Staaten","NASDAQ","USD"
"QBE","QBE INSURANCE GROUP LTD","Financials","Aktien","5.777.989,27","0,02","5.777.989,27","435.626,00","13,26","Australien","Asx - All Markets","AUD"
"HBAN","HELVETIA BALOISE HOLDING N AG","Financials","Aktien","5.749.864,31","0,02","5.749.864,31","21.775,00","264,06","Schweiz","SIX Swiss Exchange","CHF"
"HEIA","HEICO CORP CLASS A","Industrie","Aktien","5.736.976,61","0,02","5.736.976,61","22.727,00","252,43","Vereinigte Staaten","New York Stock Exchange Inc.","USD"
"AWK","AMERICAN WATER WORKS INC","Versorger","Aktien","5.733.648,00","0,02","5.733.648,00","43.936,00","130,50","Vereinigte Staaten","New York Stock Exchange Inc.","USD"
"CYBR","CYBER ARK SOFTWARE LTD","IT","Aktien","5.730.086,76","0,02","5.730.086,76","12.846,00","446,06","Israel","NASDAQ","USD"
"CPI","CAPITEC LTD","Financials","Aktien","5.728.081,85","0,02","5.728.081,85","22.839,00","250,80","Südafrika","Johannesburg Stock Exchange","ZAR"
"2388","BOC HONG KONG HOLDINGS LTD","Financials","Aktien","5.720.420,12","0,02","5.720.420,12","1.129.500,00","5,06","Hongkong","Hong Kong Exchanges And Clearing Ltd","HKD"
"000810","SAMSUNG FIRE & MARINE INSURANCE LT","Financials","Aktien","5.718.492,94","0,02","5.718.492,94","16.575,00","345,01","Korea","Korea Exchange (Stock Market)","KRW"
"BXB","BRAMBLES LTD","Industrie","Aktien","5.692.660,25","0,02","5.692.660,25","371.805,00","15,31","Australien","Asx - All Markets","AUD"
"068270","CELLTRION INC","Gesundheitsversorgung","Aktien","5.683.240,43","0,02","5.683.240,43","45.232,00","125,65","Korea","Korea Exchange (Stock Market)","KRW"
"L","LOBLAW COMPANIES LTD","Nichtzyklische Konsumgüter","Aktien","5.662.608,54","0,02","5.662.608,54","125.093,00","45,27","Kanada","Toronto Stock Exchange","CAD"
"LVS","LAS VEGAS SANDS CORP","Zyklische Konsumgüter ","Aktien","5.646.362,23","0,02","5.646.362,23","86.747,00","65,09","Vereinigte Staaten","New York Stock Exchange Inc.","USD"
"MT","ARCELORMITTAL SA","Materialien","Aktien","5.648.444,64","0,02","5.648.444,64","123.035,00","45,91","Frankreich","Euronext Amsterdam","EUR"
"GPC","GENUINE PARTS","Zyklische Konsumgüter ","Aktien","5.643.249,20","0,02","5.643.249,20","45.895,00","122,96","Vereinigte Staaten","New York Stock Exchange Inc.","USD"
"1088","CHINA SHENHUA ENERGY LTD H","Energie","Aktien","5.632.941,48","0,02","5.632.941,48","1.130.000,00","4,98","China","Hong Kong Exchanges And Clearing Ltd","HKD"
"857","PETROCHINA LTD H","Energie","Aktien","5.620.042,40","0,02","5.620.042,40","5.220.000,00","1,08","China","Hong Kong Exchanges And Clearing Ltd","HKD"
"OMC","OMNICOM GROUP INC","Kommunikation","Aktien","5.603.807,75","0,02","5.603.807,75","69.397,00","80,75","Vereinigte Staaten","New York Stock Exchange Inc.","USD"
"REP","REPSOL SA","Energie","Aktien","5.593.279,13","0,02","5.593.279,13","299.056,00","18,70","Spanien","Bolsa De Madrid","EUR"
"12","HENDERSON LAND DEVELOPMENT LTD","Immobilien","Aktien","5.589.315,86","0,02","5.589.315,86","1.546.000,00","3,62","Hongkong","Hong Kong Exchanges And Clearing Ltd","HKD"
"8802","MITSUBISHI ESTATE CO LTD","Immobilien","Aktien","5.579.934,93","0,02","5.579.934,93","228.900,00","24,38","Japan","Tokyo Stock Exchange","JPY"
"4543","TERUMO CORP","Gesundheitsversorgung","Aktien","5.566.927,17","0,02","5.566.927,17","384.400,00","14,48","Japan","Tokyo Stock Exchange","JPY"
"6","POWER ASSETS HOLDINGS LTD","Versorger","Aktien","5.562.118,58","0,02","5.562.118,58","785.000,00","7,09","Hongkong","Hong Kong Exchanges And Clearing Ltd","HKD"
"ILMN","ILLUMINA INC","Gesundheitsversorgung","Aktien","5.553.576,72","0,02","5.553.576,72","42.342,00","131,16","Vereinigte Staaten","NASDAQ","USD"
"GPN","GLOBAL PAYMENTS INC","Financials","Aktien","5.548.806,00","0,02","5.548.806,00","71.690,00","77,40","Vereinigte Staaten","New York Stock Exchange Inc.","USD"
"LEN","LENNAR A CORP CLASS A","Zyklische Konsumgüter ","Aktien","5.543.695,60","0,02","5.543.695,60","53.927,00","102,80","Vereinigte Staaten","New York Stock Exchange Inc.","USD"
"BMPS","BANCA MONTE DEI PASCHI DI SIENA SP","Financials","Aktien","5.535.008,12","0,02","5.535.008,12","516.194,00","10,72","Italien","Borsa Italiana","EUR"
"1216","UNI-PRESIDENT ENTERPRISES CORP","Nichtzyklische Konsumgüter","Aktien","5.506.528,35","0,02","5.506.528,35","2.244.071,00","2,45","Taiwan","Taiwan Stock Exchange","TWD"
"GEN","GEN DIGITAL INC","IT","Aktien","5.499.666,92","0,02","5.499.666,92","202.268,00","27,19","Vereinigte Staaten","NASDAQ","USD"
"BID","BID CORPORATION LTD","Nichtzyklische Konsumgüter","Aktien","5.497.345,45","0,02","5.497.345,45","215.922,00","25,46","Südafrika","Johannesburg Stock Exchange","ZAR"
"FM","FIRST QUANTUM MINERALS LTD","Materialien","Aktien","5.491.475,47","0,02","5.491.475,47","204.550,00","26,85","Kanada","Toronto Stock Exchange","CAD"
"SHB A","SVENSKA HANDELSBANKEN-A SHS","Financials","Aktien","5.492.890,45","0,02","5.492.890,45","376.910,00","14,57","Schweden","Nasdaq Omx Nordic","SEK"
"BIRG","BANK OF IRELAND GROUP PLC","Financials","Aktien","5.482.761,42","0,02","5.482.761,42","285.091,00","19,23","Irland","Irish Stock Exchange - All Market","EUR"
"EVRG","EVERGY INC","Versorger","Aktien","5.455.887,36","0,02","5.455.887,36","75.264,00","72,49","Vereinigte Staaten","NASDAQ","USD"
"QSR","RESTAURANTS BRANDS INTERNATIONAL I","Zyklische Konsumgüter ","Aktien","5.449.601,04","0,02","5.449.601,04","79.757,00","68,33","Kanada","Toronto Stock Exchange","CAD"
"SW","SMURFIT WESTROCK PLC","Materialien","Aktien","5.432.632,29","0,02","5.432.632,29","140.487,00","38,67","Vereinigte Staaten","New York Stock Exchange Inc.","USD"
"9532","OSAKA GAS LTD","Versorger","Aktien","5.428.441,10","0,02","5.428.441,10","156.700,00","34,64","Japan","Tokyo Stock Exchange","JPY"
"CHTR","CHARTER COMMUNICATIONS INC CLASS A","Kommunikation","Aktien","5.400.571,25","0,02","5.400.571,25","25.871,00","208,75","Vereinigte Staaten","NASDAQ","USD"
"1","CK HUTCHISON HOLDINGS LTD","Industrie","Aktien","5.402.117,71","0,02","5.402.117,71","794.096,00","6,80","Hongkong","Hong Kong Exchanges And Clearing Ltd","HKD"
"BAER","JULIUS BAER GRUPPE AG","Financials","Aktien","5.399.913,66","0,02","5.399.913,66","68.559,00","78,76","Schweiz","SIX Swiss Exchange","CHF"
"CCH","COCA COLA HBC AG","Nichtzyklische Konsumgüter","Aktien","5.397.540,60","0,02","5.397.540,60","104.448,00","51,68","Vereinigtes Königreich","London Stock Exchange","GBP"
"TRU","TRANSUNION","Industrie","Aktien","5.392.817,50","0,02","5.392.817,50","62.890,00","85,75","Vereinigte Staaten","New York Stock Exchange Inc.","USD"
"ES","EVERSOURCE ENERGY","Versorger","Aktien","5.388.083,25","0,02","5.388.083,25","80.025,00","67,33","Vereinigte Staaten","New York Stock Exchange Inc.","USD"
"TSN","TYSON FOODS INC CLASS A","Nichtzyklische Konsumgüter","Aktien","5.374.574,70","0,02","5.374.574,70","91.685,00","58,62","Vereinigte Staaten","New York Stock Exchange Inc.","USD"
"BAMI","BANCO BPM","Financials","Aktien","5.369.507,82","0,02","5.369.507,82","351.147,00","15,29","Italien","Borsa Italiana","EUR"
"CHRW","CH ROBINSON WORLDWIDE INC","Industrie","Aktien","5.349.289,00","0,02","5.349.289,00","33.275,00","160,76","Vereinigte Staaten","NASDAQ","USD"
"STMPA","STMICROELECTRONICS NV","IT","Aktien","5.347.386,46","0,02","5.347.386,46","202.901,00","26,35","Frankreich","Nyse Euronext - Euronext Paris","EUR"
"GJF","GJENSIDIGE FORSIKRING","Financials","Aktien","5.339.913,65","0,02","5.339.913,65","178.354,00","29,94","Norwegen","Oslo Bors Asa","NOK"
"PODD","INSULET CORP","Gesundheitsversorgung","Aktien","5.336.321,76","0,02","5.336.321,76","18.774,00","284,24","Vereinigte Staaten","NASDAQ","USD"
"CTRA","COTERRA ENERGY INC","Energie","Aktien","5.328.247,12","0,02","5.328.247,12","202.441,00","26,32","Vereinigte Staaten","New York Stock Exchange Inc.","USD"
"2382","QUANTA COMPUTER INC","IT","Aktien","5.323.912,73","0,02","5.323.912,73","615.000,00","8,66","Taiwan","Taiwan Stock Exchange","TWD"
"IP","INTERNATIONAL PAPER","Materialien","Aktien","5.320.879,98","0,02","5.320.879,98","135.082,00","39,39","Vereinigte Staaten","New York Stock Exchange Inc.","USD"
"DSY","DASSAULT SYSTEMES","IT","Aktien","5.281.542,24","0,02","5.281.542,24","188.634,00","28,00","Frankreich","Nyse Euronext - Euronext Paris","EUR"
"8473","SBI HOLDINGS INC","Financials","Aktien","5.270.981,53","0,02","5.270.981,53","244.800,00","21,53","Japan","Tokyo Stock Exchange","JPY"
"EQNR","EQUINOR","Energie","Aktien","5.269.692,42","0,02","5.269.692,42","224.281,00","23,50","Norwegen","Oslo Bors Asa","NOK"
"1925","DAIWA HOUSE INDUSTRY LTD","Immobilien","Aktien","5.266.148,20","0,02","5.266.148,20","158.800,00","33,16","Japan","Tokyo Stock Exchange","JPY"
"BURL","BURLINGTON STORES INC","Zyklische Konsumgüter ","Aktien","5.268.335,15","0,02","5.268.335,15","18.239,00","288,85","Vereinigte Staaten","New York Stock Exchange Inc.","USD"
"BE","BLOOM ENERGY CLASS A CORP","Industrie","Aktien","5.258.756,58","0,02","5.258.756,58","60.522,00","86,89","Vereinigte Staaten","New York Stock Exchange Inc.","USD"
"PHIA","KONINKLIJKE PHILIPS NV","Gesundheitsversorgung","Aktien","5.259.213,69","0,02","5.259.213,69","192.686,00","27,29","Niederlande","Euronext Amsterdam","EUR"
"AMXB","AMERICA MOVIL B","Kommunikation","Aktien","5.249.594,03","0,02","5.249.594,03","5.066.295,00","1,04","Mexiko","Bolsa Mexicana De Valores","MXN"
"MKC","MCCORMICK & CO NON-VOTING INC","Nichtzyklische Konsumgüter","Aktien","5.231.188,55","0,02","5.231.188,55","76.805,00","68,11","Vereinigte Staaten","New York Stock Exchange Inc.","USD"
"HUBS","HUBSPOT INC","IT","Aktien","5.228.939,00","0,02","5.228.939,00","13.030,00","401,30","Vereinigte Staaten","New York Stock Exchange Inc.","USD"
"WALMEX*","WALMART DE MEXICO V","Nichtzyklische Konsumgüter","Aktien","5.223.029,26","0,02","5.223.029,26","1.673.035,00","3,12","Mexiko","Bolsa Mexicana De Valores","MXN"
"GIB.A","CGI INC CLASS A","IT","Aktien","5.184.129,70","0,02","5.184.129,70","56.051,00","92,49","Kanada","Toronto Stock Exchange","CAD"
"RBA","RB GLOBAL INC","Industrie","Aktien","5.184.682,71","0,02","5.184.682,71","50.293,00","103,09","Kanada","Toronto Stock Exchange","CAD"
"086790","HANA FINANCIAL GROUP INC","Financials","Aktien","5.173.197,39","0,02","5.173.197,39","79.195,00","65,32","Korea","Korea Exchange (Stock Market)","KRW"
"2345","ACCTON TECHNOLOGY CORP","IT","Aktien","5.166.849,67","0,02","5.166.849,67","137.000,00","37,71","Taiwan","Taiwan Stock Exchange","TWD"
"2301","LITE ON TECHNOLOGY CORP","IT","Aktien","5.163.806,70","0,02","5.163.806,70","992.351,00","5,20","Taiwan","Taiwan Stock Exchange","TWD"
"LII","LENNOX INTERNATIONAL INC","Industrie","Aktien","5.156.374,02","0,02","5.156.374,02","10.619,00","485,58","Vereinigte Staaten","New York Stock Exchange Inc.","USD"
"RI","PERNOD RICARD SA","Nichtzyklische Konsumgüter","Aktien","5.156.632,25","0,02","5.156.632,25","60.064,00","85,85","Frankreich","Nyse Euronext - Euronext Paris","EUR"
"9022","CENTRAL JAPAN RAILWAY","Industrie","Aktien","5.149.227,73","0,02","5.149.227,73","186.100,00","27,67","Japan","Tokyo Stock Exchange","JPY"
"L","LOEWS CORP","Financials","Aktien","5.140.918,27","0,02","5.140.918,27","48.817,00","105,31","Vereinigte Staaten","New York Stock Exchange Inc.","USD"
"APTV","APTIV PLC","Zyklische Konsumgüter ","Aktien","5.133.868,39","0,02","5.133.868,39","67.471,00","76,09","Vereinigte Staaten","New York Stock Exchange Inc.","USD"
"AFRM","AFFIRM HOLDINGS INC CLASS A","Financials","Aktien","5.125.398,66","0,02","5.125.398,66","68.862,00","74,43","Vereinigte Staaten","NASDAQ","USD"
"BALL","BALL CORP","Materialien","Aktien","5.115.312,90","0,02","5.115.312,90","96.570,00","52,97","Vereinigte Staaten","New York Stock Exchange Inc.","USD"
"TENAGA","TENAGA NASIONAL","Versorger","Aktien","5.113.049,78","0,02","5.113.049,78","1.512.300,00","3,38","Malaysia","Bursa Malaysia","MYR"
"DNB","DNB BANK","Financials","Aktien","5.082.117,56","0,02","5.082.117,56","182.105,00","27,91","Norwegen","Oslo Bors Asa","NOK"
"207940","SAMSUNG BIOLOGICS LTD","Gesundheitsversorgung","Aktien","5.080.705,29","0,02","5.080.705,29","4.318,00","1.176,63","Korea","Korea Exchange (Stock Market)","KRW"
"TDY","TELEDYNE TECHNOLOGIES INC","IT","Aktien","5.073.591,82","0,02","5.073.591,82","9.934,00","510,73","Vereinigte Staaten","New York Stock Exchange Inc.","USD"
"DGX","QUEST DIAGNOSTICS INC","Gesundheitsversorgung","Aktien","5.071.587,78","0,02","5.071.587,78","29.226,00","173,53","Vereinigte Staaten","New York Stock Exchange Inc.","USD"
"1024","KUAISHOU TECHNOLOGY","Kommunikation","Aktien","5.065.224,51","0,02","5.065.224,51","616.500,00","8,22","China","Hong Kong Exchanges And Clearing Ltd","HKD"
"SAAB B","SAAB CLASS B","Industrie","Aktien","5.052.756,54","0,02","5.052.756,54","86.645,00","58,32","Schweden","Nasdaq Omx Nordic","SEK"
"KNEBV","KONE","Industrie","Aktien","5.047.363,77","0,02","5.047.363,77","70.965,00","71,12","Finnland","Nasdaq Omx Helsinki Ltd.","EUR"
"1288","AGRICULTURAL BANK OF CHINA LTD H","Financials","Aktien","5.044.458,15","0,02","5.044.458,15","6.793.000,00","0,74","China","Hong Kong Exchanges And Clearing Ltd","HKD"
"FTV","FORTIVE CORP","Industrie","Aktien","5.031.397,72","0,02","5.031.397,72","91.132,00","55,21","Vereinigte Staaten","New York Stock Exchange Inc.","USD"
"FBK","FINECOBANK BANCA FINECO","Financials","Aktien","5.032.335,27","0,02","5.032.335,27","193.011,00","26,07","Italien","Borsa Italiana","EUR"
"7013","IHI CORP","Industrie","Aktien","5.003.069,64","0,02","5.003.069,64","284.700,00","17,57","Japan","Tokyo Stock Exchange","JPY"
"VNA","VONOVIA SE","Immobilien","Aktien","4.998.340,09","0,02","4.998.340,09","173.427,00","28,82","Deutschland","Xetra","EUR"
"GET","GETLINK","Industrie","Aktien","4.977.919,74","0,02","4.977.919,74","269.454,00","18,47","Frankreich","Nyse Euronext - Euronext Paris","EUR"
"ZBH","ZIMMER BIOMET HOLDINGS INC","Gesundheitsversorgung","Aktien","4.975.723,20","0,02","4.975.723,20","55.335,00","89,92","Vereinigte Staaten","New York Stock Exchange Inc.","USD"
"9531","TOKYO GAS LTD","Versorger","Aktien","4.968.117,01","0,02","4.968.117,01","125.500,00","39,59","Japan","Tokyo Stock Exchange","JPY"
"HOLX","HOLOGIC INC","Gesundheitsversorgung","Aktien","4.940.847,21","0,02","4.940.847,21","66.329,00","74,49","Vereinigte Staaten","NASDAQ","USD"
"COL","COLES GROUP LTD","Nichtzyklische Konsumgüter","Aktien","4.933.399,62","0,02","4.933.399,62","345.059,00","14,30","Australien","Asx - All Markets","AUD"
"9101","NIPPON YUSEN","Industrie","Aktien","4.924.278,29","0,02","4.924.278,29","152.000,00","32,40","Japan","Tokyo Stock Exchange","JPY"
"TTD","TRADE DESK INC CLASS A","Kommunikation","Aktien","4.926.448,80","0,02","4.926.448,80","129.780,00","37,96","Vereinigte Staaten","NASDAQ","USD"
"KHC","KRAFT HEINZ","Nichtzyklische Konsumgüter","Aktien","4.900.828,00","0,02","4.900.828,00","202.096,00","24,25","Vereinigte Staaten","NASDAQ","USD"
"9987","YUM CHINA HOLDINGS INC","Zyklische Konsumgüter ","Aktien","4.891.556,65","0,02","4.891.556,65","103.292,00","47,36","China","Hong Kong Exchanges And Clearing Ltd","HKD"
"RKT","ROCKET COMPANIES INC CLASS A","Financials","Aktien","4.884.760,32","0,02","4.884.760,32","252.312,00","19,36","Vereinigte Staaten","New York Stock Exchange Inc.","USD"
"JBHT","JB HUNT TRANSPORT SERVICES INC","Industrie","Aktien","4.871.326,44","0,02","4.871.326,44","25.066,00","194,34","Vereinigte Staaten","NASDAQ","USD"
"8015","TOYOTA TSUSHO CORP","Industrie","Aktien","4.855.263,01","0,02","4.855.263,01","144.300,00","33,65","Japan","Tokyo Stock Exchange","JPY"
"TYL","TYLER TECHNOLOGIES INC","IT","Aktien","4.833.659,60","0,02","4.833.659,60","10.648,00","453,95","Vereinigte Staaten","New York Stock Exchange Inc.","USD"
"ZM","ZOOM COMMUNICATIONS INC CLASS A","IT","Aktien","4.834.138,38","0,02","4.834.138,38","56.022,00","86,29","Vereinigte Staaten","NASDAQ","USD"
"PUB","PUBLICIS GROUPE SA","Kommunikation","Aktien","4.830.653,85","0,02","4.830.653,85","46.413,00","104,08","Frankreich","Nyse Euronext - Euronext Paris","EUR"
"MRK","MERCK","Gesundheitsversorgung","Aktien","4.823.439,61","0,02","4.823.439,61","33.499,00","143,99","Deutschland","Xetra","EUR"
"8601","DAIWA SECURITIES GROUP INC","Financials","Aktien","4.823.789,28","0,02","4.823.789,28","551.700,00","8,74","Japan","Tokyo Stock Exchange","JPY"
"7733","OLYMPUS CORP","Gesundheitsversorgung","Aktien","4.821.191,11","0,02","4.821.191,11","380.800,00","12,66","Japan","Tokyo Stock Exchange","JPY"
"HLMA","HALMA PLC","IT","Aktien","4.823.078,11","0,02","4.823.078,11","101.351,00","47,59","Vereinigtes Königreich","London Stock Exchange","GBP"
"TPL","TEXAS PACIFIC LAND CORP","Energie","Aktien","4.818.115,50","0,02","4.818.115,50","16.775,00","287,22","Vereinigte Staaten","New York Stock Exchange Inc.","USD"
"NBIS","NEBIUS NV CLASS A","IT","Aktien","4.764.488,60","0,02","4.764.488,60","56.920,00","83,70","Niederlande","NASDAQ","USD"
"WPC","W. P. CAREY REIT INC","Immobilien","Aktien","4.763.412,32","0,02","4.763.412,32","74.012,00","64,36","Vereinigte Staaten","New York Stock Exchange Inc.","USD"
"012330","HYUNDAI MOBIS LTD","Zyklische Konsumgüter ","Aktien","4.746.166,39","0,02","4.746.166,39","18.330,00","258,93","Korea","Korea Exchange (Stock Market)","KRW"
"NVR","NVR INC","Zyklische Konsumgüter ","Aktien","4.747.593,27","0,02","4.747.593,27","651,00","7.292,77","Vereinigte Staaten","New York Stock Exchange Inc.","USD"
"MAS","MASCO CORP","Industrie","Aktien","4.748.140,66","0,02","4.748.140,66","74.821,00","63,46","Vereinigte Staaten","New York Stock Exchange Inc.","USD"
"ANTO","ANTOFAGASTA PLC","Materialien","Aktien","4.744.375,87","0,02","4.744.375,87","107.572,00","44,10","Vereinigtes Königreich","London Stock Exchange","GBP"
"HEI","HEICO CORP","Industrie","Aktien","4.742.211,45","0,02","4.742.211,45","14.655,00","323,59","Vereinigte Staaten","New York Stock Exchange Inc.","USD"
"1605","INPEX CORP","Energie","Aktien","4.736.034,96","0,02","4.736.034,96","237.400,00","19,95","Japan","Tokyo Stock Exchange","JPY"
"MAA","MID AMERICA APARTMENT COMMUNITIES","Immobilien","Aktien","4.729.746,59","0,02","4.729.746,59","34.049,00","138,91","Vereinigte Staaten","New York Stock Exchange Inc.","USD"
"J","JACOBS SOLUTIONS INC","Industrie","Aktien","4.721.271,78","0,02","4.721.271,78","35.643,00","132,46","Vereinigte Staaten","New York Stock Exchange Inc.","USD"
"ALLE","ALLEGION PLC","Industrie","Aktien","4.721.509,88","0,02","4.721.509,88","29.654,00","159,22","Vereinigte Staaten","New York Stock Exchange Inc.","USD"
"GDDY","GODADDY INC CLASS A","IT","Aktien","4.717.893,84","0,02","4.717.893,84","38.023,00","124,08","Vereinigte Staaten","New York Stock Exchange Inc.","USD"
"DELTA.R","DELTA ELECTRONICS (THAILAND) NON-V","IT","Aktien","4.713.089,99","0,02","4.713.089,99","858.300,00","5,49","Thailand","Stock Exchange Of Thailand","THB"
"175","GEELY AUTOMOBILE HOLDINGS LTD","Zyklische Konsumgüter ","Aktien","4.709.860,60","0,02","4.709.860,60","2.048.000,00","2,30","China","Hong Kong Exchanges And Clearing Ltd","HKD"
"CCL.B","CCL INDUSTRIES INC CLASS B","Materialien","Aktien","4.695.493,63","0,02","4.695.493,63","74.237,00","63,25","Kanada","Toronto Stock Exchange","CAD"
"7532","PAN PACIFIC INTERNATIONAL HOLDINGS","Zyklische Konsumgüter ","Aktien","4.679.194,93","0,02","4.679.194,93","786.700,00","5,95","Japan","Tokyo Stock Exchange","JPY"
"AENA","AENA SME SA","Industrie","Aktien","4.676.815,30","0,02","4.676.815,30","167.176,00","27,98","Spanien","Bolsa De Madrid","EUR"
"WY","WEYERHAEUSER REIT","Immobilien","Aktien","4.666.598,34","0,02","4.666.598,34","196.986,00","23,69","Vereinigte Staaten","New York Stock Exchange Inc.","USD"
"FFIV","F5 INC","IT","Aktien","4.657.729,22","0,02","4.657.729,22","18.247,00","255,26","Vereinigte Staaten","NASDAQ","USD"
"ABG","ABSA GROUP LTD","Financials","Aktien","4.656.729,30","0,02","4.656.729,30","322.368,00","14,45","Südafrika","Johannesburg Stock Exchange","ZAR"
"CF","CF INDUSTRIES HOLDINGS INC","Materialien","Aktien","4.647.592,62","0,02","4.647.592,62","60.093,00","77,34","Vereinigte Staaten","New York Stock Exchange Inc.","USD"
"AMCR","AMCOR PLC","Materialien","Aktien","4.649.149,68","0,02","4.649.149,68","557.452,00","8,34","Vereinigte Staaten","New York Stock Exchange Inc.","USD"
"7912","DAI NIPPON PRINTING LTD","Industrie","Aktien","4.640.530,80","0,02","4.640.530,80","270.000,00","17,19","Japan","Tokyo Stock Exchange","JPY"
"FLEX","FLEX LTD","IT","Aktien","4.636.932,90","0,02","4.636.932,90","76.745,00","60,42","Vereinigte Staaten","NASDAQ","USD"
"COO","COOPER INC","Gesundheitsversorgung","Aktien","4.637.378,76","0,02","4.637.378,76","56.581,00","81,96","Vereinigte Staaten","NASDAQ","USD"
"IMO","IMPERIAL OIL LTD","Energie","Aktien","4.639.131,61","0,02","4.639.131,61","53.627,00","86,51","Kanada","Toronto Stock Exchange","CAD"
"NN","NN GROUP NV","Financials","Aktien","4.631.265,25","0,02","4.631.265,25","59.984,00","77,21","Niederlande","Euronext Amsterdam","EUR"
"A5G","AIB GROUP PLC","Financials","Aktien","4.610.176,16","0,02","4.610.176,16","426.673,00","10,80","Irland","Irish Stock Exchange - All Market","EUR"
"SCMN","SWISSCOM AG","Kommunikation","Aktien","4.606.179,24","0,02","4.606.179,24","6.341,00","726,41","Schweiz","SIX Swiss Exchange","CHF"
"URW","UNIBAIL RODAMCO WE STAPLED UNITS","Immobilien","Aktien","4.571.314,51","0,02","4.571.314,51","41.961,00","108,94","Frankreich","Nyse Euronext - Euronext Paris","EUR"
"ESSITY B","ESSITY CLASS B","Nichtzyklische Konsumgüter","Aktien","4.569.455,72","0,02","4.569.455,72","158.842,00","28,77","Schweden","Nasdaq Omx Nordic","SEK"
"7936","ASICS CORP","Zyklische Konsumgüter ","Aktien","4.554.055,95","0,02","4.554.055,95","190.100,00","23,96","Japan","Tokyo Stock Exchange","JPY"
"Q","QNITY ELECTRONICS INC","IT","Aktien","4.549.048,10","0,02","4.549.048,10","55.714,00","81,65","Vereinigte Staaten","New York Stock Exchange Inc.","USD"
"TRYG","TRYG","Financials","Aktien","4.546.128,61","0,02","4.546.128,61","173.643,00","26,18","Dänemark","Omx Nordic Exchange Copenhagen A/S","DKK"
"ESS","ESSEX PROPERTY TRUST REIT INC","Immobilien","Aktien","4.535.961,12","0,02","4.535.961,12","17.334,00","261,68","Vereinigte Staaten","New York Stock Exchange Inc.","USD"
"TOST","TOAST INC CLASS A","Financials","Aktien","4.514.989,97","0,02","4.514.989,97","127.147,00","35,51","Vereinigte Staaten","New York Stock Exchange Inc.","USD"
"005490","POSCO","Materialien","Aktien","4.507.618,62","0,02","4.507.618,62","21.290,00","211,72","Korea","Korea Exchange (Stock Market)","KRW"
"ORG","ORIGIN ENERGY LTD","Versorger","Aktien","4.489.687,92","0,02","4.489.687,92","585.960,00","7,66","Australien","Asx - All Markets","AUD"
"IFF","INTERNATIONAL FLAVORS & FRAGRANCES","Materialien","Aktien","4.487.028,37","0,02","4.487.028,37","66.583,00","67,39","Vereinigte Staaten","New York Stock Exchange Inc.","USD"
"6273","SMC (JAPAN) CORP","Industrie","Aktien","4.482.018,57","0,02","4.482.018,57","12.900,00","347,44","Japan","Tokyo Stock Exchange","JPY"
"DD","DUPONT DE NEMOURS INC","Materialien","Aktien","4.479.445,80","0,02","4.479.445,80","111.429,00","40,20","Vereinigte Staaten","New York Stock Exchange Inc.","USD"
"9633","NONGFU SPRING LTD H","Nichtzyklische Konsumgüter","Aktien","4.477.286,57","0,02","4.477.286,57","744.000,00","6,02","China","Hong Kong Exchanges And Clearing Ltd","HKD"
"EAND","EMIRATES TELECOM","Kommunikation","Aktien","4.474.597,48","0,02","4.474.597,48","896.115,00","4,99","Ver. Arabische Emirate","Abu Dhabi Securities Exchange","AED"
"3017","ASIA VITAL COMPONENTS LTD","IT","Aktien","4.469.375,09","0,02","4.469.375,09","93.000,00","48,06","Taiwan","Taiwan Stock Exchange","TWD"
"AGN","AEGON LTD","Financials","Aktien","4.466.371,25","0,02","4.466.371,25","572.733,00","7,80","Niederlande","Euronext Amsterdam","EUR"
"TEF","TELEFONICA SA","Kommunikation","Aktien","4.461.153,92","0,02","4.461.153,92","1.087.462,00","4,10","Spanien","Bolsa De Madrid","EUR"
"032830","SAMSUNG LIFE LTD","Financials","Aktien","4.430.370,07","0,02","4.430.370,07","40.496,00","109,40","Korea","Korea Exchange (Stock Market)","KRW"
"PZU","PZU SA","Financials","Aktien","4.431.549,37","0,02","4.431.549,37","238.722,00","18,56","Polen","Warsaw Stock Exchange/Equities/Main Market","PLN"
"11","HANG SENG BANK LTD","Financials","Aktien","4.419.522,07","0,02","4.419.522,07","224.100,00","19,72","Hongkong","Hong Kong Exchanges And Clearing Ltd","HKD"
"INVH","INVITATION HOMES INC","Immobilien","Aktien","4.401.658,10","0,02","4.401.658,10","158.390,00","27,79","Vereinigte Staaten","New York Stock Exchange Inc.","USD"
"RO","ROCHE HOLDING AG","Gesundheitsversorgung","Aktien","4.400.227,20","0,02","4.400.227,20","10.400,00","423,10","Schweiz","SIX Swiss Exchange","CHF"
"CLNX","CELLNEX TELECOM SA","Kommunikation","Aktien","4.398.336,27","0,02","4.398.336,27","136.530,00","32,22","Spanien","Bolsa De Madrid","EUR"
"CHD","CHURCH AND DWIGHT INC","Nichtzyklische Konsumgüter","Aktien","4.395.165,45","0,02","4.395.165,45","52.417,00","83,85","Vereinigte Staaten","New York Stock Exchange Inc.","USD"
"6479","MINEBEA MITSUMI INC","Industrie","Aktien","4.388.522,76","0,02","4.388.522,76","219.000,00","20,04","Japan","Tokyo Stock Exchange","JPY"
"SKF B","SKF B","Industrie","Aktien","4.380.235,56","0,02","4.380.235,56","164.282,00","26,66","Schweden","Nasdaq Omx Nordic","SEK"
"4661","ORIENTAL LAND LTD","Zyklische Konsumgüter ","Aktien","4.377.013,30","0,02","4.377.013,30","236.700,00","18,49","Japan","Tokyo Stock Exchange","JPY"
"ORNBV","ORION CLASS B","Gesundheitsversorgung","Aktien","4.370.328,05","0,02","4.370.328,05","58.463,00","74,75","Finnland","Nasdaq Omx Helsinki Ltd.","EUR"
"RS","RELIANCE STEEL & ALUMINUM","Materialien","Aktien","4.363.381,35","0,02","4.363.381,35","15.105,00","288,87","Vereinigte Staaten","New York Stock Exchange Inc.","USD"
"PMETAL","PRESS METAL ALUMINIUM HOLDINGS","Materialien","Aktien","4.358.499,75","0,02","4.358.499,75","2.484.100,00","1,75","Malaysia","Bursa Malaysia","MYR"
"HNR1","HANNOVER RUECK","Financials","Aktien","4.359.432,50","0,02","4.359.432,50","13.944,00","312,64","Deutschland","Xetra","EUR"
"2502","ASAHI GROUP HOLDINGS LTD","Nichtzyklische Konsumgüter","Aktien","4.359.587,87","0,02","4.359.587,87","416.800,00","10,46","Japan","Tokyo Stock Exchange","JPY"
"DECK","DECKERS OUTDOOR CORP","Zyklische Konsumgüter ","Aktien","4.355.487,71","0,02","4.355.487,71","42.013,00","103,67","Vereinigte Staaten","New York Stock Exchange Inc.","USD"
"SKA B","SKANSKA B","Industrie","Aktien","4.338.920,68","0,02","4.338.920,68","158.540,00","27,37","Schweden","Nasdaq Omx Nordic","SEK"
"7832","BANDAI NAMCO HOLDINGS INC","Zyklische Konsumgüter ","Aktien","4.327.839,48","0,02","4.327.839,48","162.600,00","26,62","Japan","Tokyo Stock Exchange","JPY"
"CHKP","CHECK POINT SOFTWARE TECHNOLOGIES","IT","Aktien","4.323.176,88","0,02","4.323.176,88","23.298,00","185,56","Israel","NASDAQ","USD"
"1303","NAN YA PLASTICS CORP","Materialien","Aktien","4.319.731,51","0,02","4.319.731,51","2.254.620,00","1,92","Taiwan","Taiwan Stock Exchange","TWD"
"2269","WUXI BIOLOGICS CAYMAN INC","Gesundheitsversorgung","Aktien","4.303.889,00","0,02","4.303.889,00","1.065.500,00","4,04","China","Hong Kong Exchanges And Clearing Ltd","HKD"
"CCEP","COCA COLA EUROPACIFIC PARTNERS PLC","Nichtzyklische Konsumgüter","Aktien","4.304.984,80","0,02","4.304.984,80","47.464,00","90,70","Niederlande","NASDAQ","USD"
"GIL","GILDAN ACTIVEWEAR INC","Zyklische Konsumgüter ","Aktien","4.302.173,70","0,02","4.302.173,70","68.740,00","62,59","Kanada","Toronto Stock Exchange","CAD"
"386","CHINA PETROLEUM AND CHEMICAL CORP","Energie","Aktien","4.291.948,10","0,02","4.291.948,10","7.153.400,00","0,60","China","Hong Kong Exchanges And Clearing Ltd","HKD"
"UDR","UDR REIT INC","Immobilien","Aktien","4.274.613,84","0,02","4.274.613,84","116.538,00","36,68","Vereinigte Staaten","New York Stock Exchange Inc.","USD"
"PINS","PINTEREST INC CLASS A","Kommunikation","Aktien","4.273.455,18","0,02","4.273.455,18","165.062,00","25,89","Vereinigte Staaten","New York Stock Exchange Inc.","USD"
"6201","TOYOTA INDUSTRIES CORP","Industrie","Aktien","4.258.509,04","0,02","4.258.509,04","37.500,00","113,56","Japan","Tokyo Stock Exchange","JPY"
"H78","HONGKONG LAND HOLDINGS LTD","Immobilien","Aktien","4.231.855,00","0,02","4.231.855,00","608.900,00","6,95","Hongkong","Singapore Exchange","USD"
"DAL","DELTA AIR LINES INC","Industrie","Aktien","4.220.144,60","0,02","4.220.144,60","60.809,00","69,40","Vereinigte Staaten","New York Stock Exchange Inc.","USD"
"A17U","CAPITALAND ASCENDAS REIT","Immobilien","Aktien","4.220.797,56","0,02","4.220.797,56","1.918.002,00","2,20","Singapur","Singapore Exchange","SGD"
"6920","LASERTEC CORP","IT","Aktien","4.217.573,13","0,02","4.217.573,13","22.300,00","189,13","Japan","Tokyo Stock Exchange","JPY"
"PTT.R","PTT NON-VOTING DR PCL","Energie","Aktien","4.219.368,35","0,02","4.219.368,35","4.154.100,00","1,02","Thailand","Stock Exchange Of Thailand","THB"
"DOW","DOW INC","Materialien","Aktien","4.219.879,58","0,02","4.219.879,58","180.491,00","23,38","Vereinigte Staaten","New York Stock Exchange Inc.","USD"
"AOT.R","AIRPORTS OF THAILAND NON-VOTING DR","Industrie","Aktien","4.211.737,82","0,02","4.211.737,82","2.503.600,00","1,68","Thailand","Stock Exchange Of Thailand","THB"
"SATS","ECHOSTAR CORP CLASS A","Kommunikation","Aktien","4.197.667,90","0,02","4.197.667,90","38.617,00","108,70","Vereinigte Staaten","NASDAQ","USD"
"LOGN","LOGITECH INTERNATIONAL SA","IT","Aktien","4.179.664,75","0,02","4.179.664,75","40.610,00","102,92","Schweiz","SIX Swiss Exchange","CHF"
"DPZ","DOMINOS PIZZA INC","Zyklische Konsumgüter ","Aktien","4.144.441,26","0,02","4.144.441,26","9.943,00","416,82","Vereinigte Staaten","NASDAQ","USD"
"CG","CARLYLE GROUP INC","Financials","Aktien","4.132.380,10","0,02","4.132.380,10","69.910,00","59,11","Vereinigte Staaten","NASDAQ","USD"
"IAG","IA FINANCIAL INC","Financials","Aktien","4.122.360,81","0,02","4.122.360,81","31.776,00","129,73","Kanada","Toronto Stock Exchange","CAD"
"2887","TS FINANCIAL HOLDING LTD","Financials","Aktien","4.113.118,63","0,02","4.113.118,63","6.335.110,00","0,65","Taiwan","Taiwan Stock Exchange","TWD"
"INF","INFORMA PLC","Kommunikation","Aktien","4.096.128,92","0,02","4.096.128,92","344.495,00","11,89","Vereinigtes Königreich","London Stock Exchange","GBP"
"6178","JAPAN POST HOLDINGS LTD","Financials","Aktien","4.089.790,42","0,02","4.089.790,42","388.400,00","10,53","Japan","Tokyo Stock Exchange","JPY"
"TXT","TEXTRON INC","Industrie","Aktien","4.086.180,92","0,02","4.086.180,92","46.876,00","87,17","Vereinigte Staaten","New York Stock Exchange Inc.","USD"
"7701","SHIMADZU CORP","IT","Aktien","4.084.371,43","0,02","4.084.371,43","153.600,00","26,59","Japan","Tokyo Stock Exchange","JPY"
"TRN","TERNA RETE ELETTRICA NAZIONALE","Versorger","Aktien","4.070.928,40","0,02","4.070.928,40","382.841,00","10,63","Italien","Borsa Italiana","EUR"
"KPN","KONINKLIJKE KPN NV","Kommunikation","Aktien","4.056.656,42","0,02","4.056.656,42","868.735,00","4,67","Niederlande","Euronext Amsterdam","EUR"
"MPL","MEDIBANK PRIVATE LTD","Financials","Aktien","4.049.391,36","0,02","4.049.391,36","1.267.728,00","3,19","Australien","Asx - All Markets","AUD"
"VACN","VAT GROUP AG","Industrie","Aktien","4.050.671,38","0,02","4.050.671,38","8.316,00","487,09","Schweiz","SIX Swiss Exchange","CHF"
"ZBRA","ZEBRA TECHNOLOGIES CORP CLASS A","IT","Aktien","4.048.295,04","0,02","4.048.295,04","16.672,00","242,82","Vereinigte Staaten","NASDAQ","USD"
"6160","BEONE MEDICINES AG","Gesundheitsversorgung","Aktien","4.039.093,30","0,02","4.039.093,30","175.339,00","23,04","China","Hong Kong Exchanges And Clearing Ltd","HKD"
"BOL","BOLIDEN","Materialien","Aktien","4.030.427,91","0,02","4.030.427,91","72.119,00","55,89","Schweden","Nasdaq Omx Nordic","SEK"
"2020","ANTA SPORTS PRODUCTS LTD","Zyklische Konsumgüter ","Aktien","4.017.409,91","0,02","4.017.409,91","388.200,00","10,35","China","Hong Kong Exchanges And Clearing Ltd","HKD"
"BG","BUNGE GLOBAL SA","Nichtzyklische Konsumgüter","Aktien","4.011.985,04","0,02","4.011.985,04","45.038,00","89,08","Vereinigte Staaten","New York Stock Exchange Inc.","USD"
"BBRI","BANK RAKYAT INDONESIA (PERSERO)","Financials","Aktien","4.005.916,64","0,02","4.005.916,64","18.251.000,00","0,22","Indonesien","Indonesia Stock Exchange","IDR"
"1801","INNOVENT BIOLOGICS INC","Gesundheitsversorgung","Aktien","4.006.712,92","0,02","4.006.712,92","409.000,00","9,80","China","Hong Kong Exchanges And Clearing Ltd","HKD"
"6669","WIWYNN CORPORATION CORP","IT","Aktien","3.996.753,71","0,02","3.996.753,71","28.000,00","142,74","Taiwan","Taiwan Stock Exchange","TWD"
"DKNG","DRAFTKINGS INC CLASS A","Zyklische Konsumgüter ","Aktien","3.981.542,86","0,02","3.981.542,86","115.541,00","34,46","Vereinigte Staaten","NASDAQ","USD"
"LAND","LAND SECURITIES GROUP REIT PLC","Immobilien","Aktien","3.978.066,40","0,02","3.978.066,40","475.492,00","8,37","Vereinigtes Königreich","London Stock Exchange","GBP"
"4507","SHIONOGI LTD","Gesundheitsversorgung","Aktien","3.978.433,12","0,02","3.978.433,12","219.500,00","18,12","Japan","Tokyo Stock Exchange","JPY"
"CPALL.R","CP ALL NON-VOTING DR PCL","Nichtzyklische Konsumgüter","Aktien","3.968.227,27","0,02","3.968.227,27","2.874.000,00","1,38","Thailand","Stock Exchange Of Thailand","THB"
"SGE","THE SAGE GROUP PLC","IT","Aktien","3.964.699,99","0,02","3.964.699,99","272.172,00","14,57","Vereinigtes Königreich","London Stock Exchange","GBP"
"X","TMX GROUP LTD","Financials","Aktien","3.959.192,13","0,02","3.959.192,13","103.907,00","38,10","Kanada","Toronto Stock Exchange","CAD"
"PKG","PACKAGING CORP OF AMERICA","Materialien","Aktien","3.961.265,84","0,02","3.961.265,84","19.208,00","206,23","Vereinigte Staaten","New York Stock Exchange Inc.","USD"
"BSANTANDER","BANCO SANTANDER CHILE","Financials","Aktien","3.950.990,19","0,02","3.950.990,19","50.100.056,00","0,08","Chile","Santiago Stock Exchange","CLP"
"7259","AISIN CORP","Zyklische Konsumgüter ","Aktien","3.944.392,48","0,02","3.944.392,48","211.300,00","18,67","Japan","Tokyo Stock Exchange","JPY"
"FPH","FISHER AND PAYKEL HEALTHCARE CORPO","Gesundheitsversorgung","Aktien","3.931.973,24","0,02","3.931.973,24","181.129,00","21,71","Neuseeland","New Zealand Exchange Ltd","NZD"
"BBY","BEST BUY INC","Zyklische Konsumgüter ","Aktien","3.928.724,07","0,02","3.928.724,07","58.699,00","66,93","Vereinigte Staaten","New York Stock Exchange Inc.","USD"
"EPI A","EPIROC CLASS A","Industrie","Aktien","3.913.027,08","0,02","3.913.027,08","171.860,00","22,77","Schweden","Nasdaq Omx Nordic","SEK"
"MAYBANK","MALAYAN BANKING","Financials","Aktien","3.904.820,11","0,02","3.904.820,11","1.512.000,00","2,58","Malaysia","Bursa Malaysia","MYR"
"RTO","RENTOKIL INITIAL PLC","Industrie","Aktien","3.899.954,65","0,02","3.899.954,65","647.930,00","6,02","Vereinigtes Königreich","London Stock Exchange","GBP"
"028260","SAMSUNG C&T CORP","Industrie","Aktien","3.898.868,14","0,02","3.898.868,14","23.451,00","166,26","Korea","Korea Exchange (Stock Market)","KRW"
"NBIX","NEUROCRINE BIOSCIENCES INC","Gesundheitsversorgung","Aktien","3.886.567,49","0,02","3.886.567,49","27.403,00","141,83","Vereinigte Staaten","NASDAQ","USD"
"CLX","CLOROX","Nichtzyklische Konsumgüter","Aktien","3.883.769,94","0,02","3.883.769,94","38.518,00","100,83","Vereinigte Staaten","New York Stock Exchange Inc.","USD"
"RIVN","RIVIAN AUTOMOTIVE INC CLASS A","Zyklische Konsumgüter ","Aktien","3.873.645,72","0,01","3.873.645,72","196.532,00","19,71","Vereinigte Staaten","NASDAQ","USD"
"KEY","KEYERA CORP","Energie","Aktien","3.861.214,66","0,01","3.861.214,66","120.290,00","32,10","Kanada","Toronto Stock Exchange","CAD"
"6618","JD HEALTH INTERNATIONAL INC","Nichtzyklische Konsumgüter","Aktien","3.845.818,08","0,01","3.845.818,08","539.350,00","7,13","China","Hong Kong Exchanges And Clearing Ltd","HKD"
"GGG","GRACO INC","Industrie","Aktien","3.846.934,07","0,01","3.846.934,07","46.931,00","81,97","Vereinigte Staaten","New York Stock Exchange Inc.","USD"
"SMPH","SM PRIME HOLDINGS INC","Immobilien","Aktien","3.843.360,81","0,01","3.843.360,81","9.939.100,00","0,39","Philippinen","Philippine Stock Exchange Inc.","PHP"
"3659","NEXON LTD","Kommunikation","Aktien","3.835.667,49","0,01","3.835.667,49","157.100,00","24,42","Japan","Tokyo Stock Exchange","JPY"
"035720","KAKAO CORP","Kommunikation","Aktien","3.832.415,40","0,01","3.832.415,40","91.860,00","41,72","Korea","Korea Exchange (Stock Market)","KRW"
"UPM","UPM-KYMMENE","Materialien","Aktien","3.826.038,97","0,01","3.826.038,97","131.413,00","29,11","Finnland","Nasdaq Omx Helsinki Ltd.","EUR"
"034730","SK INC","Industrie","Aktien","3.819.678,59","0,01","3.819.678,59","21.452,00","178,06","Korea","Korea Exchange (Stock Market)","KRW"
"135","KUNLUN ENERGY LTD","Versorger","Aktien","3.816.424,49","0,01","3.816.424,49","3.998.000,00","0,95","China","Hong Kong Exchanges And Clearing Ltd","HKD"
"SGSN","SGS SA","Industrie","Aktien","3.816.292,03","0,01","3.816.292,03","33.276,00","114,69","Schweiz","SIX Swiss Exchange","CHF"
"EMIRATESNBD","EMIRATES NBD","Financials","Aktien","3.810.314,33","0,01","3.810.314,33","502.510,00","7,58","Ver. Arabische Emirate","Dubai Financial Market","AED"
"SN.","SMITH AND NEPHEW PLC","Gesundheitsversorgung","Aktien","3.808.453,52","0,01","3.808.453,52","228.620,00","16,66","Vereinigtes Königreich","London Stock Exchange","GBP"
"EDP","EDP ENERGIAS DE PORTUGAL SA","Versorger","Aktien","3.788.222,95","0,01","3.788.222,95","823.890,00","4,60","Portugal","Nyse Euronext - Euronext Lisbon","EUR"
"OKTA","OKTA INC CLASS A","IT","Aktien","3.787.731,88","0,01","3.787.731,88","43.804,00","86,47","Vereinigte Staaten","NASDAQ","USD"
"992","LENOVO GROUP LTD","IT","Aktien","3.783.233,76","0,01","3.783.233,76","3.180.000,00","1,19","China","Hong Kong Exchanges And Clearing Ltd","HKD"
"IONQ","IONQ INC","IT","Aktien","3.779.310,36","0,01","3.779.310,36","84.228,00","44,87","Vereinigte Staaten","New York Stock Exchange Inc.","USD"
"S32","SOUTH32 LTD","Materialien","Aktien","3.776.425,35","0,01","3.776.425,35","1.590.753,00","2,37","Australien","Asx - All Markets","AUD"
"ELI","ELIA GROUP SA","Versorger","Aktien","3.772.481,03","0,01","3.772.481,03","29.281,00","128,84","Belgien","Nyse Euronext - Euronext Brussels","EUR"
"LISP","CHOCOLADEFABRIKEN LINDT & SPRUENGL","Nichtzyklische Konsumgüter","Aktien","3.774.338,91","0,01","3.774.338,91","258,00","14.629,22","Schweiz","SIX Swiss Exchange","CHF"
"AGI","ALAMOS GOLD INC CLASS A","Materialien","Aktien","3.751.893,49","0,01","3.751.893,49","97.036,00","38,66","Kanada","Toronto Stock Exchange","CAD"
"STO","SANTOS LTD","Energie","Aktien","3.751.893,77","0,01","3.751.893,77","911.879,00","4,11","Australien","Asx - All Markets","AUD"
"MAERSK B","A P MOLLER MAERSK B","Industrie","Aktien","3.743.103,34","0,01","3.743.103,34","1.626,00","2.302,03","Dänemark","Omx Nordic Exchange Copenhagen A/S","DKK"
"4204","SEKISUI CHEMICAL LTD","Industrie","Aktien","3.737.028,29","0,01","3.737.028,29","222.300,00","16,81","Japan","Tokyo Stock Exchange","JPY"
"373220","LG ENERGY SOLUTION LTD","Industrie","Aktien","3.737.823,75","0,01","3.737.823,75","14.612,00","255,81","Korea","Korea Exchange (Stock Market)","KRW"
"SMCI","SUPER MICRO COMPUTER INC","IT","Aktien","3.733.973,90","0,01","3.733.973,90","127.570,00","29,27","Vereinigte Staaten","NASDAQ","USD"
"BARN","BARRY CALLEBAUT AG","Nichtzyklische Konsumgüter","Aktien","3.720.595,77","0,01","3.720.595,77","2.257,00","1.648,47","Schweiz","SIX Swiss Exchange","CHF"
"KRZ","KERRY GROUP PLC","Nichtzyklische Konsumgüter","Aktien","3.716.225,23","0,01","3.716.225,23","40.567,00","91,61","Irland","Irish Stock Exchange - All Market","EUR"
"SUI","SUN COMMUNITIES REIT INC","Immobilien","Aktien","3.717.919,55","0,01","3.717.919,55","30.005,00","123,91","Vereinigte Staaten","New York Stock Exchange Inc.","USD"
"HEN3","HENKEL & KGAA PREF AG","Nichtzyklische Konsumgüter","Aktien","3.715.155,94","0,01","3.715.155,94","45.463,00","81,72","Deutschland","Xetra","EUR"
"IEX","IDEX CORP","Industrie","Aktien","3.712.184,28","0,01","3.712.184,28","20.862,00","177,94","Vereinigte Staaten","New York Stock Exchange Inc.","USD"
"PKN","ORLEN SA","Energie","Aktien","3.708.222,78","0,01","3.708.222,78","138.714,00","26,73","Polen","Warsaw Stock Exchange/Equities/Main Market","PLN"
"DSFIR","DSM FIRMENICH AG","Materialien","Aktien","3.710.135,33","0,01","3.710.135,33","45.943,00","80,76","Niederlande","Euronext Amsterdam","EUR"
"BZFUT","CASH COLLATERAL USD BZFUT","Cash und/oder Derivate","Cash Collateral and Margins","3.706.710,00","0,01","3.706.710,00","3.706.710,00","100,00","Vereinigte Staaten","-","USD"
"6988","NITTO DENKO CORP","Materialien","Aktien","3.697.342,82","0,01","3.697.342,82","156.000,00","23,70","Japan","Tokyo Stock Exchange","JPY"
"RPM","RPM INTERNATIONAL INC","Materialien","Aktien","3.693.248,00","0,01","3.693.248,00","35.512,00","104,00","Vereinigte Staaten","New York Stock Exchange Inc.","USD"
"IMP","IMPALA PLATINUM LTD","Materialien","Aktien","3.689.061,19","0,01","3.689.061,19","233.312,00","15,81","Südafrika","Johannesburg Stock Exchange","ZAR"
"BPE","BPER BANCA","Financials","Aktien","3.667.546,62","0,01","3.667.546,62","269.205,00","13,62","Italien","Borsa Italiana","EUR"
"UHS","UNIVERSAL HEALTH SERVICES INC CLAS","Gesundheitsversorgung","Aktien","3.653.143,12","0,01","3.653.143,12","16.756,00","218,02","Vereinigte Staaten","New York Stock Exchange Inc.","USD"
"FOX","FOX CORP CLASS B","Kommunikation","Aktien","3.645.949,36","0,01","3.645.949,36","56.152,00","64,93","Vereinigte Staaten","NASDAQ","USD"
"TOU","TOURMALINE OIL CORP","Energie","Aktien","3.647.037,13","0,01","3.647.037,13","81.195,00","44,92","Kanada","Toronto Stock Exchange","CAD"
"9868","XPENG CLASS A INC","Zyklische Konsumgüter ","Aktien","3.641.709,81","0,01","3.641.709,81","357.218,00","10,19","China","Hong Kong Exchanges And Clearing Ltd","HKD"
"XRO","XERO LTD","IT","Aktien","3.636.945,66","0,01","3.636.945,66","47.833,00","76,03","Australien","Asx - All Markets","AUD"
"EMA","EMERA INC","Versorger","Aktien","3.624.852,64","0,01","3.624.852,64","73.459,00","49,35","Kanada","Toronto Stock Exchange","CAD"
"6594","NIDEC CORP","Industrie","Aktien","3.626.215,83","0,01","3.626.215,83","266.600,00","13,60","Japan","Tokyo Stock Exchange","JPY"
"2885","YUANTA FINANCIAL HOLDING LTD","Financials","Aktien","3.624.486,76","0,01","3.624.486,76","2.897.791,00","1,25","Taiwan","Taiwan Stock Exchange","TWD"
"TEL2 B","TELE2 B","Kommunikation","Aktien","3.605.054,61","0,01","3.605.054,61","215.039,00","16,76","Schweden","Nasdaq Omx Nordic","SEK"
"267","CITIC LTD","Industrie","Aktien","3.603.977,65","0,01","3.603.977,65","2.326.000,00","1,55","China","Hong Kong Exchanges And Clearing Ltd","HKD"
"NTNX","NUTANIX INC CLASS A","IT","Aktien","3.601.345,68","0,01","3.601.345,68","69.672,00","51,69","Vereinigte Staaten","NASDAQ","USD"
"AFG","AMERICAN FINANCIAL GROUP INC","Financials","Aktien","3.591.540,36","0,01","3.591.540,36","26.277,00","136,68","Vereinigte Staaten","New York Stock Exchange Inc.","USD"
"8795","T&D HOLDINGS INC","Financials","Aktien","3.586.286,64","0,01","3.586.286,64","155.500,00","23,06","Japan","Tokyo Stock Exchange","JPY"
"ACM","AECOM","Industrie","Aktien","3.586.695,92","0,01","3.586.695,92","37.624,00","95,33","Vereinigte Staaten","New York Stock Exchange Inc.","USD"
"AKZA","AKZO NOBEL NV","Materialien","Aktien","3.584.765,28","0,01","3.584.765,28","51.559,00","69,53","Niederlande","Euronext Amsterdam","EUR"
"TLS","TELSTRA GROUP LTD","Kommunikation","Aktien","3.580.288,21","0,01","3.580.288,21","1.102.455,00","3,25","Australien","Asx - All Markets","AUD"
"AC","ACCOR SA","Zyklische Konsumgüter ","Aktien","3.568.154,47","0,01","3.568.154,47","63.006,00","56,63","Frankreich","Nyse Euronext - Euronext Paris","EUR"
"FSV","FIRSTSERVICE SUBORDINATE VOTING CO","Immobilien","Aktien","3.553.633,01","0,01","3.553.633,01","22.821,00","155,72","Kanada","Toronto Stock Exchange","CAD"
"CRWV","COREWEAVE INC CLASS A","IT","Aktien","3.544.766,61","0,01","3.544.766,61","49.501,00","71,61","Vereinigte Staaten","NASDAQ","USD"
"MTN","MTN GROUP LTD","Kommunikation","Aktien","3.547.153,20","0,01","3.547.153,20","346.763,00","10,23","Südafrika","Johannesburg Stock Exchange","ZAR"
"9503","KANSAI ELECTRIC POWER INC","Versorger","Aktien","3.539.698,24","0,01","3.539.698,24","226.000,00","15,66","Japan","Tokyo Stock Exchange","JPY"
"TME","TENCENT MUSIC ENTERTAINMENT GROUP","Kommunikation","Aktien","3.537.554,00","0,01","3.537.554,00","201.800,00","17,53","China","New York Stock Exchange Inc.","USD"
"KIM","KIMCO REALTY REIT CORP","Immobilien","Aktien","3.527.952,96","0,01","3.527.952,96","174.048,00","20,27","Vereinigte Staaten","New York Stock Exchange Inc.","USD"
"HM B","HENNES & MAURITZ","Zyklische Konsumgüter ","Aktien","3.513.725,37","0,01","3.513.725,37","174.246,00","20,17","Schweden","Nasdaq Omx Nordic","SEK"
"G1A","GEA GROUP AG","Industrie","Aktien","3.513.974,37","0,01","3.513.974,37","51.765,00","67,88","Deutschland","Xetra","EUR"
"SCG","SCENTRE GROUP","Immobilien","Aktien","3.515.943,82","0,01","3.515.943,82","1.255.349,00","2,80","Australien","Asx - All Markets","AUD"
"SJM","JM SMUCKER","Nichtzyklische Konsumgüter","Aktien","3.506.781,93","0,01","3.506.781,93","35.853,00","97,81","Vereinigte Staaten","New York Stock Exchange Inc.","USD"
"6586","MAKITA CORP","Industrie","Aktien","3.502.620,82","0,01","3.502.620,82","115.900,00","30,22","Japan","Tokyo Stock Exchange","JPY"
"ORK","ORKLA","Nichtzyklische Konsumgüter","Aktien","3.499.630,71","0,01","3.499.630,71","313.780,00","11,15","Norwegen","Oslo Bors Asa","NOK"
"MONC","MONCLER","Zyklische Konsumgüter ","Aktien","3.496.136,54","0,01","3.496.136,54","54.203,00","64,50","Italien","Borsa Italiana","EUR"
"DOCU","DOCUSIGN INC","IT","Aktien","3.493.872,00","0,01","3.493.872,00","51.080,00","68,40","Vereinigte Staaten","NASDAQ","USD"
"VIPS","VIPSHOP HOLDINGS SPONSORED ADS REP","Zyklische Konsumgüter ","Aktien","3.490.608,49","0,01","3.490.608,49","197.321,00","17,69","China","New York Stock Exchange Inc.","USD"
"7202","ISUZU MOTORS LTD","Zyklische Konsumgüter ","Aktien","3.487.779,20","0,01","3.487.779,20","224.100,00","15,56","Japan","Tokyo Stock Exchange","JPY"
"MG","MAGNA INTERNATIONAL INC","Zyklische Konsumgüter ","Aktien","3.480.505,93","0,01","3.480.505,93","65.203,00","53,38","Kanada","Toronto Stock Exchange","CAD"
"CTC.A","CANADIAN TIRE LTD CLASS A","Zyklische Konsumgüter ","Aktien","3.477.023,48","0,01","3.477.023,48","27.401,00","126,89","Kanada","Toronto Stock Exchange","CAD"
"QIA","QIAGEN NV","Gesundheitsversorgung","Aktien","3.470.865,36","0,01","3.470.865,36","76.060,00","45,63","Deutschland","Xetra","EUR"
"2886","MEGA FINANCIAL HOLDING LTD","Financials","Aktien","3.464.521,57","0,01","3.464.521,57","2.721.425,00","1,27","Taiwan","Taiwan Stock Exchange","TWD"
"KRX","KINGSPAN GROUP PLC","Industrie","Aktien","3.458.163,91","0,01","3.458.163,91","39.710,00","87,09","Irland","Irish Stock Exchange - All Market","EUR"
"IOICORP","IOI CORPORATION","Nichtzyklische Konsumgüter","Aktien","3.455.396,75","0,01","3.455.396,75","3.505.500,00","0,99","Malaysia","Bursa Malaysia","MYR"
"2601","CHINA PACIFIC INSURANCE (GROUP) LT","Financials","Aktien","3.453.294,79","0,01","3.453.294,79","763.600,00","4,52","China","Hong Kong Exchanges And Clearing Ltd","HKD"
"7270","SUBARU CORP","Zyklische Konsumgüter ","Aktien","3.450.339,72","0,01","3.450.339,72","159.300,00","21,66","Japan","Tokyo Stock Exchange","JPY"
"ENX","EURONEXT NV","Financials","Aktien","3.438.488,94","0,01","3.438.488,94","22.873,00","150,33","Frankreich","Nyse Euronext - Euronext Paris","EUR"
"1928","SEKISUI HOUSE LTD","Zyklische Konsumgüter ","Aktien","3.421.119,65","0,01","3.421.119,65","153.300,00","22,32","Japan","Tokyo Stock Exchange","JPY"
"EQT","EQT","Financials","Aktien","3.418.902,33","0,01","3.418.902,33","86.636,00","39,46","Schweden","Nasdaq Omx Nordic","SEK"
"EQH","EQUITABLE HOLDINGS INC","Financials","Aktien","3.414.074,85","0,01","3.414.074,85","71.649,00","47,65","Vereinigte Staaten","New York Stock Exchange Inc.","USD"
"SHL","SIEMENS HEALTHINEERS AG","Gesundheitsversorgung","Aktien","3.414.703,89","0,01","3.414.703,89","64.726,00","52,76","Deutschland","Xetra","EUR"
"2383","ELITE MATERIAL LTD","IT","Aktien","3.414.708,07","0,01","3.414.708,07","65.223,00","52,35","Taiwan","Taiwan Stock Exchange","TWD"
"DSCT","ISRAEL DISCOUNT BANK LTD","Financials","Aktien","3.409.027,56","0,01","3.409.027,56","321.257,00","10,61","Israel","Tel Aviv Stock Exchange","ILS"
"9992","POP MART INTERNATIONAL GROUP LTD","Zyklische Konsumgüter ","Aktien","3.409.877,30","0,01","3.409.877,30","141.400,00","24,12","China","Hong Kong Exchanges And Clearing Ltd","HKD"
"2688","ENN ENERGY HOLDINGS LTD","Versorger","Aktien","3.405.989,59","0,01","3.405.989,59","383.100,00","8,89","China","Hong Kong Exchanges And Clearing Ltd","HKD"
"BLDR","BUILDERS FIRSTSOURCE INC","Industrie","Aktien","3.403.601,20","0,01","3.403.601,20","33.080,00","102,89","Vereinigte Staaten","New York Stock Exchange Inc.","USD"
"KGF","KINGFISHER PLC","Zyklische Konsumgüter ","Aktien","3.399.732,91","0,01","3.399.732,91","808.311,00","4,21","Vereinigtes Königreich","London Stock Exchange","GBP"
"CNA","CENTRICA PLC","Versorger","Aktien","3.400.727,45","0,01","3.400.727,45","1.491.199,00","2,28","Vereinigtes Königreich","London Stock Exchange","GBP"
"3231","WISTRON CORP","IT","Aktien","3.400.805,21","0,01","3.400.805,21","710.000,00","4,79","Taiwan","Taiwan Stock Exchange","TWD"
"288","WH GROUP LTD","Nichtzyklische Konsumgüter","Aktien","3.378.999,81","0,01","3.378.999,81","3.033.500,00","1,11","Hongkong","Hong Kong Exchanges And Clearing Ltd","HKD"
"2503","KIRIN HOLDINGS LTD","Nichtzyklische Konsumgüter","Aktien","3.379.430,28","0,01","3.379.430,28","225.600,00","14,98","Japan","Tokyo Stock Exchange","JPY"
"3407","ASAHI KASEI CORP","Materialien","Aktien","3.378.900,12","0,01","3.378.900,12","381.300,00","8,86","Japan","Tokyo Stock Exchange","JPY"
"RPRX","ROYALTY PHARMA PLC CLASS A","Gesundheitsversorgung","Aktien","3.369.408,00","0,01","3.369.408,00","87.200,00","38,64","Vereinigte Staaten","NASDAQ","USD"
"EG","EVEREST GROUP LTD","Financials","Aktien","3.356.171,50","0,01","3.356.171,50","9.890,00","339,35","Vereinigte Staaten","New York Stock Exchange Inc.","USD"
"051910","LG CHEM LTD","Materialien","Aktien","3.357.854,99","0,01","3.357.854,99","14.526,00","231,16","Korea","Korea Exchange (Stock Market)","KRW"
"ENTG","ENTEGRIS INC","IT","Aktien","3.353.571,25","0,01","3.353.571,25","39.805,00","84,25","Vereinigte Staaten","NASDAQ","USD"
"REG","REGENCY CENTERS REIT CORP","Immobilien","Aktien","3.343.744,17","0,01","3.343.744,17","48.439,00","69,03","Vereinigte Staaten","NASDAQ","USD"
"1093","CSPC PHARMACEUTICAL GROUP LTD","Gesundheitsversorgung","Aktien","3.325.601,70","0,01","3.325.601,70","3.070.560,00","1,08","China","Hong Kong Exchanges And Clearing Ltd","HKD"
"CSL","CARLISLE COMPANIES INC","Industrie","Aktien","3.322.065,96","0,01","3.322.065,96","10.386,00","319,86","Vereinigte Staaten","New York Stock Exchange Inc.","USD"
"TLC","THE LOTTERY CORPORATION LTD","Zyklische Konsumgüter ","Aktien","3.316.318,38","0,01","3.316.318,38","963.781,00","3,44","Australien","Asx - All Markets","AUD"
"1339","THE PEOPLES INSURANCE CO (GROUP)","Financials","Aktien","3.311.909,81","0,01","3.311.909,81","3.819.000,00","0,87","China","Hong Kong Exchanges And Clearing Ltd","HKD"
"FNF","FIDELITY NATIONAL FINANCIAL INC","Financials","Aktien","3.304.496,47","0,01","3.304.496,47","60.533,00","54,59","Vereinigte Staaten","New York Stock Exchange Inc.","USD"
"COH","COCHLEAR LTD","Gesundheitsversorgung","Aktien","3.297.560,49","0,01","3.297.560,49","18.971,00","173,82","Australien","Asx - All Markets","AUD"
"196170","ALTEOGEN INC","Gesundheitsversorgung","Aktien","3.298.195,13","0,01","3.298.195,13","10.570,00","312,03","Korea","Korea Exchange (Kosdaq)","KRW"
"ADCB","ABU DHABI COMMERCIAL BANK","Financials","Aktien","3.289.731,96","0,01","3.289.731,96","844.955,00","3,89","Ver. Arabische Emirate","Abu Dhabi Securities Exchange","AED"
"GLPI","GAMING AND LEISURE PROPERTIES REIT","Immobilien","Aktien","3.283.195,54","0,01","3.283.195,54","73.466,00","44,69","Vereinigte Staaten","NASDAQ","USD"
"EUROB","EUROBANK SA","Financials","Aktien","3.263.809,18","0,01","3.263.809,18","811.390,00","4,02","Griechenland","Athens Exchange S.A. Cash Market","EUR"
"CPU","COMPUTERSHARE LTD","Industrie","Aktien","3.253.070,75","0,01","3.253.070,75","142.890,00","22,77","Australien","Asx - All Markets","AUD"
"SOON","SONOVA HOLDING AG","Gesundheitsversorgung","Aktien","3.253.476,30","0,01","3.253.476,30","12.446,00","261,41","Schweiz","SIX Swiss Exchange","CHF"
"5401","NIPPON STEEL CORP","Materialien","Aktien","3.253.937,67","0,01","3.253.937,67","794.700,00","4,09","Japan","Tokyo Stock Exchange","JPY"
"BT.A","BT GROUP PLC","Kommunikation","Aktien","3.250.361,76","0,01","3.250.361,76","1.312.978,00","2,48","Vereinigtes Königreich","London Stock Exchange","GBP"
"009150","SAMSUNG ELECTRO MECHANICS LTD","IT","Aktien","3.245.229,25","0,01","3.245.229,25","18.333,00","177,02","Korea","Korea Exchange (Stock Market)","KRW"
"PSON","PEARSON PLC","Zyklische Konsumgüter ","Aktien","3.246.883,45","0,01","3.246.883,45","229.900,00","14,12","Vereinigtes Königreich","London Stock Exchange","GBP"
"TW","TRADEWEB MARKETS INC CLASS A","Financials","Aktien","3.237.061,54","0,01","3.237.061,54","30.101,00","107,54","Vereinigte Staaten","NASDAQ","USD"
"LISN","CHOCOLADEFABRIKEN LINDT & SPRUENGL","Nichtzyklische Konsumgüter","Aktien","3.232.313,03","0,01","3.232.313,03","22,00","146.923,32","Schweiz","SIX Swiss Exchange","CHF"
"2327","YAGEO CORP","IT","Aktien","3.229.978,52","0,01","3.229.978,52","439.340,00","7,35","Taiwan","Taiwan Stock Exchange","TWD"
"BESI","BE SEMICONDUCTOR INDUSTRIES NV","IT","Aktien","3.231.347,96","0,01","3.231.347,96","20.571,00","157,08","Niederlande","Euronext Amsterdam","EUR"
"6326","KUBOTA CORP","Industrie","Aktien","3.226.931,00","0,01","3.226.931,00","228.200,00","14,14","Japan","Tokyo Stock Exchange","JPY"
"ETE","NATIONAL BANK OF GREECE SA","Financials","Aktien","3.221.791,17","0,01","3.221.791,17","211.018,00","15,27","Griechenland","Athens Exchange S.A. Cash Market","EUR"
"SY1","SYMRISE AG","Materialien","Aktien","3.215.377,92","0,01","3.215.377,92","39.747,00","80,90","Deutschland","Xetra","EUR"
"DKS","DICKS SPORTING INC","Zyklische Konsumgüter ","Aktien","3.202.164,75","0,01","3.202.164,75","16.175,00","197,97","Vereinigte Staaten","New York Stock Exchange Inc.","USD"
"AGS","AGEAS SA","Financials","Aktien","3.187.062,92","0,01","3.187.062,92","45.379,00","70,23","Belgien","Nyse Euronext - Euronext Brussels","EUR"
"5020","ENEOS HOLDINGS INC","Energie","Aktien","3.176.679,32","0,01","3.176.679,32","449.800,00","7,06","Japan","Tokyo Stock Exchange","JPY"
"7453","RYOHIN KEIKAKU LTD","Zyklische Konsumgüter ","Aktien","3.173.444,77","0,01","3.173.444,77","178.800,00","17,75","Japan","Tokyo Stock Exchange","JPY"
"EVO","EVOLUTION","Zyklische Konsumgüter ","Aktien","3.173.867,36","0,01","3.173.867,36","46.458,00","68,32","Schweden","Nasdaq Omx Nordic","SEK"
"HTHT","H WORLD GROUP ADR LTD","Zyklische Konsumgüter ","Aktien","3.165.853,35","0,01","3.165.853,35","67.287,00","47,05","China","NASDAQ","USD"
"BNR","BRENNTAG","Industrie","Aktien","3.164.064,14","0,01","3.164.064,14","54.360,00","58,21","Deutschland","Xetra","EUR"
"STMN","STRAUMANN HOLDING AG","Gesundheitsversorgung","Aktien","3.151.156,23","0,01","3.151.156,23","26.712,00","117,97","Schweiz","SIX Swiss Exchange","CHF"
"IOT","SAMSARA INC CLASS A","IT","Aktien","3.141.366,30","0,01","3.141.366,30","88.614,00","35,45","Vereinigte Staaten","New York Stock Exchange Inc.","USD"
"IAG","INSURANCE AUSTRALIA GROUP LTD","Financials","Aktien","3.138.582,91","0,01","3.138.582,91","589.797,00","5,32","Australien","Asx - All Markets","AUD"
"SHP","SHOPRITE HOLDINGS LTD","Nichtzyklische Konsumgüter","Aktien","3.134.488,61","0,01","3.134.488,61","192.201,00","16,31","Südafrika","Johannesburg Stock Exchange","ZAR"
"ALFA","ALFA LAVAL","Industrie","Aktien","3.131.457,16","0,01","3.131.457,16","61.989,00","50,52","Schweden","Nasdaq Omx Nordic","SEK"
"DCC","DCC PLC","Industrie","Aktien","3.131.539,36","0,01","3.131.539,36","50.285,00","62,28","Vereinigtes Königreich","London Stock Exchange","GBP"
"EN","BOUYGUES SA","Industrie","Aktien","3.128.076,23","0,01","3.128.076,23","60.055,00","52,09","Frankreich","Nyse Euronext - Euronext Paris","EUR"
"C38U","CAPITALAND INTEGRATED COMMERCIAL T","Immobilien","Aktien","3.128.361,32","0,01","3.128.361,32","1.683.294,00","1,86","Singapur","Singapore Exchange","SGD"
"METSO","METSO CORPORATION","Industrie","Aktien","3.129.014,25","0,01","3.129.014,25","177.853,00","17,59","Finnland","Nasdaq Omx Helsinki Ltd.","EUR"
"EMSN","EMS-CHEMIE HOLDING AG","Materialien","Aktien","3.122.561,06","0,01","3.122.561,06","4.502,00","693,59","Schweiz","SIX Swiss Exchange","CHF"
"DT","DYNATRACE INC","IT","Aktien","3.117.879,60","0,01","3.117.879,60","71.940,00","43,34","Vereinigte Staaten","New York Stock Exchange Inc.","USD"
"ORSTED","ORSTED A/S","Versorger","Aktien","3.111.021,36","0,01","3.111.021,36","161.707,00","19,24","Dänemark","Omx Nordic Exchange Copenhagen A/S","DKK"
"KNIN","KUEHNE UND NAGEL INTERNATIONAL AG","Industrie","Aktien","3.108.114,55","0,01","3.108.114,55","14.379,00","216,16","Schweiz","SIX Swiss Exchange","CHF"
"SCCO","SOUTHERN COPPER CORP","Materialien","Aktien","3.104.977,74","0,01","3.104.977,74","21.642,00","143,47","Peru","New York Stock Exchange Inc.","USD"
"1378","CHINA HONGQIAO GROUP LTD","Materialien","Aktien","3.084.514,68","0,01","3.084.514,68","736.000,00","4,19","China","Hong Kong Exchanges And Clearing Ltd","HKD"
"FGR","EIFFAGE SA","Industrie","Aktien","3.085.651,28","0,01","3.085.651,28","21.465,00","143,75","Frankreich","Nyse Euronext - Euronext Paris","EUR"
"KESKOB","KESKO CLASS B","Nichtzyklische Konsumgüter","Aktien","3.077.151,78","0,01","3.077.151,78","136.108,00","22,61","Finnland","Nasdaq Omx Helsinki Ltd.","EUR"
"006400","SAMSUNG SDI LTD","IT","Aktien","3.074.307,38","0,01","3.074.307,38","16.433,00","187,08","Korea","Korea Exchange (Stock Market)","KRW"
"316140","WOORI FINANCIAL GROUP INC","Financials","Aktien","3.069.572,04","0,01","3.069.572,04","157.924,00","19,44","Korea","Korea Exchange (Stock Market)","KRW"
"1109","CHINA RESOURCES LAND LTD","Immobilien","Aktien","3.066.486,80","0,01","3.066.486,80","877.500,00","3,49","China","Hong Kong Exchanges And Clearing Ltd","HKD"
"SAP","SAPUTO INC","Nichtzyklische Konsumgüter","Aktien","3.067.472,81","0,01","3.067.472,81","101.785,00","30,14","Kanada","Toronto Stock Exchange","CAD"
"TFII","TFI INTERNATIONAL INC","Industrie","Aktien","3.067.579,74","0,01","3.067.579,74","29.639,00","103,50","Kanada","Toronto Stock Exchange","CAD"
"ASRNL","ASR NEDERLAND NV","Financials","Aktien","3.068.226,57","0,01","3.068.226,57","43.096,00","71,20","Niederlande","Euronext Amsterdam","EUR"
"BN4","KEPPEL LTD","Industrie","Aktien","3.065.563,76","0,01","3.065.563,76","380.900,00","8,05","Singapur","Singapore Exchange","SGD"
"1177","SINO BIOPHARMACEUTICAL LTD","Gesundheitsversorgung","Aktien","3.057.049,53","0,01","3.057.049,53","3.850.250,00","0,79","China","Hong Kong Exchanges And Clearing Ltd","HKD"
"SQM.B","SOCIEDAD QUIMICA Y MINERA DE CHILE","Materialien","Aktien","3.057.333,22","0,01","3.057.333,22","43.204,00","70,77","Chile","Santiago Stock Exchange","CLP"
"ELE","ENDESA SA","Versorger","Aktien","3.042.990,20","0,01","3.042.990,20","84.590,00","35,97","Spanien","Bolsa De Madrid","EUR"
"ARX","ARC RESOURCES LTD","Energie","Aktien","3.043.487,51","0,01","3.043.487,51","162.014,00","18,79","Kanada","Toronto Stock Exchange","CAD"
"KOG","KONGSBERG GRUPPEN","Industrie","Aktien","3.044.946,84","0,01","3.044.946,84","118.770,00","25,64","Norwegen","Oslo Bors Asa","NOK"
"SOLV","SOLVENTUM CORP","Gesundheitsversorgung","Aktien","3.041.151,96","0,01","3.041.151,96","38.379,00","79,24","Vereinigte Staaten","New York Stock Exchange Inc.","USD"
"GALP","GALP ENERGIA SGPS SA CLASS B","Energie","Aktien","3.037.263,75","0,01","3.037.263,75","176.768,00","17,18","Portugal","Nyse Euronext - Euronext Lisbon","EUR"
"VER","VERBUND AG","Versorger","Aktien","3.033.437,58","0,01","3.033.437,58","41.659,00","72,82","Österreich","Wiener Boerse Ag","EUR"
"BMRI","BANK MANDIRI (PERSERO)","Financials","Aktien","3.026.448,58","0,01","3.026.448,58","9.895.300,00","0,31","Indonesien","Indonesia Stock Exchange","IDR"
"2015","LI AUTO CLASS A INC","Zyklische Konsumgüter ","Aktien","3.026.533,29","0,01","3.026.533,29","363.254,00","8,33","China","Hong Kong Exchanges And Clearing Ltd","HKD"
"YAR","YARA INTERNATIONAL","Materialien","Aktien","3.018.711,09","0,01","3.018.711,09","73.549,00","41,04","Norwegen","Oslo Bors Asa","NOK"
"MZTF","MIZRAHI TEFAHOT BANK LTD","Financials","Aktien","3.012.389,19","0,01","3.012.389,19","43.169,00","69,78","Israel","Tel Aviv Stock Exchange","ILS"
"SUN","SUNCORP GROUP LTD","Financials","Aktien","3.012.871,41","0,01","3.012.871,41","255.981,00","11,77","Australien","Asx - All Markets","AUD"
"SPSN","SWISS PRIME SITE AG","Immobilien","Aktien","3.002.829,91","0,01","3.002.829,91","19.310,00","155,51","Schweiz","SIX Swiss Exchange","CHF"
"823","LINK REAL ESTATE INVESTMENT TRUST","Immobilien","Aktien","3.003.346,31","0,01","3.003.346,31","672.900,00","4,46","Hongkong","Hong Kong Exchanges And Clearing Ltd","HKD"
"SMIN","SMITHS GROUP PLC","Industrie","Aktien","2.996.933,02","0,01","2.996.933,02","94.733,00","31,64","Vereinigtes Königreich","London Stock Exchange","GBP"
"JKHY","JACK HENRY AND ASSOCIATES INC","Financials","Aktien","2.982.818,08","0,01","2.982.818,08","16.346,00","182,48","Vereinigte Staaten","NASDAQ","USD"
"BAH","BOOZ ALLEN HAMILTON HOLDING CORP C","Industrie","Aktien","2.980.101,36","0,01","2.980.101,36","35.326,00","84,36","Vereinigte Staaten","New York Stock Exchange Inc.","USD"
"SCHN","SCHINDLER HOLDING AG","Industrie","Aktien","2.968.674,66","0,01","2.968.674,66","8.355,00","355,32","Schweiz","SIX Swiss Exchange","CHF"
"2357","ASUSTEK COMPUTER INC","IT","Aktien","2.964.943,27","0,01","2.964.943,27","170.000,00","17,44","Taiwan","Taiwan Stock Exchange","TWD"
"RCI.B","ROGERS COMMUNICATIONS NON-VOTING I","Kommunikation","Aktien","2.965.954,78","0,01","2.965.954,78","78.471,00","37,80","Kanada","Toronto Stock Exchange","CAD"
"FME","FRESENIUS MEDICAL CARE AG","Gesundheitsversorgung","Aktien","2.962.853,93","0,01","2.962.853,93","61.893,00","47,87","Deutschland","Xetra","EUR"
"ENELCHILE","ENEL CHILE SA","Versorger","Aktien","2.959.655,07","0,01","2.959.655,07","36.063.671,00","0,08","Chile","Santiago Stock Exchange","CLP"
"2319","CHINA MENGNIU DAIRY LTD","Nichtzyklische Konsumgüter","Aktien","2.948.094,05","0,01","2.948.094,05","1.539.000,00","1,92","China","Hong Kong Exchanges And Clearing Ltd","HKD"
"669","TECHTRONIC INDUSTRIES LTD","Industrie","Aktien","2.933.718,76","0,01","2.933.718,76","254.000,00","11,55","Hongkong","Hong Kong Exchanges And Clearing Ltd","HKD"
"TELIA","TELIA COMPANY","Kommunikation","Aktien","2.929.018,85","0,01","2.929.018,85","685.679,00","4,27","Schweden","Nasdaq Omx Nordic","SEK"
"UU.","UNITED UTILITIES GROUP PLC","Versorger","Aktien","2.926.209,59","0,01","2.926.209,59","182.206,00","16,06","Vereinigtes Königreich","London Stock Exchange","GBP"
"AMUN","AMUNDI SA","Financials","Aktien","2.926.526,22","0,01","2.926.526,22","35.295,00","82,92","Frankreich","Nyse Euronext - Euronext Paris","EUR"
"S63","SINGAPORE TECHNOLOGIES ENGINEERING","Industrie","Aktien","2.924.083,98","0,01","2.924.083,98","446.600,00","6,55","Singapur","Singapore Exchange","SGD"
"8697","JAPAN EXCHANGE GROUP INC","Financials","Aktien","2.919.059,62","0,01","2.919.059,62","273.000,00","10,69","Japan","Tokyo Stock Exchange","JPY"
"VAL","VALTERRA PLATINUM LTD","Materialien","Aktien","2.913.714,49","0,01","2.913.714,49","34.252,00","85,07","Südafrika","Johannesburg Stock Exchange","ZAR"
"NLY","ANNALY CAPITAL MANAGEMENT REIT INC","Financials","Aktien","2.912.501,80","0,01","2.912.501,80","130.255,00","22,36","Vereinigte Staaten","New York Stock Exchange Inc.","USD"
"7272","YAMAHA MOTOR LTD","Zyklische Konsumgüter ","Aktien","2.895.328,72","0,01","2.895.328,72","391.400,00","7,40","Japan","Tokyo Stock Exchange","JPY"
"024110","INDUSTRIAL BANK OF KOREA","Financials","Aktien","2.896.991,39","0,01","2.896.991,39","199.201,00","14,54","Korea","Korea Exchange (Stock Market)","KRW"
"BBD.B","BOMBARDIER INC CLASS B","Industrie","Aktien","2.894.497,17","0,01","2.894.497,17","16.992,00","170,34","Kanada","Toronto Stock Exchange","CAD"
"GRAB","GRAB HOLDINGS LTD CLASS A","Industrie","Aktien","2.892.139,13","0,01","2.892.139,13","579.587,00","4,99","Singapur","NASDAQ","USD"
"TM","TELEKOM MALAYSIA","Kommunikation","Aktien","2.888.517,74","0,01","2.888.517,74","1.456.100,00","1,98","Malaysia","Bursa Malaysia","MYR"
"QAN","QANTAS AIRWAYS LTD","Industrie","Aktien","2.888.717,78","0,01","2.888.717,78","417.330,00","6,92","Australien","Asx - All Markets","AUD"
"WSO","WATSCO INC","Industrie","Aktien","2.884.292,00","0,01","2.884.292,00","8.560,00","336,95","Vereinigte Staaten","New York Stock Exchange Inc.","USD"
"ENELAM","ENEL AMERICAS SA","Versorger","Aktien","2.880.503,21","0,01","2.880.503,21","30.317.414,00","0,10","Chile","Santiago Stock Exchange","CLP"
"MRO","MELROSE INDUSTRIES PLC","Industrie","Aktien","2.875.263,73","0,01","2.875.263,73","363.301,00","7,91","Vereinigtes Königreich","London Stock Exchange","GBP"
"QIBK","QATAR ISLAMIC BANK","Financials","Aktien","2.875.493,17","0,01","2.875.493,17","437.147,00","6,58","Qatar","Qatar Exchange","QAR"
"BDO","BDO UNIBANK INC","Financials","Aktien","2.872.262,08","0,01","2.872.262,08","1.255.441,00","2,29","Philippinen","Philippine Stock Exchange Inc.","PHP"
"9735","SECOM LTD","Industrie","Aktien","2.865.697,79","0,01","2.865.697,79","80.600,00","35,55","Japan","Tokyo Stock Exchange","JPY"
"PBBANK","PUBLIC BANK","Financials","Aktien","2.858.924,59","0,01","2.858.924,59","2.555.400,00","1,12","Malaysia","Bursa Malaysia","MYR"
"AMH","AMERICAN HOMES RENT REIT CLASS A","Immobilien","Aktien","2.860.174,20","0,01","2.860.174,20","89.102,00","32,10","Vereinigte Staaten","New York Stock Exchange Inc.","USD"
"TEL","TELENOR","Kommunikation","Aktien","2.831.496,09","0,01","2.831.496,09","194.689,00","14,54","Norwegen","Oslo Bors Asa","NOK"
"MOWI","MOWI","Nichtzyklische Konsumgüter","Aktien","2.827.691,10","0,01","2.827.691,10","117.280,00","24,11","Norwegen","Oslo Bors Asa","NOK"
"PEO","BANK PEKAO SA","Financials","Aktien","2.825.145,25","0,01","2.825.145,25","49.522,00","57,05","Polen","Warsaw Stock Exchange/Equities/Main Market","PLN"
"LUN","LUNDIN MINING CORP","Materialien","Aktien","2.815.665,51","0,01","2.815.665,51","130.833,00","21,52","Kanada","Toronto Stock Exchange","CAD"
"MRU","METRO INC","Nichtzyklische Konsumgüter","Aktien","2.815.920,39","0,01","2.815.920,39","39.072,00","72,07","Kanada","Toronto Stock Exchange","CAD"
"NVMI","NOVA LTD","IT","Aktien","2.809.505,16","0,01","2.809.505,16","8.399,00","334,50","Israel","Tel Aviv Stock Exchange","ILS"
"9697","CAPCOM LTD","Kommunikation","Aktien","2.799.771,60","0,01","2.799.771,60","120.200,00","23,29","Japan","Tokyo Stock Exchange","JPY"
"STN","STANTEC INC","Industrie","Aktien","2.800.069,80","0,01","2.800.069,80","29.634,00","94,49","Kanada","Toronto Stock Exchange","CAD"
"LYB","LYONDELLBASELL INDUSTRIES NV CLASS","Materialien","Aktien","2.794.062,40","0,01","2.794.062,40","64.528,00","43,30","Vereinigte Staaten","New York Stock Exchange Inc.","USD"
"NEM","NEMETSCHEK","IT","Aktien","2.778.019,60","0,01","2.778.019,60","25.489,00","108,99","Deutschland","Xetra","EUR"
"FUNO11","FIBRA UNO ADMINISTRACION REIT","Immobilien","Aktien","2.771.092,93","0,01","2.771.092,93","1.845.975,00","1,50","Mexiko","Bolsa Mexicana De Valores","MXN"
"2002","CHINA STEEL CORP","Materialien","Aktien","2.768.861,86","0,01","2.768.861,86","4.578.896,00","0,60","Taiwan","Taiwan Stock Exchange","TWD"
"BEI","BEIERSDORF AG","Nichtzyklische Konsumgüter","Aktien","2.770.035,88","0,01","2.770.035,88","25.177,00","110,02","Deutschland","Xetra","EUR"
"TLKM","TELEKOMUNIKASI INDONESIA","Kommunikation","Aktien","2.752.779,13","0,01","2.752.779,13","13.190.400,00","0,21","Indonesien","Indonesia Stock Exchange","IDR"
"SIG","SIGMA HEALTHCARE LTD","Gesundheitsversorgung","Aktien","2.750.322,53","0,01","2.750.322,53","1.402.840,00","1,96","Australien","Asx - All Markets","AUD"
"NWSA","NEWS CORP CLASS A","Kommunikation","Aktien","2.747.928,48","0,01","2.747.928,48","105.204,00","26,12","Vereinigte Staaten","NASDAQ","USD"
"6383","DAIFUKU LTD","Industrie","Aktien","2.735.245,14","0,01","2.735.245,14","87.000,00","31,44","Japan","Tokyo Stock Exchange","JPY"
"TIH","TOROMONT INDUSTRIES LTD","Industrie","Aktien","2.720.034,07","0,01","2.720.034,07","22.454,00","121,14","Kanada","Toronto Stock Exchange","CAD"
"Z","ZILLOW GROUP INC CLASS C","Immobilien","Aktien","2.721.364,02","0,01","2.721.364,02","39.891,00","68,22","Vereinigte Staaten","NASDAQ","USD"
"VCX","VICINITY CENTRES","Immobilien","Aktien","2.717.533,46","0,01","2.717.533,46","1.591.867,00","1,71","Australien","Asx - All Markets","AUD"
"2884","E.SUN FINANCIAL HOLDING LTD","Financials","Aktien","2.718.224,92","0,01","2.718.224,92","2.530.607,00","1,07","Taiwan","Taiwan Stock Exchange","TWD"
"CAD","CAD CASH","Cash und/oder Derivate","Geldmarkt","2.715.636,24","0,01","2.715.636,24","3.722.458,00","72,95","Kanada","-","CAD"
"2","CLP HOLDINGS LTD","Versorger","Aktien","2.709.423,78","0,01","2.709.423,78","303.000,00","8,94","Hongkong","Hong Kong Exchanges And Clearing Ltd","HKD"
"EVN","EVOLUTION MINING LTD","Materialien","Aktien","2.706.199,52","0,01","2.706.199,52","320.046,00","8,46","Australien","Asx - All Markets","AUD"
"CEZ","CEZ","Versorger","Aktien","2.690.100,11","0,01","2.690.100,11","42.754,00","62,92","Tschechien","Prague Stock Exchange","CZK"
"ICT","INTERNATIONAL CONTAINER TERMINAL S","Industrie","Aktien","2.684.341,31","0,01","2.684.341,31","278.530,00","9,64","Philippinen","Philippine Stock Exchange Inc.","PHP"
"AUTO","AUTO TRADER GROUP PLC","Kommunikation","Aktien","2.676.035,87","0,01","2.676.035,87","339.281,00","7,89","Vereinigtes Königreich","London Stock Exchange","GBP"
"9766","KONAMI GROUP CORP","Kommunikation","Aktien","2.667.185,56","0,01","2.667.185,56","19.600,00","136,08","Japan","Tokyo Stock Exchange","JPY"
"ALO","ALSTOM SA","Industrie","Aktien","2.656.904,72","0,01","2.656.904,72","89.879,00","29,56","Frankreich","Nyse Euronext - Euronext Paris","EUR"
"TEN","TENARIS SA","Energie","Aktien","2.658.586,14","0,01","2.658.586,14","137.110,00","19,39","Italien","Borsa Italiana","EUR"
"ITRK","INTERTEK GROUP PLC","Industrie","Aktien","2.650.284,42","0,01","2.650.284,42","42.594,00","62,22","Vereinigtes Königreich","London Stock Exchange","GBP"
"268","KINGDEE INT L SOFTWARE GROUP LTD","IT","Aktien","2.632.900,37","0,01","2.632.900,37","1.542.000,00","1,71","China","Hong Kong Exchanges And Clearing Ltd","HKD"
"HRL","HORMEL FOODS CORP","Nichtzyklische Konsumgüter","Aktien","2.620.366,80","0,01","2.620.366,80","110.564,00","23,70","Vereinigte Staaten","New York Stock Exchange Inc.","USD"
"ELS","EQUITY LIFESTYLE PROPERTIES REIT I","Immobilien","Aktien","2.614.412,35","0,01","2.614.412,35","43.135,00","60,61","Vereinigte Staaten","New York Stock Exchange Inc.","USD"
"BAX","BAXTER INTERNATIONAL INC","Gesundheitsversorgung","Aktien","2.608.266,57","0,01","2.608.266,57","136.487,00","19,11","Vereinigte Staaten","New York Stock Exchange Inc.","USD"
"NESTE","NESTE","Energie","Aktien","2.608.782,77","0,01","2.608.782,77","114.440,00","22,80","Finnland","Nasdaq Omx Helsinki Ltd.","EUR"
"SDG","SD GUTHRIE","Nichtzyklische Konsumgüter","Aktien","2.606.316,90","0,01","2.606.316,90","1.845.800,00","1,41","Malaysia","Bursa Malaysia","MYR"
"STERV","STORA ENSO CLASS R","Materialien","Aktien","2.602.203,12","0,01","2.602.203,12","206.976,00","12,57","Finnland","Nasdaq Omx Helsinki Ltd.","EUR"
"2423","KE HOLDINGS INC","Immobilien","Aktien","2.594.209,87","0,01","2.594.209,87","486.555,00","5,33","China","Hong Kong Exchanges And Clearing Ltd","HKD"
"FORTUM","FORTUM","Versorger","Aktien","2.589.680,85","0,01","2.589.680,85","121.288,00","21,35","Finnland","Nasdaq Omx Helsinki Ltd.","EUR"
"SNAP","SNAP INC CLASS A","Kommunikation","Aktien","2.588.283,03","0,01","2.588.283,03","320.729,00","8,07","Vereinigte Staaten","New York Stock Exchange Inc.","USD"
"GFL","GFL ENVIRONMENTAL SUBORDINATE VOTI","Industrie","Aktien","2.577.163,86","0,01","2.577.163,86","59.916,00","43,01","Kanada","Toronto Stock Exchange","CAD"
"TIT","TELECOM ITALIA","Kommunikation","Aktien","2.573.916,81","0,01","2.573.916,81","4.265.460,00","0,60","Italien","Borsa Italiana","EUR"
"ASELS.E","ASELSAN ELEKTRONIK SANAYI VE TICAR","Industrie","Aktien","2.565.364,02","0,01","2.565.364,02","475.694,00","5,39","Türkei","Istanbul Stock Exchange","TRY"
"GWO","GREAT WEST LIFECO INC","Financials","Aktien","2.559.059,77","0,01","2.559.059,77","51.822,00","49,38","Kanada","Toronto Stock Exchange","CAD"
"4755","RAKUTEN GROUP INC","Zyklische Konsumgüter ","Aktien","2.560.842,13","0,01","2.560.842,13","399.800,00","6,41","Japan","Tokyo Stock Exchange","JPY"
"CARL B","CARLSBERG AS CL B","Nichtzyklische Konsumgüter","Aktien","2.550.146,80","0,01","2.550.146,80","19.418,00","131,33","Dänemark","Omx Nordic Exchange Copenhagen A/S","DKK"
"SRG","SNAM","Versorger","Aktien","2.545.664,50","0,01","2.545.664,50","383.228,00","6,64","Italien","Borsa Italiana","EUR"
"9901","NEW ORIENTAL EDUCATION & TECHNOLOG","Zyklische Konsumgüter ","Aktien","2.541.726,27","0,01","2.541.726,27","468.360,00","5,43","China","Hong Kong Exchanges And Clearing Ltd","HKD"
"4151","KYOWA KIRIN LTD","Gesundheitsversorgung","Aktien","2.542.396,25","0,01","2.542.396,25","157.700,00","16,12","Japan","Tokyo Stock Exchange","JPY"
"ASII","ASTRA INTERNATIONAL","Industrie","Aktien","2.540.254,27","0,01","2.540.254,27","6.322.200,00","0,40","Indonesien","Indonesia Stock Exchange","IDR"
"PNDORA","PANDORA","Zyklische Konsumgüter ","Aktien","2.527.603,81","0,01","2.527.603,81","22.717,00","111,26","Dänemark","Omx Nordic Exchange Copenhagen A/S","DKK"
"WTB","WHITBREAD PLC","Zyklische Konsumgüter ","Aktien","2.525.624,60","0,01","2.525.624,60","73.636,00","34,30","Vereinigtes Königreich","London Stock Exchange","GBP"
"NED","NEDBANK GROUP LTD","Financials","Aktien","2.525.629,56","0,01","2.525.629,56","157.176,00","16,07","Südafrika","Johannesburg Stock Exchange","ZAR"
"BNZL","BUNZL","Industrie","Aktien","2.517.391,60","0,01","2.517.391,60","90.154,00","27,92","Vereinigtes Königreich","London Stock Exchange","GBP"
"ADDT B","ADDTECH CLASS B","Industrie","Aktien","2.518.324,94","0,01","2.518.324,94","70.910,00","35,51","Schweden","Nasdaq Omx Nordic","SEK"
"BVI","BUREAU VERITAS SA","Industrie","Aktien","2.514.524,42","0,01","2.514.524,42","78.772,00","31,92","Frankreich","Nyse Euronext - Euronext Paris","EUR"
"4684","OBIC LTD","IT","Aktien","2.515.245,78","0,01","2.515.245,78","80.100,00","31,40","Japan","Tokyo Stock Exchange","JPY"
"2360","CHROMA ATE INC","IT","Aktien","2.515.873,39","0,01","2.515.873,39","102.000,00","24,67","Taiwan","Taiwan Stock Exchange","TWD"
"16","SUN HUNG KAI PROPERTIES LTD","Immobilien","Aktien","2.501.267,48","0,01","2.501.267,48","205.582,00","12,17","Hongkong","Hong Kong Exchanges And Clearing Ltd","HKD"
"TREL B","TRELLEBORG B","Industrie","Aktien","2.498.868,33","0,01","2.498.868,33","58.662,00","42,60","Schweden","Nasdaq Omx Nordic","SEK"
"LHA","DEUTSCHE LUFTHANSA AG","Industrie","Aktien","2.475.007,50","0,01","2.475.007,50","250.699,00","9,87","Deutschland","Xetra","EUR"
"3402","TORAY INDUSTRIES INC","Materialien","Aktien","2.475.409,10","0,01","2.475.409,10","380.400,00","6,51","Japan","Tokyo Stock Exchange","JPY"
"ALA","ALTAGAS LTD","Versorger","Aktien","2.471.859,60","0,01","2.471.859,60","80.963,00","30,53","Kanada","Toronto Stock Exchange","CAD"
"EXO","EXOR NV","Financials","Aktien","2.466.812,37","0,01","2.466.812,37","28.991,00","85,09","Niederlande","Euronext Amsterdam","EUR"
"DOC","HEALTHPEAK PROPERTIES INC","Immobilien","Aktien","2.463.311,28","0,01","2.463.311,28","153.191,00","16,08","Vereinigte Staaten","New York Stock Exchange Inc.","USD"
"9502","CHUBU ELECTRIC POWER INC","Versorger","Aktien","2.465.165,72","0,01","2.465.165,72","160.200,00","15,39","Japan","Tokyo Stock Exchange","JPY"
"8113","UNICHARM CORP","Nichtzyklische Konsumgüter","Aktien","2.461.542,63","0,01","2.461.542,63","431.100,00","5,71","Japan","Tokyo Stock Exchange","JPY"
"7911","TOPPAN HOLDINGS INC","Industrie","Aktien","2.462.157,01","0,01","2.462.157,01","82.800,00","29,74","Japan","Tokyo Stock Exchange","JPY"
"FRES","FRESNILLO PLC","Materialien","Aktien","2.457.539,08","0,01","2.457.539,08","54.802,00","44,84","Vereinigtes Königreich","London Stock Exchange","GBP"
"015760","KOREA ELECTRIC POWER CORP","Versorger","Aktien","2.454.085,45","0,01","2.454.085,45","74.899,00","32,77","Korea","Korea Exchange (Stock Market)","KRW"
"FUTU","FUTU HOLDINGS ADR LTD","Financials","Aktien","2.444.101,64","0,01","2.444.101,64","14.884,00","164,21","Hongkong","NASDAQ","USD"
"SRT3","SARTORIUS PREF AG","Gesundheitsversorgung","Aktien","2.439.592,91","0,01","2.439.592,91","8.403,00","290,32","Deutschland","Xetra","EUR"
"HEIO","HEINEKEN HOLDING NV","Nichtzyklische Konsumgüter","Aktien","2.439.753,57","0,01","2.439.753,57","33.291,00","73,29","Niederlande","Euronext Amsterdam","EUR"
"RXL","REXEL SA","Industrie","Aktien","2.438.627,32","0,01","2.438.627,32","61.816,00","39,45","Frankreich","Nyse Euronext - Euronext Paris","EUR"
"DIM","SARTORIUS STEDIM BIOTECH SA","Gesundheitsversorgung","Aktien","2.429.843,09","0,01","2.429.843,09","9.852,00","246,64","Frankreich","Nyse Euronext - Euronext Paris","EUR"
"BIMAS.E","BIM BIRLESIK MAGAZALAR A","Nichtzyklische Konsumgüter","Aktien","2.411.303,02","0,01","2.411.303,02","193.102,00","12,49","Türkei","Istanbul Stock Exchange","TRY"
"6504","FUJI ELECTRIC LTD","Industrie","Aktien","2.411.655,87","0,01","2.411.655,87","31.900,00","75,60","Japan","Tokyo Stock Exchange","JPY"
"LIFCO B","LIFCO CLASS B","Industrie","Aktien","2.404.450,04","0,01","2.404.450,04","62.972,00","38,18","Schweden","Nasdaq Omx Nordic","SEK"
"MINT.R","MINOR INTERNATIONAL PUBLIC NON-VOT","Zyklische Konsumgüter ","Aktien","2.392.374,14","0,01","2.392.374,14","3.101.718,00","0,77","Thailand","Stock Exchange Of Thailand","THB"
"6690","HAIER SMART HOME CLASS H LTD H","Zyklische Konsumgüter ","Aktien","2.390.099,06","0,01","2.390.099,06","766.200,00","3,12","China","Hong Kong Exchanges And Clearing Ltd","HKD"
"NDSN","NORDSON CORP","Industrie","Aktien","2.375.207,97","0,01","2.375.207,97","9.879,00","240,43","Vereinigte Staaten","NASDAQ","USD"
"2890","SINOPAC FINANCIAL HOLDINGS LTD","Financials","Aktien","2.374.346,60","0,01","2.374.346,60","2.608.502,00","0,91","Taiwan","Taiwan Stock Exchange","TWD"
"AIA","AUCKLAND INTERNATIONAL AIRPORT LTD","Industrie","Aktien","2.370.777,95","0,01","2.370.777,95","494.926,00","4,79","Neuseeland","New Zealand Exchange Ltd","NZD"
"AVY","AVERY DENNISON CORP","Materialien","Aktien","2.368.077,60","0,01","2.368.077,60","13.020,00","181,88","Vereinigte Staaten","New York Stock Exchange Inc.","USD"
"OKLO","OKLO INC CLASS A","Versorger","Aktien","2.365.066,08","0,01","2.365.066,08","32.958,00","71,76","Vereinigte Staaten","New York Stock Exchange Inc.","USD"
"LI","KLEPIERRE REIT SA","Immobilien","Aktien","2.361.785,45","0,01","2.361.785,45","59.602,00","39,63","Frankreich","Nyse Euronext - Euronext Paris","EUR"
"CNH","CNH INDUSTRIAL N.V. NV","Industrie","Aktien","2.359.886,66","0,01","2.359.886,66","255.953,00","9,22","Vereinigte Staaten","New York Stock Exchange Inc.","USD"
"PAYC","PAYCOM SOFTWARE INC","Industrie","Aktien","2.360.121,60","0,01","2.360.121,60","14.810,00","159,36","Vereinigte Staaten","New York Stock Exchange Inc.","USD"
"MNG","M&G PLC","Financials","Aktien","2.360.422,80","0,01","2.360.422,80","612.743,00","3,85","Vereinigtes Königreich","London Stock Exchange","GBP"
"267260","HD HYUNDAI ELECTRIC LTD","Industrie","Aktien","2.346.903,61","0,01","2.346.903,61","4.368,00","537,29","Korea","Korea Exchange (Stock Market)","KRW"
"CON","CONTINENTAL AG","Zyklische Konsumgüter ","Aktien","2.343.546,29","0,01","2.343.546,29","29.362,00","79,82","Deutschland","Xetra","EUR"
"TUPRS.E","TURKIYE PETROL RAFINERILERI A","Energie","Aktien","2.339.378,64","0,01","2.339.378,64","545.060,00","4,29","Türkei","Istanbul Stock Exchange","TRY"
"064350","HYUNDAI-ROTEM","Industrie","Aktien","2.340.287,95","0,01","2.340.287,95","17.942,00","130,44","Korea","Korea Exchange (Stock Market)","KRW"
"003490","KOREAN AIR LINES LTD","Industrie","Aktien","2.334.646,25","0,01","2.334.646,25","149.143,00","15,65","Korea","Korea Exchange (Stock Market)","KRW"
"NHY","NORSK HYDRO","Materialien","Aktien","2.332.258,40","0,01","2.332.258,40","300.833,00","7,75","Norwegen","Oslo Bors Asa","NOK"
"9843","NITORI HOLDINGS LTD","Zyklische Konsumgüter ","Aktien","2.332.292,90","0,01","2.332.292,90","133.300,00","17,50","Japan","Tokyo Stock Exchange","JPY"
"2449","KING YUAN ELECTRONICS LTD","IT","Aktien","2.323.721,77","0,01","2.323.721,77","295.000,00","7,88","Taiwan","Taiwan Stock Exchange","TWD"
"6823","HKT TRUST AND HKT UNITS LTD","Kommunikation","Aktien","2.321.667,63","0,01","2.321.667,63","1.570.000,00","1,48","Hongkong","Hong Kong Exchanges And Clearing Ltd","HKD"
"2892","FIRST FINANCIAL HOLDING LTD","Financials","Aktien","2.317.710,53","0,01","2.317.710,53","2.476.994,00","0,94","Taiwan","Taiwan Stock Exchange","TWD"
"BFB","BROWN FORMAN CORP CLASS B","Nichtzyklische Konsumgüter","Aktien","2.307.039,68","0,01","2.307.039,68","88.528,00","26,06","Vereinigte Staaten","New York Stock Exchange Inc.","USD"
"285A","KIOXIA HOLDINGS CORP","IT","Aktien","2.303.429,14","0,01","2.303.429,14","34.600,00","66,57","Japan","Tokyo Stock Exchange","JPY"
"SCC.R","SIAM CEMENT NON-VOTING DR PCL","Materialien","Aktien","2.284.940,49","0,01","2.284.940,49","392.300,00","5,82","Thailand","Stock Exchange Of Thailand","THB"
"APA","APA GROUP UNITS","Versorger","Aktien","2.274.478,45","0,01","2.274.478,45","380.243,00","5,98","Australien","Asx - All Markets","AUD"
"4911","SHISEIDO LTD","Nichtzyklische Konsumgüter","Aktien","2.275.892,69","0,01","2.275.892,69","156.600,00","14,53","Japan","Tokyo Stock Exchange","JPY"
"151","WANT WANT CHINA HOLDINGS LTD","Nichtzyklische Konsumgüter","Aktien","2.271.862,27","0,01","2.271.862,27","3.811.000,00","0,60","China","Hong Kong Exchanges And Clearing Ltd","HKD"
"3665","BIZLINK HOLDING INC","Industrie","Aktien","2.273.674,83","0,01","2.273.674,83","47.000,00","48,38","Taiwan","Taiwan Stock Exchange","TWD"
"1326","FORMOSA CHEMICALS & FIBRE CORP","Materialien","Aktien","2.266.599,89","0,01","2.266.599,89","2.218.620,00","1,02","Taiwan","Taiwan Stock Exchange","TWD"
"FOXA","FOX CORP CLASS A","Kommunikation","Aktien","2.268.385,08","0,01","2.268.385,08","31.044,00","73,07","Vereinigte Staaten","NASDAQ","USD"
"2333","GREAT WALL MOTOR COMPANY LTD H","Zyklische Konsumgüter ","Aktien","2.264.482,56","0,01","2.264.482,56","1.152.000,00","1,97","China","Hong Kong Exchanges And Clearing Ltd","HKD"
"SVT","SEVERN TRENT PLC","Versorger","Aktien","2.259.059,63","0,01","2.259.059,63","60.220,00","37,51","Vereinigtes Königreich","London Stock Exchange","GBP"
"NRP","NEPI ROCKCASTLE NV","Immobilien","Aktien","2.259.970,84","0,01","2.259.970,84","256.755,00","8,80","Südafrika","Johannesburg Stock Exchange","ZAR"
"PME","PRO MEDICUS LTD","Gesundheitsversorgung","Aktien","2.255.555,56","0,01","2.255.555,56","15.314,00","147,29","Australien","Asx - All Markets","AUD"
"BVT","BIDVEST GROUP LTD","Industrie","Aktien","2.251.181,61","0,01","2.251.181,61","157.068,00","14,33","Südafrika","Johannesburg Stock Exchange","ZAR"
"6361","EBARA CORP","Industrie","Aktien","2.251.601,01","0,01","2.251.601,01","95.800,00","23,50","Japan","Tokyo Stock Exchange","JPY"
"PE&OLES*","INDUST PENOLES","Materialien","Aktien","2.248.543,70","0,01","2.248.543,70","42.702,00","52,66","Mexiko","Bolsa Mexicana De Valores","MXN"
"1928","SANDS CHINA LTD","Zyklische Konsumgüter ","Aktien","2.242.158,41","0,01","2.242.158,41","890.400,00","2,52","Hongkong","Hong Kong Exchanges And Clearing Ltd","HKD"
"2880","HUA NAN FINANCIAL HOLDINGS LTD","Financials","Aktien","2.235.013,13","0,01","2.235.013,13","2.265.330,00","0,99","Taiwan","Taiwan Stock Exchange","TWD"
"RAND","RANDSTAD HOLDING","Industrie","Aktien","2.231.936,91","0,01","2.231.936,91","58.709,00","38,02","Niederlande","Euronext Amsterdam","EUR"
"CA","CARREFOUR SA","Nichtzyklische Konsumgüter","Aktien","2.232.328,54","0,01","2.232.328,54","133.573,00","16,71","Frankreich","Nyse Euronext - Euronext Paris","EUR"
"4689","LY CORP","Kommunikation","Aktien","2.228.065,46","0,01","2.228.065,46","837.100,00","2,66","Japan","Tokyo Stock Exchange","JPY"
"GAPB","GRUPO AEROPORTUARIO DEL PACIFICO","Industrie","Aktien","2.226.916,89","0,01","2.226.916,89","84.638,00","26,31","Mexiko","Bolsa Mexicana De Valores","MXN"
"TLX","TALANX AG","Financials","Aktien","2.224.109,75","0,01","2.224.109,75","16.641,00","133,65","Deutschland","Xetra","EUR"
"4188","MITSUBISHI CHEMICAL GROUP CORP","Materialien","Aktien","2.221.997,89","0,01","2.221.997,89","380.600,00","5,84","Japan","Tokyo Stock Exchange","JPY"
"SOBI","SWEDISH ORPHAN BIOVITRUM","Gesundheitsversorgung","Aktien","2.218.931,40","0,01","2.218.931,40","61.466,00","36,10","Schweden","Nasdaq Omx Nordic","SEK"
"914","ANHUI CONCH CEMENT LTD H","Materialien","Aktien","2.212.680,67","0,01","2.212.680,67","780.000,00","2,84","China","Hong Kong Exchanges And Clearing Ltd","HKD"
"SSW","SIBANYE STILLWATER LTD","Materialien","Aktien","2.195.419,76","0,01","2.195.419,76","601.291,00","3,65","Südafrika","Johannesburg Stock Exchange","ZAR"
"9926","AKESO INC","Gesundheitsversorgung","Aktien","2.192.201,45","0,01","2.192.201,45","151.000,00","14,52","China","Hong Kong Exchanges And Clearing Ltd","HKD"
"SCA B","SVENSKA CELLULOSA B","Materialien","Aktien","2.181.287,37","0,01","2.181.287,37","164.020,00","13,30","Schweden","Nasdaq Omx Nordic","SEK"
"3661","ALCHIP TECHNOLOGIES LTD","IT","Aktien","2.178.131,47","0,01","2.178.131,47","19.498,00","111,71","Taiwan","Taiwan Stock Exchange","TWD"
"ICL","ICL GROUP LTD","Materialien","Aktien","2.179.853,79","0,01","2.179.853,79","379.640,00","5,74","Israel","Tel Aviv Stock Exchange","ILS"
"BXP","BXP INC","Immobilien","Aktien","2.169.751,92","0,01","2.169.751,92","32.154,00","67,48","Vereinigte Staaten","New York Stock Exchange Inc.","USD"
"ADM","ADMIRAL GROUP PLC","Financials","Aktien","2.164.133,80","0,01","2.164.133,80","50.660,00","42,72","Vereinigtes Königreich","London Stock Exchange","GBP"
"MARK","MASRAF AL RAYAN","Financials","Aktien","2.156.829,75","0,01","2.156.829,75","3.579.315,00","0,60","Qatar","Qatar Exchange","QAR"
"MICC","MAGNUM ICE CREAM NV","Nichtzyklische Konsumgüter","Aktien","2.153.757,18","0,01","2.153.757,18","135.987,00","15,84","Niederlande","London Stock Exchange","GBP"
"OMV","OMV AG","Energie","Aktien","2.150.075,01","0,01","2.150.075,01","38.525,00","55,81","Österreich","Wiener Boerse Ag","EUR"
"EPI B","EPIROC CLASS B","Industrie","Aktien","2.142.043,68","0,01","2.142.043,68","105.769,00","20,25","Schweden","Nasdaq Omx Nordic","SEK"
"SECU B","SECURITAS B","Industrie","Aktien","2.144.018,74","0,01","2.144.018,74","134.275,00","15,97","Schweden","Nasdaq Omx Nordic","SEK"
"2413","M3 INC","Gesundheitsversorgung","Aktien","2.134.972,09","0,01","2.134.972,09","158.300,00","13,49","Japan","Tokyo Stock Exchange","JPY"
"2883","KGI FINANCIAL HOLDING LTD","Financials","Aktien","2.106.492,34","0,01","2.106.492,34","3.836.930,00","0,55","Taiwan","Taiwan Stock Exchange","TWD"
"5411","JFE HOLDINGS INC","Materialien","Aktien","2.107.796,10","0,01","2.107.796,10","165.400,00","12,74","Japan","Tokyo Stock Exchange","JPY"
"REC","RECORDATI INDUSTRIA CHIMICA E FARM","Gesundheitsversorgung","Aktien","2.103.245,88","0,01","2.103.245,88","36.894,00","57,01","Italien","Borsa Italiana","EUR"
"HEN","HENKEL AG","Nichtzyklische Konsumgüter","Aktien","2.096.962,86","0,01","2.096.962,86","27.469,00","76,34","Deutschland","Xetra","EUR"
"G24","SCOUT24 N","Kommunikation","Aktien","2.088.009,79","0,01","2.088.009,79","20.721,00","100,77","Deutschland","Xetra","EUR"
"259960","KRAFTON INC","Kommunikation","Aktien","2.083.029,40","0,01","2.083.029,40","12.198,00","170,77","Korea","Korea Exchange (Stock Market)","KRW"
"WTC","WISETECH GLOBAL LTD","IT","Aktien","2.081.071,54","0,01","2.081.071,54","45.585,00","45,65","Australien","Asx - All Markets","AUD"
"9CI","CAPITALAND INVESTMENT LTD","Immobilien","Aktien","2.078.439,35","0,01","2.078.439,35","986.300,00","2,11","Singapur","Singapore Exchange","SGD"
"BEAN","BELIMO N AG","Industrie","Aktien","2.075.108,87","0,01","2.075.108,87","2.105,00","985,80","Schweiz","SIX Swiss Exchange","CHF"
"3","HONG KONG AND CHINA GAS LTD","Versorger","Aktien","2.073.626,18","0,01","2.073.626,18","2.302.435,00","0,90","Hongkong","Hong Kong Exchanges And Clearing Ltd","HKD"
"3993","CMOC GROUP LTD","Materialien","Aktien","2.054.145,31","0,01","2.054.145,31","831.000,00","2,47","China","Hong Kong Exchanges And Clearing Ltd","HKD"
"NTGY","NATURGY ENERGY GROUP SA","Versorger","Aktien","2.044.315,32","0,01","2.044.315,32","67.155,00","30,44","Spanien","Bolsa De Madrid","EUR"
"GBLB","GROUPE BRUXELLES LAMBERT NV","Financials","Aktien","2.044.898,02","0,01","2.044.898,02","22.925,00","89,20","Belgien","Nyse Euronext - Euronext Brussels","EUR"
"8593","MITSUBISHI HC CAPITAL INC","Financials","Aktien","2.037.446,81","0,01","2.037.446,81","243.600,00","8,36","Japan","Tokyo Stock Exchange","JPY"
"NPH","NORTHAM PLATINUM HLDGS LTD","Materialien","Aktien","2.020.788,30","0,01","2.020.788,30","99.328,00","20,34","Südafrika","Johannesburg Stock Exchange","ZAR"
"UAL","UNITED AIRLINES HOLDINGS INC","Industrie","Aktien","2.020.811,04","0,01","2.020.811,04","18.072,00","111,82","Vereinigte Staaten","NASDAQ","USD"
"ERF","EUROFINS SCIENTIFIC","Gesundheitsversorgung","Aktien","2.022.245,05","0,01","2.022.245,05","27.594,00","73,29","Frankreich","Nyse Euronext - Euronext Paris","EUR"
"S68","SINGAPORE EXCHANGE LTD","Financials","Aktien","2.009.984,20","0,01","2.009.984,20","152.408,00","13,19","Singapur","Singapore Exchange","SGD"
"SYENS","SYENSQO NV","Materialien","Aktien","2.011.316,37","0,01","2.011.316,37","24.979,00","80,52","Belgien","Nyse Euronext - Euronext Brussels","EUR"
"3323","CHINA NATIONAL BUILDING MATERIAL L","Materialien","Aktien","2.007.610,97","0,01","2.007.610,97","3.052.000,00","0,66","China","Hong Kong Exchanges And Clearing Ltd","HKD"
"998","CHINA CITIC BANK CORP LTD H","Financials","Aktien","2.009.733,41","0,01","2.009.733,41","2.254.000,00","0,89","China","Hong Kong Exchanges And Clearing Ltd","HKD"
"HAR","HARMONY GOLD MINING COMPANY LIMITE","Materialien","Aktien","2.003.011,95","0,01","2.003.011,95","98.463,00","20,34","Südafrika","Johannesburg Stock Exchange","ZAR"
"ASX","ASX LTD","Financials","Aktien","1.998.616,24","0,01","1.998.616,24","58.264,00","34,30","Australien","Asx - All Markets","AUD"
"F34","WILMAR INTERNATIONAL LTD","Nichtzyklische Konsumgüter","Aktien","1.995.772,94","0,01","1.995.772,94","833.300,00","2,40","Singapur","Singapore Exchange","SGD"
"CAR","CAR GROUP LTD","Kommunikation","Aktien","1.996.093,52","0,01","1.996.093,52","97.312,00","20,51","Australien","Asx - All Markets","AUD"
"DSG","DESCARTES SYSTEMS GROUP INC","IT","Aktien","1.993.495,93","0,01","1.993.495,93","22.694,00","87,84","Kanada","Toronto Stock Exchange","CAD"
"3045","TAIWAN MOBILE LTD","Kommunikation","Aktien","1.985.566,75","0,01","1.985.566,75","575.000,00","3,45","Taiwan","Taiwan Stock Exchange","TWD"
"COLO B","COLOPLAST B","Gesundheitsversorgung","Aktien","1.982.800,68","0,01","1.982.800,68","23.078,00","85,92","Dänemark","Omx Nordic Exchange Copenhagen A/S","DKK"
"241","ALIBABA HEALTH INFORMATION TECH LT","Nichtzyklische Konsumgüter","Aktien","1.978.865,55","0,01","1.978.865,55","3.050.000,00","0,65","China","Hong Kong Exchanges And Clearing Ltd","HKD"
"1301","FORMOSA PLASTICS CORP","Materialien","Aktien","1.953.990,55","0,01","1.953.990,55","1.574.240,00","1,24","Taiwan","Taiwan Stock Exchange","TWD"
"RNO","RENAULT SA","Zyklische Konsumgüter ","Aktien","1.950.453,20","0,01","1.950.453,20","46.887,00","41,60","Frankreich","Nyse Euronext - Euronext Paris","EUR"
"SGP","STOCKLAND STAPLED UNITS LTD","Immobilien","Aktien","1.947.910,41","0,01","1.947.910,41","509.784,00","3,82","Australien","Asx - All Markets","AUD"
"LUG","LUNDIN GOLD INC","Materialien","Aktien","1.949.590,20","0,01","1.949.590,20","23.438,00","83,18","Kanada","Toronto Stock Exchange","CAD"
"042660","HANWHA OCEAN LTD","Industrie","Aktien","1.949.940,79","0,01","1.949.940,79","24.727,00","78,86","Korea","Korea Exchange (Stock Market)","KRW"
"CAE","CAE INC","Industrie","Aktien","1.942.923,54","0,01","1.942.923,54","63.806,00","30,45","Kanada","Toronto Stock Exchange","CAD"
"INDU C","INDUSTRIVARDEN SERIES","Financials","Aktien","1.940.174,97","0,01","1.940.174,97","43.099,00","45,02","Schweden","Nasdaq Omx Nordic","SEK"
"ERIE","ERIE INDEMNITY CLASS A","Financials","Aktien","1.935.174,15","0,01","1.935.174,15","6.751,00","286,65","Vereinigte Staaten","NASDAQ","USD"
"5880","TAIWAN COOPERATIVE FINANCIAL HOLDI","Financials","Aktien","1.925.554,10","0,01","1.925.554,10","2.489.789,00","0,77","Taiwan","Taiwan Stock Exchange","TWD"
"5876","SHANGHAI COMMERCIAL LTD","Financials","Aktien","1.921.427,09","0,01","1.921.427,09","1.487.000,00","1,29","Taiwan","Taiwan Stock Exchange","TWD"
"298040","HYOSUNG HEAVY INDUSTRIES CORP","Industrie","Aktien","1.918.789,35","0,01","1.918.789,35","1.552,00","1.236,33","Korea","Korea Exchange (Stock Market)","KRW"
"2057","ZTO EXPRESS (CAYMAN) INC","Industrie","Aktien","1.906.501,10","0,01","1.906.501,10","91.431,00","20,85","China","Hong Kong Exchanges And Clearing Ltd","HKD"
"KBX","KNORR BREMSE AG","Industrie","Aktien","1.904.648,55","0,01","1.904.648,55","17.044,00","111,75","Deutschland","Xetra","EUR"
"3008","LARGAN PRECISION LTD","IT","Aktien","1.905.762,16","0,01","1.905.762,16","24.000,00","79,41","Taiwan","Taiwan Stock Exchange","TWD"
"INDT","INDUTRADE","Industrie","Aktien","1.903.318,78","0,01","1.903.318,78","72.988,00","26,08","Schweden","Nasdaq Omx Nordic","SEK"
"SOF","SOFINA SA","Financials","Aktien","1.898.923,58","0,01","1.898.923,58","6.546,00","290,09","Belgien","Nyse Euronext - Euronext Brussels","EUR"
"C6L","SINGAPORE AIRLINES LTD","Industrie","Aktien","1.900.093,31","0,01","1.900.093,31","381.800,00","4,98","Singapur","Singapore Exchange","SGD"
"010120","LS ELECTRIC LTD","Industrie","Aktien","1.896.775,54","0,01","1.896.775,54","5.940,00","319,32","Korea","Korea Exchange (Stock Market)","KRW"
"5019","IDEMITSU KOSAN LTD","Energie","Aktien","1.893.615,11","0,01","1.893.615,11","250.900,00","7,55","Japan","Tokyo Stock Exchange","JPY"
"066570","LG ELECTRONICS INC","Zyklische Konsumgüter ","Aktien","1.889.227,45","0,01","1.889.227,45","29.614,00","63,80","Korea","Korea Exchange (Stock Market)","KRW"
"2382","SUNNY OPTICAL TECHNOLOGY LTD","IT","Aktien","1.889.820,77","0,01","1.889.820,77","224.400,00","8,42","China","Hong Kong Exchanges And Clearing Ltd","HKD"
"010140","SAMSUNG HEAVY INDUSTRIES LTD","Industrie","Aktien","1.886.041,86","0,01","1.886.041,86","112.736,00","16,73","Korea","Korea Exchange (Stock Market)","KRW"
"27","GALAXY ENTERTAINMENT GROUP LTD","Zyklische Konsumgüter ","Aktien","1.880.675,79","0,01","1.880.675,79","382.000,00","4,92","Hongkong","Hong Kong Exchanges And Clearing Ltd","HKD"
"2331","LI NING LTD","Zyklische Konsumgüter ","Aktien","1.882.951,11","0,01","1.882.951,11","785.000,00","2,40","China","Hong Kong Exchanges And Clearing Ltd","HKD"
"PAH3","PORSCHE AUTOMOBIL HOLDING PREF","Zyklische Konsumgüter ","Aktien","1.869.360,60","0,01","1.869.360,60","39.872,00","46,88","Deutschland","Xetra","EUR"
"BTRW","BARRATT REDROW PLC","Zyklische Konsumgüter ","Aktien","1.865.756,22","0,01","1.865.756,22","363.980,00","5,13","Vereinigtes Königreich","London Stock Exchange","GBP"
"3328","BANK OF COMMUNICATIONS LTD H","Financials","Aktien","1.861.206,40","0,01","1.861.206,40","2.246.000,00","0,83","China","Hong Kong Exchanges And Clearing Ltd","HKD"
"2368","GOLD CIRCUIT ELECTRONICS LTD","IT","Aktien","1.858.500,02","0,01","1.858.500,02","85.000,00","21,86","Taiwan","Taiwan Stock Exchange","TWD"
"BS6","YANGZIJIANG SHIPBUILDING (HOLDINGS","Industrie","Aktien","1.855.278,38","0,01","1.855.278,38","685.600,00","2,71","Singapur","Singapore Exchange","SGD"
"GOTO","GOTO GOJEK TOKOPEDIA","Zyklische Konsumgüter ","Aktien","1.847.959,60","0,01","1.847.959,60","481.480.100,00","0,00","Indonesien","Indonesia Stock Exchange","IDR"
"9005","TOKYU CORP","Industrie","Aktien","1.848.154,65","0,01","1.848.154,65","158.300,00","11,68","Japan","Tokyo Stock Exchange","JPY"
"5274","ASPEED TECHNOLOGY INC","IT","Aktien","1.848.474,72","0,01","1.848.474,72","8.000,00","231,06","Taiwan","Gretai Securities Market","TWD"
"BVN","BUENAVENTURA ADR REPRESENTING","Materialien","Aktien","1.846.186,54","0,01","1.846.186,54","66.338,00","27,83","Peru","New York Stock Exchange Inc.","USD"
"J36","JARDINE MATHESON HOLDINGS LTD","Industrie","Aktien","1.846.530,00","0,01","1.846.530,00","27.000,00","68,39","Hongkong","Singapore Exchange","USD"
"3898","ZHUZHOU CRRC TIMES ELECTRIC LTD H","Industrie","Aktien","1.843.421,08","0,01","1.843.421,08","381.400,00","4,83","China","Hong Kong Exchanges And Clearing Ltd","HKD"
"7012","KAWASAKI HEAVY INDUSTRIES LTD","Industrie","Aktien","1.840.977,38","0,01","1.840.977,38","27.800,00","66,22","Japan","Tokyo Stock Exchange","JPY"
"WTRG","ESSENTIAL UTILITIES INC","Versorger","Aktien","1.837.367,28","0,01","1.837.367,28","47.898,00","38,36","Vereinigte Staaten","New York Stock Exchange Inc.","USD"
"DHER","DELIVERY HERO","Zyklische Konsumgüter ","Aktien","1.828.860,68","0,01","1.828.860,68","68.539,00","26,68","Deutschland","Xetra","EUR"
"AC*","ARCA CONTINENTAL","Nichtzyklische Konsumgüter","Aktien","1.814.136,13","0,01","1.814.136,13","167.371,00","10,84","Mexiko","Bolsa Mexicana De Valores","MXN"
"ALI","AYALA LAND INC","Immobilien","Aktien","1.802.250,47","0,01","1.802.250,47","4.722.980,00","0,38","Philippinen","Philippine Stock Exchange Inc.","PHP"
"ZAL","ZALANDO","Zyklische Konsumgüter ","Aktien","1.802.716,34","0,01","1.802.716,34","60.574,00","29,76","Deutschland","Xetra","EUR"
"JMT","JERONIMO MARTINS SA","Nichtzyklische Konsumgüter","Aktien","1.796.902,25","0,01","1.796.902,25","75.518,00","23,79","Portugal","Nyse Euronext - Euronext Lisbon","EUR"
"003550","LG CORP","Industrie","Aktien","1.790.071,71","0,01","1.790.071,71","31.954,00","56,02","Korea","Korea Exchange (Stock Market)","KRW"
"8729","SONY FINANCIAL GROUP INC","Financials","Aktien","1.791.904,05","0,01","1.791.904,05","1.692.000,00","1,06","Japan","Tokyo Stock Exchange","JPY"
"9104","MITSUI OSK LINES LTD","Industrie","Aktien","1.784.899,04","0,01","1.784.899,04","59.400,00","30,05","Japan","Tokyo Stock Exchange","JPY"
"SHL","SONIC HEALTHCARE LTD","Gesundheitsversorgung","Aktien","1.786.590,74","0,01","1.786.590,74","118.494,00","15,08","Australien","Asx - All Markets","AUD"
"ENT","ENTAIN PLC","Zyklische Konsumgüter ","Aktien","1.781.128,00","0,01","1.781.128,00","172.738,00","10,31","Vereinigtes Königreich","London Stock Exchange","GBP"
"329180","HD HYUNDAI HEAVY INDUSTRIES LTD","Industrie","Aktien","1.779.406,48","0,01","1.779.406,48","5.036,00","353,34","Korea","Korea Exchange (Stock Market)","KRW"
"9602","TOHO (TOKYO) LTD","Kommunikation","Aktien","1.776.783,95","0,01","1.776.783,95","34.900,00","50,91","Japan","Tokyo Stock Exchange","JPY"
"AKRBP","AKER BP","Energie","Aktien","1.771.813,72","0,01","1.771.813,72","69.568,00","25,47","Norwegen","Oslo Bors Asa","NOK"
"ARE","ALEXANDRIA REAL ESTATE EQUITIES RE","Immobilien","Aktien","1.766.831,88","0,01","1.766.831,88","36.102,00","48,94","Vereinigte Staaten","New York Stock Exchange Inc.","USD"
"010130","KOREA ZINC INC","Materialien","Aktien","1.768.613,38","0,01","1.768.613,38","1.936,00","913,54","Korea","Korea Exchange (Stock Market)","KRW"
"3626","TIS INC","IT","Aktien","1.764.127,72","0,01","1.764.127,72","52.600,00","33,54","Japan","Tokyo Stock Exchange","JPY"
"CUAN","PETRINDO JAYA KREASI","Energie","Aktien","1.764.633,64","0,01","1.764.633,64","12.574.900,00","0,14","Indonesien","Indonesia Stock Exchange","IDR"
"2313","SHENZHOU INTERNATIONAL GROUP LTD","Zyklische Konsumgüter ","Aktien","1.765.981,88","0,01","1.765.981,88","224.600,00","7,86","China","Hong Kong Exchanges And Clearing Ltd","HKD"
"UHR","THE SWATCH GROUP AG","Zyklische Konsumgüter ","Aktien","1.761.820,13","0,01","1.761.820,13","8.296,00","212,37","Schweiz","SIX Swiss Exchange","CHF"
"2359","WUXI APPTEC LTD H","Gesundheitsversorgung","Aktien","1.755.004,82","0,01","1.755.004,82","138.400,00","12,68","China","Hong Kong Exchanges And Clearing Ltd","HKD"
"788","CHINA TOWER CORP LTD H","Kommunikation","Aktien","1.751.191,11","0,01","1.751.191,11","1.179.100,00","1,49","China","Hong Kong Exchanges And Clearing Ltd","HKD"
"REA","REA GROUP LTD","Kommunikation","Aktien","1.750.510,90","0,01","1.750.510,90","14.314,00","122,29","Australien","Asx - All Markets","AUD"
"BMW3","BMW PREF AG","Zyklische Konsumgüter ","Aktien","1.744.218,56","0,01","1.744.218,56","16.231,00","107,46","Deutschland","Xetra","EUR"
"3908","CHINA INTERNATIONAL CAPITAL CORP L","Financials","Aktien","1.732.850,77","0,01","1.732.850,77","689.200,00","2,51","China","Hong Kong Exchanges And Clearing Ltd","HKD"
"SCHP","SCHINDLER HOLDING PAR AG","Industrie","Aktien","1.719.857,12","0,01","1.719.857,12","4.554,00","377,66","Schweiz","SIX Swiss Exchange","CHF"
"SGH","SGH LTD","Industrie","Aktien","1.715.932,18","0,01","1.715.932,18","55.397,00","30,98","Australien","Asx - All Markets","AUD"
"SM","SM INVESTMENTS CORP","Industrie","Aktien","1.712.768,84","0,01","1.712.768,84","144.055,00","11,89","Philippinen","Philippine Stock Exchange Inc.","PHP"
"NIBE B","NIBE INDUSTRIER CLASS B","Industrie","Aktien","1.714.688,72","0,01","1.714.688,72","443.778,00","3,86","Schweden","Nasdaq Omx Nordic","SEK"
"LYC","LYNAS RARE EARTHS LTD","Materialien","Aktien","1.702.177,04","0,01","1.702.177,04","205.190,00","8,30","Australien","Asx - All Markets","AUD"
"8136","SANRIO LTD","Zyklische Konsumgüter ","Aktien","1.703.359,60","0,01","1.703.359,60","54.300,00","31,37","Japan","Tokyo Stock Exchange","JPY"
"BEIJ B","BEIJER REF CLASS B","Industrie","Aktien","1.697.276,46","0,01","1.697.276,46","104.942,00","16,17","Schweden","Nasdaq Omx Nordic","SEK"
"3606","FUYAO GLASS INDUSTRY GROUP LTD H","Zyklische Konsumgüter ","Aktien","1.695.648,49","0,01","1.695.648,49","196.400,00","8,63","China","Hong Kong Exchanges And Clearing Ltd","HKD"
"ABF","ASSOCIATED BRITISH FOODS PLC","Nichtzyklische Konsumgüter","Aktien","1.689.145,18","0,01","1.689.145,18","59.042,00","28,61","Vereinigtes Königreich","London Stock Exchange","GBP"
"358","JIANGXI COPPER LTD H","Materialien","Aktien","1.691.290,55","0,01","1.691.290,55","307.000,00","5,51","China","Hong Kong Exchanges And Clearing Ltd","HKD"
"7309","SHIMANO INC","Zyklische Konsumgüter ","Aktien","1.687.836,93","0,01","1.687.836,93","16.000,00","105,49","Japan","Tokyo Stock Exchange","JPY"
"ELISA","ELISA","Kommunikation","Aktien","1.684.568,18","0,01","1.684.568,18","38.006,00","44,32","Finnland","Nasdaq Omx Helsinki Ltd.","EUR"
"2059","KING SLIDE WORKS LTD","IT","Aktien","1.670.883,66","0,01","1.670.883,66","14.000,00","119,35","Taiwan","Taiwan Stock Exchange","TWD"
"ASURB","GRUPO AEROPORTUARIO DEL SURESTE B","Industrie","Aktien","1.673.290,47","0,01","1.673.290,47","51.944,00","32,21","Mexiko","Bolsa Mexicana De Valores","MXN"
"IMCD","IMCD NV","Industrie","Aktien","1.670.036,47","0,01","1.670.036,47","18.386,00","90,83","Niederlande","Euronext Amsterdam","EUR"
"ADNOCGAS","ADNOC GAS PLC","Energie","Aktien","1.640.828,96","0,01","1.640.828,96","1.697.634,00","0,97","Ver. Arabische Emirate","Abu Dhabi Securities Exchange","AED"
"EVK","EVONIK INDUSTRIES AG","Materialien","Aktien","1.641.116,67","0,01","1.641.116,67","104.592,00","15,69","Deutschland","Xetra","EUR"
"1347","HUA HONG SEMICONDUCTOR LTD","IT","Aktien","1.632.337,64","0,01","1.632.337,64","171.000,00","9,55","China","Hong Kong Exchanges And Clearing Ltd","HKD"
"086520","ECOPRO LTD","Industrie","Aktien","1.629.994,10","0,01","1.629.994,10","25.860,00","63,03","Korea","Korea Exchange (Kosdaq)","KRW"
"SCB.R","SCB X PUBLIC COMPANY LIMITED NON-V","Financials","Aktien","1.613.908,90","0,01","1.613.908,90","365.800,00","4,41","Thailand","Stock Exchange Of Thailand","THB"
"MKS","MARKS AND SPENCER GROUP PLC","Nichtzyklische Konsumgüter","Aktien","1.614.404,60","0,01","1.614.404,60","363.714,00","4,44","Vereinigtes Königreich","London Stock Exchange","GBP"
"P911","DR ING HC F PORSCHE PRF AG","Zyklische Konsumgüter ","Aktien","1.599.422,67","0,01","1.599.422,67","29.852,00","53,58","Deutschland","Xetra","EUR"
"CDR","CD PROJEKT SA","Kommunikation","Aktien","1.596.410,49","0,01","1.596.410,49","23.815,00","67,03","Polen","Warsaw Stock Exchange/Equities/Main Market","PLN"
"9866","NIO CLASS A INC","Zyklische Konsumgüter ","Aktien","1.590.559,39","0,01","1.590.559,39","302.249,00","5,26","China","Hong Kong Exchanges And Clearing Ltd","HKD"
"IFT","INFRATIL LTD","Financials","Aktien","1.580.349,28","0,01","1.580.349,28","248.032,00","6,37","Neuseeland","New Zealand Exchange Ltd","NZD"
"SGRO","SEGRO REIT PLC","Immobilien","Aktien","1.581.743,50","0,01","1.581.743,50","163.239,00","9,69","Vereinigtes Königreich","London Stock Exchange","GBP"
"267250","HD HYUNDAI LTD","Energie","Aktien","1.577.823,05","0,01","1.577.823,05","12.058,00","130,85","Korea","Korea Exchange (Stock Market)","KRW"
"PTTEP.R","PTT EXPLORATION AND PRODUCTION NON","Energie","Aktien","1.576.727,50","0,01","1.576.727,50","439.600,00","3,59","Thailand","Stock Exchange Of Thailand","THB"
"3653","JENTECH PRECISION INDUSTRIAL LTD","IT","Aktien","1.572.540,22","0,01","1.572.540,22","18.000,00","87,36","Taiwan","Taiwan Stock Exchange","TWD"
"1208","MMG LTD","Materialien","Aktien","1.572.932,49","0,01","1.572.932,49","1.396.000,00","1,13","China","Hong Kong Exchanges And Clearing Ltd","HKD"
"SOL","WASHINGTON H SOUL PATTINSON & COMP","Financials","Aktien","1.571.478,80","0,01","1.571.478,80","63.451,00","24,77","Australien","Asx - All Markets","AUD"
"EVD","CTS EVENTIM AG","Kommunikation","Aktien","1.560.942,12","0,01","1.560.942,12","16.931,00","92,19","Deutschland","Xetra","EUR"
"BDMS.R","BANGKOK DUSIT MEDICAL SERVICES NON","Gesundheitsversorgung","Aktien","1.544.857,64","0,01","1.544.857,64","2.521.800,00","0,61","Thailand","Stock Exchange Of Thailand","THB"
"1099","SINOPHARM GROUP LTD H","Gesundheitsversorgung","Aktien","1.545.509,35","0,01","1.545.509,35","618.800,00","2,50","China","Hong Kong Exchanges And Clearing Ltd","HKD"
"JDEP","JDE PEETS NV","Nichtzyklische Konsumgüter","Aktien","1.543.042,54","0,01","1.543.042,54","41.238,00","37,42","Niederlande","Euronext Amsterdam","EUR"
"4523","EISAI LTD","Gesundheitsversorgung","Aktien","1.531.085,52","0,01","1.531.085,52","51.500,00","29,73","Japan","Tokyo Stock Exchange","JPY"
"005387","HYUNDAI MOTOR S2 PREF","Zyklische Konsumgüter ","Aktien","1.530.153,41","0,01","1.530.153,41","10.373,00","147,51","Korea","Korea Exchange (Stock Market)","KRW"
"6841","YOKOGAWA ELECTRIC CORP","IT","Aktien","1.523.248,59","0,01","1.523.248,59","47.600,00","32,00","Japan","Tokyo Stock Exchange","JPY"
"4704","TREND MICRO INC","IT","Aktien","1.522.366,90","0,01","1.522.366,90","36.700,00","41,48","Japan","Tokyo Stock Exchange","JPY"
"HOT","HOCHTIEF AG","Industrie","Aktien","1.522.602,78","0,01","1.522.602,78","3.847,00","395,79","Deutschland","Xetra","EUR"
"RBI","RAIFFEISEN BANK INTERNATIONAL AG","Financials","Aktien","1.520.147,60","0,01","1.520.147,60","33.795,00","44,98","Österreich","Wiener Boerse Ag","EUR"
"BRPT","BARITO PACIFIC","Materialien","Aktien","1.520.314,09","0,01","1.520.314,09","7.752.672,00","0,20","Indonesien","Indonesia Stock Exchange","IDR"
"ALPHA","ALPHA BANK SA","Financials","Aktien","1.517.154,56","0,01","1.517.154,56","360.838,00","4,20","Griechenland","Athens Exchange S.A. Cash Market","EUR"
"TAL","TAL EDUCATION GROUP ADR REPTG","Zyklische Konsumgüter ","Aktien","1.514.678,94","0,01","1.514.678,94","138.834,00","10,91","China","New York Stock Exchange Inc.","USD"
"BEPC","BROOKFIELD RENEWABLE SUBORDINATE V","Versorger","Aktien","1.509.460,04","0,01","1.509.460,04","39.299,00","38,41","Kanada","Toronto Stock Exchange","CAD"
"LTM","LATAM AIRLINES GROUP SA","Industrie","Aktien","1.502.719,42","0,01","1.502.719,42","55.547.940,00","0,03","Chile","Santiago Stock Exchange","CLP"
"MNDY","MONDAYCOM LTD","IT","Aktien","1.490.208,44","0,01","1.490.208,44","10.099,00","147,56","Israel","NASDAQ","USD"
"INW","INFRASTRUTTURE WIRELESS ITALIANE","Kommunikation","Aktien","1.491.381,90","0,01","1.491.381,90","161.047,00","9,26","Italien","Borsa Italiana","EUR"
"ATRL","ATKINSREALIS GROUP INC","Industrie","Aktien","1.487.342,40","0,01","1.487.342,40","23.011,00","64,64","Kanada","Toronto Stock Exchange","CAD"
"EDEN","EDENRED","Financials","Aktien","1.489.192,19","0,01","1.489.192,19","67.054,00","22,21","Frankreich","Nyse Euronext - Euronext Paris","EUR"
"7186","YOKOHAMA FINANCIAL GROUP INC","Financials","Aktien","1.482.930,56","0,01","1.482.930,56","179.700,00","8,25","Japan","Tokyo Stock Exchange","JPY"
"2324","COMPAL ELECTRONICS INC","IT","Aktien","1.475.469,84","0,01","1.475.469,84","1.525.000,00","0,97","Taiwan","Taiwan Stock Exchange","TWD"
"DNP","DINO POLSKA SA","Nichtzyklische Konsumgüter","Aktien","1.465.813,33","0,01","1.465.813,33","127.446,00","11,50","Polen","Warsaw Stock Exchange/Equities/Main Market","PLN"
"AVOL","AVOLTA AG","Zyklische Konsumgüter ","Aktien","1.466.233,99","0,01","1.466.233,99","24.642,00","59,50","Schweiz","SIX Swiss Exchange","CHF"
"1818","ZHAOJIN MINING INDUSTRY LTD H","Materialien","Aktien","1.459.295,95","0,01","1.459.295,95","369.500,00","3,95","China","Hong Kong Exchanges And Clearing Ltd","HKD"
"8331","CHIBA BANK LTD","Financials","Aktien","1.456.434,34","0,01","1.456.434,34","130.600,00","11,15","Japan","Tokyo Stock Exchange","JPY"
"1530","3SBIO INC","Gesundheitsversorgung","Aktien","1.443.002,51","0,01","1.443.002,51","464.500,00","3,11","China","Hong Kong Exchanges And Clearing Ltd","HKD"
"NICE","NICE LTD","IT","Aktien","1.442.809,04","0,01","1.442.809,04","12.877,00","112,05","Israel","Tel Aviv Stock Exchange","ILS"
"1658","POSTAL SAVINGS BANK OF CHINA LTD H","Financials","Aktien","1.440.128,48","0,01","1.440.128,48","2.107.000,00","0,68","China","Hong Kong Exchanges And Clearing Ltd","HKD"
"1816","CGN POWER LTD H","Versorger","Aktien","1.437.237,75","0,01","1.437.237,75","3.818.000,00","0,38","China","Hong Kong Exchanges And Clearing Ltd","HKD"
"1101","TAIWAN CEMENT LTD","Materialien","Aktien","1.428.010,38","0,01","1.428.010,38","1.934.000,00","0,74","Taiwan","Taiwan Stock Exchange","TWD"
"WCP","WHITECAP RESOURCES INC","Energie","Aktien","1.425.739,92","0,01","1.425.739,92","169.942,00","8,39","Kanada","Toronto Stock Exchange","CAD"
"BCE","BCE INC","Kommunikation","Aktien","1.426.061,97","0,01","1.426.061,97","59.706,00","23,88","Kanada","Toronto Stock Exchange","CAD"
"1919","COSCO SHIPPING HOLDINGS LTD H","Industrie","Aktien","1.427.378,43","0,01","1.427.378,43","808.000,00","1,77","China","Hong Kong Exchanges And Clearing Ltd","HKD"
"EFN","ELEMENT FLEET MANAGEMENT CORP","Industrie","Aktien","1.418.383,07","0,01","1.418.383,07","53.932,00","26,30","Kanada","Toronto Stock Exchange","CAD"
"6869","SYSMEX CORP","Gesundheitsversorgung","Aktien","1.419.046,86","0,01","1.419.046,86","144.200,00","9,84","Japan","Tokyo Stock Exchange","JPY"
"OTEX","OPEN TEXT CORP","IT","Aktien","1.419.443,08","0,01","1.419.443,08","43.528,00","32,61","Kanada","Toronto Stock Exchange","CAD"
"9660","HORIZON ROBOTICS","IT","Aktien","1.404.558,87","0,01","1.404.558,87","1.262.400,00","1,11","China","Hong Kong Exchanges And Clearing Ltd","HKD"
"9143","SG HOLDINGS LTD","Industrie","Aktien","1.401.079,46","0,01","1.401.079,46","153.200,00","9,15","Japan","Tokyo Stock Exchange","JPY"
"2099","CHINA GOLD INTERNATIONAL RESOURCES","Materialien","Aktien","1.396.951,24","0,01","1.396.951,24","69.300,00","20,16","China","Hong Kong Exchanges And Clearing Ltd","HKD"
"090430","AMOREPACIFIC CORP","Nichtzyklische Konsumgüter","Aktien","1.392.721,88","0,01","1.392.721,88","16.789,00","82,95","Korea","Korea Exchange (Stock Market)","KRW"
"688","CHINA OVERSEAS LAND INVESTMENT LTD","Immobilien","Aktien","1.392.850,26","0,01","1.392.850,26","885.000,00","1,57","China","Hong Kong Exchanges And Clearing Ltd","HKD"
"BKT","BANKINTER SA","Financials","Aktien","1.390.459,78","0,01","1.390.459,78","83.640,00","16,62","Spanien","Bolsa De Madrid","EUR"
"6881","CHINA GALAXY SECURITIES LTD H","Financials","Aktien","1.391.068,93","0,01","1.391.068,93","1.079.500,00","1,29","China","Hong Kong Exchanges And Clearing Ltd","HKD"
"5016","JX ADVANCED METALS CORP","Materialien","Aktien","1.380.484,23","0,01","1.380.484,23","110.400,00","12,50","Japan","Tokyo Stock Exchange","JPY"
"BIM","BIOMERIEUX SA","Gesundheitsversorgung","Aktien","1.376.511,54","0,01","1.376.511,54","10.626,00","129,54","Frankreich","Nyse Euronext - Euronext Paris","EUR"
"BCP","BANCO COMERCIAL PORTUGUES SA","Financials","Aktien","1.377.038,71","0,01","1.377.038,71","1.308.298,00","1,05","Portugal","Nyse Euronext - Euronext Lisbon","EUR"
"IAG","INTERNATIONAL AIRLINES GROUP SA","Industrie","Aktien","1.374.253,43","0,01","1.374.253,43","246.394,00","5,58","Spanien","Bolsa De Madrid","EUR"
"3481","INNOLUX CORP","IT","Aktien","1.367.993,83","0,01","1.367.993,83","2.521.000,00","0,54","Taiwan","Taiwan Stock Exchange","TWD"
"042700","HANMI SEMICONDUCTOR LTD","IT","Aktien","1.354.081,01","0,01","1.354.081,01","15.311,00","88,44","Korea","Korea Exchange (Stock Market)","KRW"
"916","CHINA LONGYUAN POWER GROUP CORP LT","Versorger","Aktien","1.354.701,61","0,01","1.354.701,61","1.588.000,00","0,85","China","Hong Kong Exchanges And Clearing Ltd","HKD"
"WIX","WIX.COM LTD","IT","Aktien","1.352.128,35","0,01","1.352.128,35","13.015,00","103,89","Israel","NASDAQ","USD"
"047810","KOREA AEROSPACE INDUSTRIES LTD","Industrie","Aktien","1.342.972,06","0,01","1.342.972,06","16.911,00","79,41","Korea","Korea Exchange (Stock Market)","KRW"
"7735","SCREEN HOLDINGS LTD","IT","Aktien","1.341.746,15","0,01","1.341.746,15","13.800,00","97,23","Japan","Tokyo Stock Exchange","JPY"
"TUB","FINANCIERE DE TUBIZE SA","Gesundheitsversorgung","Aktien","1.332.848,07","0,01","1.332.848,07","5.430,00","245,46","Belgien","Nyse Euronext - Euronext Brussels","EUR"
"2600","ALUMINUM CORPORATION OF CHINA LTD","Materialien","Aktien","1.322.775,10","0,01","1.322.775,10","846.000,00","1,56","China","Hong Kong Exchanges And Clearing Ltd","HKD"
"SW","SODEXO SA","Zyklische Konsumgüter ","Aktien","1.323.888,78","0,01","1.323.888,78","25.795,00","51,32","Frankreich","Nyse Euronext - Euronext Paris","EUR"
"096770","SK INNOVATION LTD","Energie","Aktien","1.319.172,26","0,01","1.319.172,26","18.778,00","70,25","Korea","Korea Exchange (Stock Market)","KRW"
"1787","SHANDONG GOLD MINING LTD H","Materialien","Aktien","1.313.586,43","0,01","1.313.586,43","295.500,00","4,45","China","Hong Kong Exchanges And Clearing Ltd","HKD"
"1336","NEW CHINA LIFE INSURANCE COMPANY L","Financials","Aktien","1.315.544,42","0,01","1.315.544,42","188.400,00","6,98","China","Hong Kong Exchanges And Clearing Ltd","HKD"
"247540","ECOPRO BM LTD","Industrie","Aktien","1.307.091,32","0,01","1.307.091,32","12.844,00","101,77","Korea","Korea Exchange (Kosdaq)","KRW"
"DSSA","DIAN SWASTATIKA SENTOSA","Energie","Aktien","1.304.671,66","0,01","1.304.671,66","215.400,00","6,06","Indonesien","Indonesia Stock Exchange","IDR"
"SALM","SALMAR","Nichtzyklische Konsumgüter","Aktien","1.298.440,54","0,01","1.298.440,54","21.210,00","61,22","Norwegen","Oslo Bors Asa","NOK"
"3888","KINGSOFT LTD","Kommunikation","Aktien","1.300.051,65","0,01","1.300.051,65","355.800,00","3,65","China","Hong Kong Exchanges And Clearing Ltd","HKD"
"2379","REALTEK SEMICONDUCTOR CORP","IT","Aktien","1.291.736,29","0,00","1.291.736,29","83.000,00","15,56","Taiwan","Taiwan Stock Exchange","TWD"
"PCHEM","PETRONAS CHEMICALS GROUP","Materialien","Aktien","1.288.390,59","0,00","1.288.390,59","1.440.300,00","0,89","Malaysia","Bursa Malaysia","MYR"
"6919","CALIWAY BIOPHARMACEUTICALS LTD","Gesundheitsversorgung","Aktien","1.282.602,12","0,00","1.282.602,12","260.000,00","4,93","Taiwan","Taiwan Stock Exchange","TWD"
"H","HYATT HOTELS CORP CLASS A","Zyklische Konsumgüter ","Aktien","1.279.193,28","0,00","1.279.193,28","7.979,00","160,32","Vereinigte Staaten","New York Stock Exchange Inc.","USD"
"BZU","BUZZI","Materialien","Aktien","1.279.262,62","0,00","1.279.262,62","20.947,00","61,07","Italien","Borsa Italiana","EUR"
"BKW","BKW N AG","Versorger","Aktien","1.273.441,97","0,00","1.273.441,97","5.991,00","212,56","Schweiz","SIX Swiss Exchange","CHF"
"9880","UBTECH ROBOTICS CORP LTD H","Industrie","Aktien","1.257.564,08","0,00","1.257.564,08","77.500,00","16,23","China","Hong Kong Exchanges And Clearing Ltd","HKD"
"6030","CITIC SECURITIES COMPANY LTD H","Financials","Aktien","1.258.847,56","0,00","1.258.847,56","357.600,00","3,52","China","Hong Kong Exchanges And Clearing Ltd","HKD"
"BREN","BARITO RENEWABLES ENERGY","Versorger","Aktien","1.255.677,36","0,00","1.255.677,36","2.158.600,00","0,58","Indonesien","Indonesia Stock Exchange","IDR"
"028300","HLB INC","Gesundheitsversorgung","Aktien","1.253.893,03","0,00","1.253.893,03","35.557,00","35,26","Korea","Korea Exchange (Kosdaq)","KRW"
"2615","WAN HAI LINES LTD","Industrie","Aktien","1.253.958,40","0,00","1.253.958,40","500.000,00","2,51","Taiwan","Taiwan Stock Exchange","TWD"
"HAG","HENSOLDT AG","Industrie","Aktien","1.245.398,29","0,00","1.245.398,29","14.447,00","86,20","Deutschland","Xetra","EUR"
"BIMBOA","GRUPO BIMBO A","Nichtzyklische Konsumgüter","Aktien","1.246.207,31","0,00","1.246.207,31","378.995,00","3,29","Mexiko","Bolsa Mexicana De Valores","MXN"
"7181","JAPAN POST INSURANCE LTD","Financials","Aktien","1.241.542,63","0,00","1.241.542,63","41.300,00","30,06","Japan","Tokyo Stock Exchange","JPY"
"8951","NIPPON BUILDING FUND REIT INC","Immobilien","Aktien","1.239.873,68","0,00","1.239.873,68","1.360,00","911,67","Japan","Tokyo Stock Exchange","JPY"
"9863","ZHEJIANG LEAPMOTOR TECHNOLOGY LTD","Zyklische Konsumgüter ","Aktien","1.237.953,21","0,00","1.237.953,21","198.182,00","6,25","China","Hong Kong Exchanges And Clearing Ltd","HKD"
"3034","NOVATEK MICROELECTRONICS CORP","IT","Aktien","1.226.014,86","0,00","1.226.014,86","103.000,00","11,90","Taiwan","Taiwan Stock Exchange","TWD"
"9042","HANKYU HANSHIN HOLDINGS INC","Industrie","Aktien","1.227.588,76","0,00","1.227.588,76","48.800,00","25,16","Japan","Tokyo Stock Exchange","JPY"
"IVN","IVANHOE MINES LTD CLASS A","Materialien","Aktien","1.220.546,55","0,00","1.220.546,55","107.179,00","11,39","Kanada","Toronto Stock Exchange","CAD"
"136","CHINA RUYI HOLDINGS LTD","Kommunikation","Aktien","1.222.247,06","0,00","1.222.247,06","4.344.000,00","0,28","China","Hong Kong Exchanges And Clearing Ltd","HKD"
"3443","GLOBAL UNICHIP CORP","IT","Aktien","1.217.358,09","0,00","1.217.358,09","18.000,00","67,63","Taiwan","Taiwan Stock Exchange","TWD"
"9698","GDS HOLDINGS LTD CLASS A","IT","Aktien","1.214.472,92","0,00","1.214.472,92","280.500,00","4,33","China","Hong Kong Exchanges And Clearing Ltd","HKD"
"1519","FORTUNE ELECTRIC LTD","Industrie","Aktien","1.205.184,51","0,00","1.205.184,51","49.500,00","24,35","Taiwan","Taiwan Stock Exchange","TWD"
"6186","CHINA FEIHE LTD","Nichtzyklische Konsumgüter","Aktien","1.189.806,64","0,00","1.189.806,64","2.281.000,00","0,52","China","Hong Kong Exchanges And Clearing Ltd","HKD"
"YKBNK.E","YAPI VE KREDI BANKASI A","Financials","Aktien","1.191.359,29","0,00","1.191.359,29","1.413.185,00","0,84","Türkei","Istanbul Stock Exchange","TRY"
"003670","POSCO FUTURE M LTD","Industrie","Aktien","1.188.684,18","0,00","1.188.684,18","9.157,00","129,81","Korea","Korea Exchange (Stock Market)","KRW"
"018260","SAMSUNG SDS LTD","IT","Aktien","1.186.112,60","0,00","1.186.112,60","9.963,00","119,05","Korea","Korea Exchange (Stock Market)","KRW"
"PHOE","PHOENIX FINANCIAL LTD","Financials","Aktien","1.186.162,78","0,00","1.186.162,78","28.683,00","41,35","Israel","Tel Aviv Stock Exchange","ILS"
"968","XINYI SOLAR HOLDINGS LTD","IT","Aktien","1.177.544,81","0,00","1.177.544,81","3.086.000,00","0,38","China","Hong Kong Exchanges And Clearing Ltd","HKD"
"ADIB","ABU DHABI ISLAMIC BANK","Financials","Aktien","1.178.587,41","0,00","1.178.587,41","208.518,00","5,65","Ver. Arabische Emirate","Abu Dhabi Securities Exchange","AED"
"3750","CONTEMPORARY AMPEREX TECHNOLOGY LT","Industrie","Aktien","1.169.011,37","0,00","1.169.011,37","18.000,00","64,95","China","Hong Kong Exchanges And Clearing Ltd","HKD"
"3293","INTERNATIONAL GAMES SYSTEM LTD","Kommunikation","Aktien","1.170.286,91","0,00","1.170.286,91","51.000,00","22,95","Taiwan","Gretai Securities Market","TWD"
"DIE","DIETEREN (D) SA","Zyklische Konsumgüter ","Aktien","1.156.244,03","0,00","1.156.244,03","6.397,00","180,75","Belgien","Nyse Euronext - Euronext Brussels","EUR"
"3529","EMEMORY TECHNOLOGY INC","IT","Aktien","1.156.251,49","0,00","1.156.251,49","21.000,00","55,06","Taiwan","Gretai Securities Market","TWD"
"1113","CK ASSET HOLDINGS LTD","Immobilien","Aktien","1.157.327,00","0,00","1.157.327,00","229.096,00","5,05","Hongkong","Hong Kong Exchanges And Clearing Ltd","HKD"
"MXN","MXN CASH","Cash und/oder Derivate","Geldmarkt","1.150.862,49","0,00","1.150.862,49","20.691.932,00","5,56","Mexiko","-","MXN"
"CEN","CONTACT ENERGY LTD","Versorger","Aktien","1.150.636,09","0,00","1.150.636,09","216.317,00","5,32","Neuseeland","New Zealand Exchange Ltd","NZD"
"011200","HMM LTD","Industrie","Aktien","1.151.304,36","0,00","1.151.304,36","80.903,00","14,23","Korea","Korea Exchange (Stock Market)","KRW"
"1929","CHOW TAI FOOK JEWELLERY GROUP LTD","Zyklische Konsumgüter ","Aktien","1.148.026,98","0,00","1.148.026,98","721.200,00","1,59","China","Hong Kong Exchanges And Clearing Ltd","HKD"
"DIB","DB ISLAMIC BANK","Financials","Aktien","1.145.813,80","0,00","1.145.813,80","453.987,00","2,52","Ver. Arabische Emirate","Dubai Financial Market","AED"
"MEL","MERIDIAN ENERGY LTD","Versorger","Aktien","1.147.421,19","0,00","1.147.421,19","356.311,00","3,22","Neuseeland","New Zealand Exchange Ltd","NZD"
"BALD B","FASTIGHETS BALDER CLASS B","Immobilien","Aktien","1.142.794,62","0,00","1.142.794,62","154.475,00","7,40","Schweden","Nasdaq Omx Nordic","SEK"
"9896","MINISO GROUP HOLDING LTD","Zyklische Konsumgüter ","Aktien","1.143.886,43","0,00","1.143.886,43","244.600,00","4,68","China","Hong Kong Exchanges And Clearing Ltd","HKD"
"TPEIR","PIRAEUS BANK SA","Financials","Aktien","1.142.631,32","0,00","1.142.631,32","143.201,00","7,98","Griechenland","Athens Exchange S.A. Cash Market","EUR"
"BSY","BENTLEY SYSTEMS INC CLASS B","IT","Aktien","1.137.545,99","0,00","1.137.545,99","29.806,00","38,16","Vereinigte Staaten","NASDAQ","USD"
"EDPR","EDP RENOVAVEIS SA","Versorger","Aktien","1.134.694,63","0,00","1.134.694,63","80.245,00","14,14","Portugal","Nyse Euronext - Euronext Lisbon","EUR"
"SAGA B","SAGAX CLASS B","Immobilien","Aktien","1.120.079,14","0,00","1.120.079,14","52.256,00","21,43","Schweden","Nasdaq Omx Nordic","SEK"
"EMAARDEV","EMAAR DEVELOPMENT","Immobilien","Aktien","1.117.137,71","0,00","1.117.137,71","270.834,00","4,12","Ver. Arabische Emirate","Dubai Financial Market","AED"
"2611","GUOTAI HAITONG SECURITIES CO LTD H","Financials","Aktien","1.116.815,83","0,00","1.116.815,83","522.400,00","2,14","China","Hong Kong Exchanges And Clearing Ltd","HKD"
"QGTS","QATAR GAS TRANSPORT COMPANY LTD","Energie","Aktien","1.112.380,61","0,00","1.112.380,61","902.245,00","1,23","Qatar","Qatar Exchange","QAR"
"2207","HOTAI MOTOR LTD","Zyklische Konsumgüter ","Aktien","1.106.984,29","0,00","1.106.984,29","63.240,00","17,50","Taiwan","Taiwan Stock Exchange","TWD"
"000150","DOOSAN CORP","Industrie","Aktien","1.098.946,24","0,00","1.098.946,24","2.027,00","542,15","Korea","Korea Exchange (Stock Market)","KRW"
"2912","PRESIDENT CHAIN STORE CORP","Nichtzyklische Konsumgüter","Aktien","1.099.727,88","0,00","1.099.727,88","156.000,00","7,05","Taiwan","Taiwan Stock Exchange","TWD"
"9626","BILIBILI INC","Kommunikation","Aktien","1.100.373,87","0,00","1.100.373,87","44.400,00","24,78","China","Hong Kong Exchanges And Clearing Ltd","HKD"
"9024","SEIBU HOLDINGS INC","Industrie","Aktien","1.101.090,31","0,00","1.101.090,31","40.100,00","27,46","Japan","Tokyo Stock Exchange","JPY"
"ADNOCDRILL","ADNOC DRILLING COMPANY","Energie","Aktien","1.086.470,24","0,00","1.086.470,24","747.284,00","1,45","Ver. Arabische Emirate","Abu Dhabi Securities Exchange","AED"
"3038","KOBE BUSSAN LTD","Nichtzyklische Konsumgüter","Aktien","1.080.819,16","0,00","1.080.819,16","44.700,00","24,18","Japan","Tokyo Stock Exchange","JPY"
"2228","XTALPI HOLDINGS LTD","Gesundheitsversorgung","Aktien","1.079.267,68","0,00","1.079.267,68","888.000,00","1,22","China","Hong Kong Exchanges And Clearing Ltd","HKD"
"COMI","COMMERCIAL INTERNATIONAL BANK EGYP","Financials","Aktien","1.079.580,36","0,00","1.079.580,36","499.961,00","2,16","Ägypten","Egyptian Exchange","EGP"
"2259","ZIJIN GOLD INTERNATIONAL LTD","Materialien","Aktien","1.076.687,87","0,00","1.076.687,87","57.400,00","18,76","China","Hong Kong Exchanges And Clearing Ltd","HKD"
"966","CHINA TAIPING INSURANCE HLDGS LTD","Financials","Aktien","1.076.713,05","0,00","1.076.713,05","448.400,00","2,40","China","Hong Kong Exchanges And Clearing Ltd","HKD"
"278470","APR LTD","Nichtzyklische Konsumgüter","Aktien","1.070.532,78","0,00","1.070.532,78","6.676,00","160,36","Korea","Korea Exchange (Stock Market)","KRW"
"2POINTZERO","TWO POINT ZERO GROUP","Industrie","Aktien","1.066.289,71","0,00","1.066.289,71","1.500.527,00","0,71","Ver. Arabische Emirate","Abu Dhabi Securities Exchange","AED"
"079550","LIG NEX1 LTD","Industrie","Aktien","1.058.819,90","0,00","1.058.819,90","3.623,00","292,25","Korea","Korea Exchange (Stock Market)","KRW"
"U96","SEMBCORP INDUSTRIES LTD","Versorger","Aktien","1.049.989,11","0,00","1.049.989,11","224.300,00","4,68","Singapur","Singapore Exchange","SGD"
"003230","SAM YANG FOODS INC","Nichtzyklische Konsumgüter","Aktien","1.051.932,25","0,00","1.051.932,25","1.231,00","854,53","Korea","Korea Exchange (Stock Market)","KRW"
"DKK","DKK CASH","Cash und/oder Derivate","Geldmarkt","1.048.813,13","0,00","1.048.813,13","6.670.032,00","15,72","Dänemark","-","DKK"
"4612","NIPPON PAINT HOLDINGS LTD","Materialien","Aktien","1.044.526,14","0,00","1.044.526,14","156.300,00","6,68","Japan","Tokyo Stock Exchange","JPY"
"TPIA","CHANDRA ASRI PACIFIC","Materialien","Aktien","1.045.319,34","0,00","1.045.319,34","2.490.100,00","0,42","Indonesien","Indonesia Stock Exchange","IDR"
"KCHOL.E","KOC HOLDING A","Industrie","Aktien","1.043.928,44","0,00","1.043.928,44","265.707,00","3,93","Türkei","Istanbul Stock Exchange","TRY"
"RAA","RATIONAL AG","Industrie","Aktien","1.040.267,33","0,00","1.040.267,33","1.339,00","776,90","Deutschland","Xetra","EUR"
"WISE","WISE PLC CLASS A","Financials","Aktien","1.040.712,92","0,00","1.040.712,92","86.839,00","11,98","Vereinigtes Königreich","London Stock Exchange","GBP"
"9201","JAPAN AIRLINES LTD","Industrie","Aktien","1.034.157,39","0,00","1.034.157,39","55.800,00","18,53","Japan","Tokyo Stock Exchange","JPY"
"BRMS","BUMI RESOURCES MINERALS","Materialien","Aktien","1.033.023,69","0,00","1.033.023,69","15.659.700,00","0,07","Indonesien","Indonesia Stock Exchange","IDR"
"4768","OTSUKA CORP","IT","Aktien","1.026.849,98","0,00","1.026.849,98","49.800,00","20,62","Japan","Tokyo Stock Exchange","JPY"
"CBQK","COMMERCIAL BANK OF QATAR","Financials","Aktien","1.022.706,34","0,00","1.022.706,34","886.589,00","1,15","Qatar","Qatar Exchange","QAR"
"EMP.A","EMPIRE LTD CLASS A","Nichtzyklische Konsumgüter","Aktien","1.008.464,68","0,00","1.008.464,68","28.968,00","34,81","Kanada","Toronto Stock Exchange","CAD"
"2018","AAC TECHNOLOGIES HOLDINGS INC","IT","Aktien","1.007.130,47","0,00","1.007.130,47","201.000,00","5,01","China","Hong Kong Exchanges And Clearing Ltd","HKD"
"000100","YUHAN CORP","Gesundheitsversorgung","Aktien","1.004.113,43","0,00","1.004.113,43","12.869,00","78,03","Korea","Korea Exchange (Stock Market)","KRW"
"66","MTR CORPORATION CORP LTD","Industrie","Aktien","1.001.181,99","0,00","1.001.181,99","261.500,00","3,83","Hongkong","Hong Kong Exchanges And Clearing Ltd","HKD"
"EREGL.E","EREGLI DEMIR VE CELIK FABRIKALARI","Materialien","Aktien","1.002.386,01","0,00","1.002.386,01","1.807.998,00","0,55","Türkei","Istanbul Stock Exchange","TRY"
"GRF","GRIFOLS SA CLASS A","Gesundheitsversorgung","Aktien","999.900,42","0,00","999.900,42","79.568,00","12,57","Spanien","Bolsa De Madrid","EUR"
"ROCK B","ROCKWOOL CLASS B","Industrie","Aktien","990.475,56","0,00","990.475,56","27.946,00","35,44","Dänemark","Omx Nordic Exchange Copenhagen A/S","DKK"
"1038","CHEUNG KONG INFRASTRUCTURE HOLDING","Versorger","Aktien","987.936,02","0,00","987.936,02","133.500,00","7,40","Hongkong","Hong Kong Exchanges And Clearing Ltd","HKD"
"6990","SICHUAN KELUN-BIOTECH BIOPHARMACEU","Gesundheitsversorgung","Aktien","982.578,53","0,00","982.578,53","19.500,00","50,39","China","Hong Kong Exchanges And Clearing Ltd","HKD"
"6181","LAOPU GOLD LTD H","Zyklische Konsumgüter ","Aktien","984.544,23","0,00","984.544,23","12.400,00","79,40","China","Hong Kong Exchanges And Clearing Ltd","HKD"
"SPX","SPIRAX GROUP PLC","Industrie","Aktien","979.426,94","0,00","979.426,94","10.677,00","91,73","Vereinigtes Königreich","London Stock Exchange","GBP"
"CVC","CVC CAPITAL PARTNERS PLC","Financials","Aktien","975.751,50","0,00","975.751,50","58.099,00","16,79","Niederlande","Euronext Amsterdam","EUR"
"9202","ANA HOLDINGS INC","Industrie","Aktien","969.274,94","0,00","969.274,94","51.000,00","19,01","Japan","Tokyo Stock Exchange","JPY"
"LEG","LEG IMMOBILIEN N","Immobilien","Aktien","962.486,73","0,00","962.486,73","13.165,00","73,11","Deutschland","Xetra","EUR"
"1988","CHINA MINSHENG BANKING CORP LTD H","Financials","Aktien","961.356,72","0,00","961.356,72","1.904.000,00","0,50","China","Hong Kong Exchanges And Clearing Ltd","HKD"
"7201","NISSAN MOTOR LTD","Zyklische Konsumgüter ","Aktien","957.673,16","0,00","957.673,16","384.800,00","2,49","Japan","Tokyo Stock Exchange","JPY"
"763","ZTE CORP H","IT","Aktien","951.216,29","0,00","951.216,29","272.800,00","3,49","China","Hong Kong Exchanges And Clearing Ltd","HKD"
"4904","FAR EASTONE TELECOMMUNICATIONS LTD","Kommunikation","Aktien","947.060,04","0,00","947.060,04","337.000,00","2,81","Taiwan","Taiwan Stock Exchange","TWD"
"BZ","KANZHUN AMERICAN DEPOSITORY SHARES","Industrie","Aktien","939.518,00","0,00","939.518,00","46.100,00","20,38","China","NASDAQ","USD"
"4958","ZHEN DING TECHNOLOGY HOLDING LTD","IT","Aktien","935.503,89","0,00","935.503,89","207.000,00","4,52","Taiwan","Taiwan Stock Exchange","TWD"
"OMAB","GRUPO AEROPORTUARIO DEL CENTRO NOR","Industrie","Aktien","929.191,66","0,00","929.191,66","68.601,00","13,54","Mexiko","Bolsa Mexicana De Valores","MXN"
"DEMANT","DEMANT","Gesundheitsversorgung","Aktien","930.155,61","0,00","930.155,61","27.488,00","33,84","Dänemark","Omx Nordic Exchange Copenhagen A/S","DKK"
"ISCTR.E","TURKIYE IS BANKASI C","Financials","Aktien","917.903,94","0,00","917.903,94","2.798.923,00","0,33","Türkei","Istanbul Stock Exchange","TRY"
"KIMBERA","KIMBERLY-CLARK DE MEXICO CLASS A","Nichtzyklische Konsumgüter","Aktien","908.962,67","0,00","908.962,67","425.591,00","2,14","Mexiko","Bolsa Mexicana De Valores","MXN"
"9107","KAWASAKI KISEN LTD","Industrie","Aktien","903.039,33","0,00","903.039,33","64.900,00","13,91","Japan","Tokyo Stock Exchange","JPY"
"1519","J&T GLOBAL EXPRESS LTD","Industrie","Aktien","897.651,44","0,00","897.651,44","668.600,00","1,34","China","Hong Kong Exchanges And Clearing Ltd","HKD"
"LOTB","LOTUS BAKERIES NV","Nichtzyklische Konsumgüter","Aktien","894.284,95","0,00","894.284,95","97,00","9.219,46","Belgien","Nyse Euronext - Euronext Brussels","EUR"
"9435","HIKARI TSUSHIN INC","Industrie","Aktien","893.170,44","0,00","893.170,44","3.200,00","279,12","Japan","Tokyo Stock Exchange","JPY"
"2609","YANG MING MARINE TRANSPORT CORP","Industrie","Aktien","879.273,09","0,00","879.273,09","496.000,00","1,77","Taiwan","Taiwan Stock Exchange","TWD"
"8069","E INK HOLDINGS INC","IT","Aktien","875.924,95","0,00","875.924,95","139.000,00","6,30","Taiwan","Gretai Securities Market","TWD"
"5347","VANGUARD INTERNATIONAL SEMICONDUCT","IT","Aktien","864.706,16","0,00","864.706,16","295.000,00","2,93","Taiwan","Gretai Securities Market","TWD"
"TWD","TWD CASH","Cash und/oder Derivate","Geldmarkt","860.770,55","0,00","860.770,55","27.045.841,00","3,18","Taiwan","-","TWD"
"19","SWIRE PACIFIC LTD A","Industrie","Aktien","861.938,72","0,00","861.938,72","107.000,00","8,06","Hongkong","Hong Kong Exchanges And Clearing Ltd","HKD"
"2618","JD LOGISTICS INC","Industrie","Aktien","862.277,12","0,00","862.277,12","587.700,00","1,47","China","Hong Kong Exchanges And Clearing Ltd","HKD"
"902","HUANENG POWER INTERNATIONAL INC H","Versorger","Aktien","859.849,68","0,00","859.849,68","1.168.000,00","0,74","China","Hong Kong Exchanges And Clearing Ltd","HKD"
"ADNOCDIST","ABU DHABI NATIONAL OIL COMPANY FOR","Zyklische Konsumgüter ","Aktien","852.471,04","0,00","852.471,04","802.831,00","1,06","Ver. Arabische Emirate","Abu Dhabi Securities Exchange","AED"
"SWB","SUNWAY BHD","Industrie","Aktien","847.985,71","0,00","847.985,71","612.300,00","1,38","Malaysia","Bursa Malaysia","MYR"
"4716","ORACLE JAPAN CORP","IT","Aktien","849.909,09","0,00","849.909,09","10.100,00","84,15","Japan","Tokyo Stock Exchange","JPY"
"1504","TECO ELECTRIC & MACHINERY LTD","Industrie","Aktien","850.145,61","0,00","850.145,61","318.000,00","2,67","Taiwan","Taiwan Stock Exchange","TWD"
"4091","NIPPON SANSO HOLDINGS CORP","Materialien","Aktien","842.798,18","0,00","842.798,18","28.300,00","29,78","Japan","Tokyo Stock Exchange","JPY"
"WN","GEORGE WESTON LTD","Nichtzyklische Konsumgüter","Aktien","840.967,40","0,00","840.967,40","12.174,00","69,08","Kanada","Toronto Stock Exchange","CAD"
"2356","INVENTEC CORP","IT","Aktien","842.421,35","0,00","842.421,35","617.000,00","1,37","Taiwan","Taiwan Stock Exchange","TWD"
"TCELL.E","TURKCELL ILETISIM HIZMETLERI A","Kommunikation","Aktien","836.831,70","0,00","836.831,70","386.183,00","2,17","Türkei","Istanbul Stock Exchange","TRY"
"6446","PHARMAESSENTIA CORP","Gesundheitsversorgung","Aktien","829.981,06","0,00","829.981,06","55.486,00","14,96","Taiwan","Taiwan Stock Exchange","TWD"
"270","GUANGDONG INVESTMENT LTD","Versorger","Aktien","828.740,28","0,00","828.740,28","950.000,00","0,87","China","Hong Kong Exchanges And Clearing Ltd","HKD"
"1357","MEITU INC","Kommunikation","Aktien","829.189,95","0,00","829.189,95","922.000,00","0,90","China","Hong Kong Exchanges And Clearing Ltd","HKD"
"3064","MONOTARO LTD","Industrie","Aktien","821.562,09","0,00","821.562,09","51.500,00","15,95","Japan","Tokyo Stock Exchange","JPY"
"SAHOL.E","HACI OMER SABANCI HOLDING A","Financials","Aktien","812.042,62","0,00","812.042,62","414.108,00","1,96","Türkei","Istanbul Stock Exchange","TRY"
"2618","EVA AIRWAYS CORP","Industrie","Aktien","801.481,52","0,00","801.481,52","689.000,00","1,16","Taiwan","Taiwan Stock Exchange","TWD"
"3800","GCL TECHNOLOGY HOLDINGS LTD","IT","Aktien","803.630,76","0,00","803.630,76","5.901.000,00","0,14","China","Hong Kong Exchanges And Clearing Ltd","HKD"
"1772","GANFENG LITHIUM LTD H","Materialien","Aktien","792.915,78","0,00","792.915,78","118.800,00","6,67","China","Hong Kong Exchanges And Clearing Ltd","HKD"
"272210","HANWHA SYSTEMS LTD","Industrie","Aktien","790.235,95","0,00","790.235,95","20.926,00","37,76","Korea","Korea Exchange (Stock Market)","KRW"
"CDB","CELCOMDIGI","Kommunikation","Aktien","787.610,84","0,00","787.610,84","1.001.920,00","0,79","Malaysia","Bursa Malaysia","MYR"
"9023","TOKYO METRO LTD","Industrie","Aktien","780.236,37","0,00","780.236,37","76.700,00","10,17","Japan","Tokyo Stock Exchange","JPY"
"384","CHINA GAS HOLDINGS LTD","Versorger","Aktien","759.563,69","0,00","759.563,69","769.800,00","0,99","China","Hong Kong Exchanges And Clearing Ltd","HKD"
"1171","YANKUANG ENERGY GROUP COMPANY LTD","Energie","Aktien","751.950,66","0,00","751.950,66","608.400,00","1,24","China","Hong Kong Exchanges And Clearing Ltd","HKD"
"3533","LOTES LTD","IT","Aktien","741.872,34","0,00","741.872,34","18.000,00","41,22","Taiwan","Taiwan Stock Exchange","TWD"
"3037","UNIMICRON TECHNOLOGY CORP","IT","Aktien","742.190,61","0,00","742.190,61","106.000,00","7,00","Taiwan","Taiwan Stock Exchange","TWD"
"2603","EVERGREEN MARINE CORP (TAIWAN) LTD","Industrie","Aktien","742.572,52","0,00","742.572,52","122.800,00","6,05","Taiwan","Taiwan Stock Exchange","TWD"
"INPST","INPOST SA","Industrie","Aktien","739.904,49","0,00","739.904,49","60.172,00","12,30","Niederlande","Euronext Amsterdam","EUR"
"MIL","BANK MILLENNIUM SA","Financials","Aktien","734.625,81","0,00","734.625,81","158.817,00","4,63","Polen","Warsaw Stock Exchange/Equities/Main Market","PLN"
"SOL","SASOL LTD","Materialien","Aktien","735.484,67","0,00","735.484,67","114.755,00","6,41","Südafrika","Johannesburg Stock Exchange","ZAR"
"T","TELUS CORP","Kommunikation","Aktien","717.912,03","0,00","717.912,03","54.399,00","13,20","Kanada","Toronto Stock Exchange","CAD"
"2338","WEICHAI POWER LTD H","Industrie","Aktien","714.427,96","0,00","714.427,96","295.000,00","2,42","China","Hong Kong Exchanges And Clearing Ltd","HKD"
"7550","ZENSHO HOLDINGS LTD","Zyklische Konsumgüter ","Aktien","698.554,98","0,00","698.554,98","12.200,00","57,26","Japan","Tokyo Stock Exchange","JPY"
"NZD","NZD CASH","Cash und/oder Derivate","Geldmarkt","692.936,75","0,00","692.936,75","1.205.003,00","57,50","Neuseeland","-","NZD"
"5871","CHAILEASE HOLDING LTD","Financials","Aktien","694.573,14","0,00","694.573,14","206.861,00","3,36","Taiwan","Taiwan Stock Exchange","TWD"
"6488","GLOBALWAFERS LTD","IT","Aktien","684.839,52","0,00","684.839,52","53.000,00","12,92","Taiwan","Gretai Securities Market","TWD"
"KWD","KWD CASH","Cash und/oder Derivate","Geldmarkt","680.430,21","0,00","680.430,21","209.232,00","325,20","Kuwait","-","KWD"
"489","DONGFENG MOTOR GROUP LTD H","Zyklische Konsumgüter ","Aktien","679.899,79","0,00","679.899,79","600.000,00","1,13","China","Hong Kong Exchanges And Clearing Ltd","HKD"
"051900","LG H & H LTD","Nichtzyklische Konsumgüter","Aktien","681.533,44","0,00","681.533,44","3.798,00","179,45","Korea","Korea Exchange (Stock Market)","KRW"
"2367","GIANT BIOGENE HOLDING LTD","Nichtzyklische Konsumgüter","Aktien","674.707,27","0,00","674.707,27","157.800,00","4,28","China","Hong Kong Exchanges And Clearing Ltd","HKD"
"IQCD","INDUSTRIES QATAR","Industrie","Aktien","673.361,83","0,00","673.361,83","205.508,00","3,28","Qatar","Qatar Exchange","QAR"
"NOK","NOK CASH","Cash und/oder Derivate","Geldmarkt","659.370,61","0,00","659.370,61","6.650.972,00","9,91","Norwegen","-","NOK"
"AMMN","AMMAN MINERAL INTERNASIONAL","Materialien","Aktien","653.866,57","0,00","653.866,57","1.697.000,00","0,39","Indonesien","Indonesia Stock Exchange","IDR"
"291","CHINA RESOURCES BEER HOLDINGS LTD","Nichtzyklische Konsumgüter","Aktien","633.308,92","0,00","633.308,92","188.000,00","3,37","China","Hong Kong Exchanges And Clearing Ltd","HKD"
"BDX","BUDIMEX SA","Industrie","Aktien","634.039,05","0,00","634.039,05","3.574,00","177,40","Polen","Warsaw Stock Exchange/Equities/Main Market","PLN"
"4938","PEGATRON CORP","IT","Aktien","628.786,94","0,00","628.786,94","288.000,00","2,18","Taiwan","Taiwan Stock Exchange","TWD"
"9021","WEST JAPAN RAILWAY","Industrie","Aktien","618.239,82","0,00","618.239,82","31.000,00","19,94","Japan","Tokyo Stock Exchange","JPY"
"1997","WHARF REAL ESTATE INVESTMENT COMPA","Immobilien","Aktien","612.644,70","0,00","612.644,70","194.000,00","3,16","Hongkong","Hong Kong Exchanges And Clearing Ltd","HKD"
"2801","KIKKOMAN CORP","Nichtzyklische Konsumgüter","Aktien","607.828,00","0,00","607.828,00","67.000,00","9,07","Japan","Tokyo Stock Exchange","JPY"
"2268","WUXI XDC CAYMAN INC","Gesundheitsversorgung","Aktien","604.885,33","0,00","604.885,33","77.500,00","7,80","China","Hong Kong Exchanges And Clearing Ltd","HKD"
"1878","DAITO TRUST CONSTRUCTION LTD","Immobilien","Aktien","600.076,56","0,00","600.076,56","31.500,00","19,05","Japan","Tokyo Stock Exchange","JPY"
"780","TONGCHENG TRAVEL HOLDINGS LTD","Zyklische Konsumgüter ","Aktien","583.523,61","0,00","583.523,61","202.400,00","2,88","China","Hong Kong Exchanges And Clearing Ltd","HKD"
"443060","HD HYUNDAI MARINE SOLUTION LTD","Industrie","Aktien","578.800,81","0,00","578.800,81","4.309,00","134,32","Korea","Korea Exchange (Stock Market)","KRW"
"180640","HANJIN KAL","Zyklische Konsumgüter ","Aktien","573.367,12","0,00","573.367,12","6.661,00","86,08","Korea","Korea Exchange (Stock Market)","KRW"
"NEXI","NEXI","Financials","Aktien","543.613,46","0,00","543.613,46","109.658,00","4,96","Italien","Borsa Italiana","EUR"
"017670","SK TELECOM LTD","Kommunikation","Aktien","539.883,72","0,00","539.883,72","14.537,00","37,14","Korea","Korea Exchange (Stock Market)","KRW"
"1776","GF SECURITIES LTD H","Financials","Aktien","538.922,34","0,00","538.922,34","238.200,00","2,26","China","Hong Kong Exchanges And Clearing Ltd","HKD"
"2376","GIGABYTE TECHNOLOGY LTD","IT","Aktien","532.025,27","0,00","532.025,27","67.000,00","7,94","Taiwan","Taiwan Stock Exchange","TWD"
"836","CHINA RESOURCES POWER LTD","Versorger","Aktien","534.189,25","0,00","534.189,25","240.200,00","2,22","China","Hong Kong Exchanges And Clearing Ltd","HKD"
"3088","MATSUKIYOKARA","Nichtzyklische Konsumgüter","Aktien","529.440,81","0,00","529.440,81","30.600,00","17,30","Japan","Tokyo Stock Exchange","JPY"
"YTL","YTL CORPORATION","Versorger","Aktien","526.941,35","0,00","526.941,35","1.048.200,00","0,50","Malaysia","Bursa Malaysia","MYR"
"QFIN","QFIN HOLDINGS ADR INC","Financials","Aktien","527.073,04","0,00","527.073,04","27.352,00","19,27","China","NASDAQ","USD"
"285","BYD ELECTRONIC (INTERNATIONAL) LTD","IT","Aktien","516.474,59","0,00","516.474,59","119.500,00","4,32","China","Hong Kong Exchanges And Clearing Ltd","HKD"
"ZAB","ZABKA GROUP SOCIETE ANONYME SA","Nichtzyklische Konsumgüter","Aktien","518.816,98","0,00","518.816,98","81.452,00","6,37","Polen","Warsaw Stock Exchange/Equities/Main Market","PLN"
"2395","ADVANTECH LTD","IT","Aktien","514.147,90","0,00","514.147,90","56.093,00","9,17","Taiwan","Taiwan Stock Exchange","TWD"
"CCC","CCC SA","Zyklische Konsumgüter ","Aktien","492.678,02","0,00","492.678,02","14.810,00","33,27","Polen","Warsaw Stock Exchange/Equities/Main Market","PLN"
"1590","AIRTAC INTERNATIONAL GROUP","Industrie","Aktien","473.576,17","0,00","473.576,17","16.000,00","29,60","Taiwan","Taiwan Stock Exchange","TWD"
"AKBNK.E","AKBANK A","Financials","Aktien","474.412,23","0,00","474.412,23","292.015,00","1,62","Türkei","Istanbul Stock Exchange","TRY"
"9995","REMEGEN LTD H","Gesundheitsversorgung","Aktien","462.516,86","0,00","462.516,86","50.000,00","9,25","China","Hong Kong Exchanges And Clearing Ltd","HKD"
"900948","INNER MONGOLIA YITAI COAL LTD B","Energie","Aktien","446.367,00","0,00","446.367,00","233.700,00","1,91","China","Shanghai Stock Exchange","USD"
"3618","CHONGQING RURAL COMMERCIAL BANK LT","Financials","Aktien","443.264,60","0,00","443.264,60","561.000,00","0,79","China","Hong Kong Exchanges And Clearing Ltd","HKD"
"1308","SITC INTERNATIONAL HOLDINGS LTD","Industrie","Aktien","436.682,73","0,00","436.682,73","122.000,00","3,58","Hongkong","Hong Kong Exchanges And Clearing Ltd","HKD"
"SALIK","SALIK COMPANY P.J.S.C","Industrie","Aktien","434.731,83","0,00","434.731,83","251.453,00","1,73","Ver. Arabische Emirate","Dubai Financial Market","AED"
"BBNI","BANK NEGARA INDONESIA","Financials","Aktien","432.990,34","0,00","432.990,34","1.652.200,00","0,26","Indonesien","Indonesia Stock Exchange","IDR"
"2799","CHINA CITIC FIN ASSET MGT LTD H","Financials","Aktien","412.360,76","0,00","412.360,76","3.867.000,00","0,11","China","Hong Kong Exchanges And Clearing Ltd","HKD"
"6862","HAIDILAO INTERNATIONAL HOLDING LTD","Zyklische Konsumgüter ","Aktien","408.267,49","0,00","408.267,49","223.000,00","1,83","China","Hong Kong Exchanges And Clearing Ltd","HKD"
"CZK","CZK CASH","Cash und/oder Derivate","Geldmarkt","405.691,88","0,00","405.691,88","8.349.768,00","4,86","Tschechien","-","CZK"
"CHDRAUIB","GRUPO COMERCIAL CHEDRAUI","Nichtzyklische Konsumgüter","Aktien","403.990,54","0,00","403.990,54","58.900,00","6,86","Mexiko","Bolsa Mexicana De Valores","MXN"
"LEGN","LEGEND BIOTECH ADR REP CORP","Gesundheitsversorgung","Aktien","405.037,94","0,00","405.037,94","18.631,00","21,74","China","NASDAQ","USD"
"1066","SHANDONG WEIGAO GP MEDICAL POLYMER","Gesundheitsversorgung","Aktien","385.424,55","0,00","385.424,55","597.600,00","0,64","China","Hong Kong Exchanges And Clearing Ltd","HKD"
"HUF","HUF CASH","Cash und/oder Derivate","Geldmarkt","371.251,03","0,00","371.251,03","121.365.860,00","0,31","Ungarn","-","HUF"
"168","TSINGTAO BREWERY LTD H","Nichtzyklische Konsumgüter","Aktien","363.044,90","0,00","363.044,90","58.000,00","6,26","China","Hong Kong Exchanges And Clearing Ltd","HKD"
"5201","AGC INC","Industrie","Aktien","347.867,56","0,00","347.867,56","10.500,00","33,13","Japan","Tokyo Stock Exchange","JPY"
"PHP","PHP CASH","Cash und/oder Derivate","Geldmarkt","314.385,23","0,00","314.385,23","18.496.069,00","1,70","Philippinen","-","PHP"
"SSBSW","CASH COLLATERAL USD SSBSW","Cash und/oder Derivate","Cash Collateral and Margins","310.000,00","0,00","310.000,00","310.000,00","100,00","Vereinigte Staaten","-","USD"
"ILS","ILS CASH","Cash und/oder Derivate","Geldmarkt","284.498,86","0,00","284.498,86","906.726,00","31,38","Israel","-","ILS"
"TRY","TRY CASH","Cash und/oder Derivate","Geldmarkt","269.166,47","0,00","269.166,47","11.564.468,00","2,33","Türkei","-","TRY"
"83","SINO LAND LTD","Immobilien","Aktien","267.858,93","0,00","267.858,93","204.000,00","1,31","Hongkong","Hong Kong Exchanges And Clearing Ltd","HKD"
"1585","YADEA GROUP HOLDINGS LTD","Zyklische Konsumgüter ","Aktien","257.097,71","0,00","257.097,71","176.000,00","1,46","China","Hong Kong Exchanges And Clearing Ltd","HKD"
"3808","SINOTRUK (HONG KONG) LTD","Industrie","Aktien","235.977,39","0,00","235.977,39","66.500,00","3,55","China","Hong Kong Exchanges And Clearing Ltd","HKD"
"CNH","CNH CASH","Cash und/oder Derivate","Geldmarkt","230.103,17","0,00","230.103,17","1.606.109,00","14,33","China","-","CNH"
"CLP","CLP CASH","Cash und/oder Derivate","Geldmarkt","222.627,12","0,00","222.627,12","200.715.043,00","0,11","Chile","-","CLP"
"316","ORIENT OVERSEAS (INTERNATIONAL) LT","Industrie","Aktien","209.443,05","0,00","209.443,05","13.000,00","16,11","China","Hong Kong Exchanges And Clearing Ltd","HKD"
"3092","ZOZO INC","Zyklische Konsumgüter ","Aktien","210.025,84","0,00","210.025,84","25.500,00","8,24","Japan","Tokyo Stock Exchange","JPY"
"QAR","QAR CASH","Cash und/oder Derivate","Geldmarkt","199.016,11","0,00","199.016,11","724.618,00","27,46","Qatar","-","QAR"
"MYR","MYR CASH","Cash und/oder Derivate","Geldmarkt","199.859,83","0,00","199.859,83","811.031,00","24,64","Malaysia","-","MYR"
"THYAO.E","TURK HAVA YOLLARI AO A","Industrie","Aktien","199.875,14","0,00","199.875,14","31.983,00","6,25","Türkei","Istanbul Stock Exchange","TRY"
"BRL","BRL CASH","Cash und/oder Derivate","Geldmarkt","196.868,59","0,00","196.868,59","1.078.791,00","18,25","Brasilien","-","BRL"
"3692","HANSOH PHARMACEUTICAL GROUP LTD","Gesundheitsversorgung","Aktien","194.688,76","0,00","194.688,76","42.000,00","4,64","China","Hong Kong Exchanges And Clearing Ltd","HKD"
"2202","CHINA VANKE LTD H","Immobilien","Aktien","189.041,95","0,00","189.041,95","448.600,00","0,42","China","Hong Kong Exchanges And Clearing Ltd","HKD"
"PLN","PLN CASH","Cash und/oder Derivate","Geldmarkt","187.433,89","0,00","187.433,89","673.862,00","27,81","Polen","-","PLN"
"MRDIY","MR D.I.Y. GROUP (M)","Zyklische Konsumgüter ","Aktien","161.407,84","0,00","161.407,84","428.100,00","0,38","Malaysia","Bursa Malaysia","MYR"
"1193","CHINA RESOURCES GAS GROUP LTD","Versorger","Aktien","155.769,51","0,00","155.769,51","53.600,00","2,91","China","Hong Kong Exchanges And Clearing Ltd","HKD"
"3998","BOSIDENG INTERNATIONAL LTD","Zyklische Konsumgüter ","Aktien","135.229,65","0,00","135.229,65","236.000,00","0,57","China","Hong Kong Exchanges And Clearing Ltd","HKD"
"RED","REDEIA CORPORACION SA","Versorger","Aktien","112.760,04","0,00","112.760,04","6.329,00","17,82","Spanien","Bolsa De Madrid","EUR"
"960","LONGFOR GROUP HOLDINGS LTD","Immobilien","Aktien","110.526,11","0,00","110.526,11","100.500,00","1,10","China","Hong Kong Exchanges And Clearing Ltd","HKD"
"FG","F&G ANNUITIES AND LIFE INC","Financials","Aktien","110.998,30","0,00","110.998,30","3.598,00","30,85","Vereinigte Staaten","New York Stock Exchange Inc.","USD"
"2474","CATCHER TECHNOLOGY LTD","IT","Aktien","105.918,11","0,00","105.918,11","16.000,00","6,62","Taiwan","Taiwan Stock Exchange","TWD"
"6969","SMOORE INTERNATIONAL HOLDINGS LTD","Nichtzyklische Konsumgüter","Aktien","100.990,56","0,00","100.990,56","66.000,00","1,53","China","Hong Kong Exchanges And Clearing Ltd","HKD"
"1548","GENSCRIPT BIOTECH CORP","Gesundheitsversorgung","Aktien","98.932,36","0,00","98.932,36","62.000,00","1,60","China","Hong Kong Exchanges And Clearing Ltd","HKD"
"SGD","SGD CASH","Cash und/oder Derivate","Geldmarkt","94.910,96","0,00","94.910,96","122.055,00","77,76","Singapur","-","SGD"
"1476","ECLAT TEXTILE LTD","Zyklische Konsumgüter ","Aktien","91.387,66","0,00","91.387,66","7.468,00","12,24","Taiwan","Taiwan Stock Exchange","TWD"
"AMRZ","AMRIZE AG","Materialien","Aktien","85.462,64","0,00","85.462,64","1.554,00","55,00","Vereinigte Staaten","SIX Swiss Exchange","CHF"
"CPAXT.R","CP AXTRA NON-VOTING DR PCL","Nichtzyklische Konsumgüter","Aktien","77.933,39","0,00","77.933,39","156.388,00","0,50","Thailand","Stock Exchange Of Thailand","THB"
"2587","SUNTORY BEVERAGE & FOOD LTD","Nichtzyklische Konsumgüter","Aktien","78.408,88","0,00","78.408,88","2.600,00","30,16","Japan","Tokyo Stock Exchange","JPY"
"SPL","SANTANDER BANK POLSKA SA","Financials","Aktien","63.866,66","0,00","63.866,66","421,00","151,70","Polen","Warsaw Stock Exchange/Equities/Main Market","PLN"
"IDR","IDR CASH","Cash und/oder Derivate","Geldmarkt","57.251,16","0,00","57.251,16","954.663.019,00","0,01","Indonesien","-","IDR"
"1044","HENGAN INTERNATIONAL GROUP LTD","Nichtzyklische Konsumgüter","Aktien","51.975,33","0,00","51.975,33","14.500,00","3,58","China","Hong Kong Exchanges And Clearing Ltd","HKD"
"AUD","AUD CASH","Cash und/oder Derivate","Geldmarkt","40.681,54","0,00","40.681,54","61.006,00","66,68","Australien","-","AUD"
"BEKE","KE HOLDINGS ADR REPRESENTING INC","Immobilien","Aktien","12.198,24","0,00","12.198,24","774,00","15,76","China","New York Stock Exchange Inc.","USD"
"VALT","VALTERRA PLATINUM LTD","Materialien","Aktien","12.800,30","0,00","12.800,30","153,00","83,66","Südafrika","London Stock Exchange","GBP"
"2604267D","UNIMICRON TECHNOLOGY CORP DUMMY","IT","Aktien","7.913,48","0,00","7.913,48","106.000,00","0,07","Taiwan","Taiwan Stock Exchange","TWD"
"AED","AED CASH","Cash und/oder Derivate","Geldmarkt","5.616,68","0,00","5.616,68","20.630,00","27,23","Ver. Arabische Emirate","-","AED"
"INR","INR CASH","Cash und/oder Derivate","Geldmarkt","2.858,48","0,00","2.858,48","256.919,00","1,11","Indien","-","INR"
"COP","COP CASH","Cash und/oder Derivate","Geldmarkt","0,00","0,00","0,00","0,00","0,03","Kolumbien","-","COP"
"SAR","SAR CASH(COMMITTED)","Cash und/oder Derivate","Geldmarkt","42,32","0,00","42,32","159,00","26,66","Saudi-Arabien","-","SAR"
"VTBR","BANK VTB","Financials","Aktien","0,02","0,00","0,02","182.378,00","0,00","Russland","Standard-Classica-Forts","RUB"
"PLZL","POLYUS","Materialien","Aktien","0,20","0,00","0,20","15.760,00","0,00","Russland","Standard-Classica-Forts","RUB"
"GMKN","GMK NORILSKIY NIKEL","Materialien","Aktien","0,77","0,00","0,77","612.800,00","0,00","Russland","Standard-Classica-Forts","RUB"
"TCSG","TCS GROUP HOLDING REPR CLASS A RE","Financials","Aktien","1,42","0,00","1,42","11.210,00","0,00","Russland","Standard-Classica-Forts","RUB"
"LKOH","NK LUKOIL","Energie","Aktien","4,03","0,00","4,03","31.838,00","0,00","Russland","Standard-Classica-Forts","RUB"
"ROSN","NK ROSNEFT","Energie","Aktien","4,86","0,00","4,86","38.440,00","0,00","Russland","Standard-Classica-Forts","RUB"
"NVTK","NOVATEK","Energie","Aktien","10,90","0,00","10,90","86.250,00","0,00","Russland","Standard-Classica-Forts","RUB"
"TATN","TATNEFT","Energie","Aktien","14,34","0,00","14,34","113.455,00","0,00","Russland","Standard-Classica-Forts","RUB"
"MTSS","MOBILNYE TELESISTEMY","Kommunikation","Aktien","26,43","0,00","26,43","209.064,00","0,00","Russland","Standard-Classica-Forts","RUB"
"SBER","SBERBANK ROSSII","Financials","Aktien","79,45","0,00","79,45","628.476,00","0,00","Russland","Standard-Classica-Forts","RUB"
"GAZP","GAZPROM","Energie","Aktien","111,41","0,00","111,41","881.266,00","0,00","Russland","Standard-Classica-Forts","RUB"
"HKD","HKD/USD","Cash und/oder Derivate","FX","-767,70","0,00","-767,70","20.600.704,00","1,00","Vereinigte Staaten","-","USD"
"HKD","HKD/USD","Cash und/oder Derivate","FX","-720,19","0,00","-720,19","5.190.094,00","1,00","Vereinigte Staaten","-","USD"
"NOK","NOK/USD","Cash und/oder Derivate","FX","-638,52","0,00","-638,52","1.436.479,00","1,00","Vereinigte Staaten","-","USD"
"DKK","DKK/USD","Cash und/oder Derivate","FX","-576,44","0,00","-576,44","2.734.643,00","1,00","Vereinigte Staaten","-","USD"
"SEK","SEK/USD","Cash und/oder Derivate","FX","-520,92","0,00","-520,92","1.595.047,00","1,00","Vereinigte Staaten","-","USD"
"MYR","MYR/USD","Cash und/oder Derivate","FX","-409,46","0,00","-409,46","551.896,00","1,00","Vereinigte Staaten","-","USD"
"NZD","NZD/USD","Cash und/oder Derivate","FX","-388,80","0,00","-388,80","71.638,00","1,00","Vereinigte Staaten","-","USD"
"PLN","PLN/USD","Cash und/oder Derivate","FX","-359,96","0,00","-359,96","472.890,00","1,00","Vereinigte Staaten","-","USD"
"SGD","SGD/USD","Cash und/oder Derivate","FX","-235,96","0,00","-235,96","265.040,00","1,00","Vereinigte Staaten","-","USD"
"DKK","DKK/USD","Cash und/oder Derivate","FX","-219,33","0,00","-219,33","683.661,00","1,00","Vereinigte Staaten","-","USD"
"NOK","NOK/USD","Cash und/oder Derivate","FX","-192,16","0,00","-192,16","359.120,00","1,00","Vereinigte Staaten","-","USD"
"THB","THB/USD","Cash und/oder Derivate","FX","-37,59","0,00","-37,59","751.643,00","1,00","Vereinigte Staaten","-","USD"
"THB","THB/USD","Cash und/oder Derivate","FX","-27,70","0,00","-27,70","553.926,00","1,00","Vereinigte Staaten","-","USD"
"THB","THB/USD","Cash und/oder Derivate","FX","-25,62","0,00","-25,62","512.302,00","1,00","Vereinigte Staaten","-","USD"
"THB","THB/USD","Cash und/oder Derivate","FX","-25,46","0,00","-25,46","509.100,00","1,00","Vereinigte Staaten","-","USD"
"PLN","PLN/USD","Cash und/oder Derivate","FX","-24,51","0,00","-24,51","118.222,00","1,00","Vereinigte Staaten","-","USD"
"THB","THB/USD","Cash und/oder Derivate","FX","-24,38","0,00","-24,38","487.487,00","1,00","Vereinigte Staaten","-","USD"
"CLP","CLP/USD","Cash und/oder Derivate","FX","-17,54","0,00","-17,54","51.818.119,00","1,00","Vereinigte Staaten","-","USD"
"THB","THB/USD","Cash und/oder Derivate","FX","-14,69","0,00","-14,69","293.773,00","1,00","Vereinigte Staaten","-","USD"
"THB","THB/USD","Cash und/oder Derivate","FX","-14,59","0,00","-14,59","291.772,00","1,00","Vereinigte Staaten","-","USD"
"AED","AED/USD","Cash und/oder Derivate","FX","-14,49","0,00","-14,49","579.850,00","1,00","Vereinigte Staaten","-","USD"
"THB","THB/USD","Cash und/oder Derivate","FX","-11,13","0,00","-11,13","222.531,00","1,00","Vereinigte Staaten","-","USD"
"THB","THB/USD","Cash und/oder Derivate","FX","-10,04","0,00","-10,04","200.838,00","1,00","Vereinigte Staaten","-","USD"
"PHP","PHP/USD","Cash und/oder Derivate","FX","-9,54","0,00","-9,54","755.260,00","1,00","Vereinigte Staaten","-","USD"
"THB","THB/USD","Cash und/oder Derivate","FX","-9,05","0,00","-9,05","180.907,00","1,00","Vereinigte Staaten","-","USD"
"THB","THB/USD","Cash und/oder Derivate","FX","-4,74","0,00","-4,74","187.243,00","1,00","Vereinigte Staaten","-","USD"
"THB","THB/USD","Cash und/oder Derivate","FX","-3,46","0,00","-3,46","136.831,00","1,00","Vereinigte Staaten","-","USD"
"THB","THB/USD","Cash und/oder Derivate","FX","-3,25","0,00","-3,25","128.429,00","1,00","Vereinigte Staaten","-","USD"
"THB","THB/USD","Cash und/oder Derivate","FX","-3,19","0,00","-3,19","126.029,00","1,00","Vereinigte Staaten","-","USD"
"THB","THB/USD","Cash und/oder Derivate","FX","-3,10","0,00","-3,10","122.528,00","1,00","Vereinigte Staaten","-","USD"
"THB","THB/USD","Cash und/oder Derivate","FX","-1,92","0,00","-1,92","75.817,00","1,00","Vereinigte Staaten","-","USD"
"THB","THB/USD","Cash und/oder Derivate","FX","-1,86","0,00","-1,86","73.217,00","1,00","Vereinigte Staaten","-","USD"
"THB","THB/USD","Cash und/oder Derivate","FX","-1,39","0,00","-1,39","55.013,00","1,00","Vereinigte Staaten","-","USD"
"THB","THB/USD","Cash und/oder Derivate","FX","-1,28","0,00","-1,28","50.452,00","1,00","Vereinigte Staaten","-","USD"
"THB","THB/USD","Cash und/oder Derivate","FX","-1,13","0,00","-1,13","44.610,00","1,00","Vereinigte Staaten","-","USD"
"THB","THB/USD","Cash und/oder Derivate","FX","-0,63","0,00","-0,63","12.567,00","1,00","Vereinigte Staaten","-","USD"
"THB","THB/USD","Cash und/oder Derivate","FX","-0,08","0,00","-0,08","3.141,00","1,00","Vereinigte Staaten","-","USD"
"CZK","CZK/USD","Cash und/oder Derivate","FX","12,51","0,00","12,51","218.568,00","1,00","Vereinigte Staaten","-","USD"
"TRY","TRY/USD","Cash und/oder Derivate","FX","19,19","0,00","19,19","2.418.188,00","1,00","Vereinigte Staaten","-","USD"
"HUF","HUF/USD","Cash und/oder Derivate","FX","42,32","0,00","42,32","2.906.080,00","1,00","Vereinigte Staaten","-","USD"
"HUF","HUF/USD","Cash und/oder Derivate","FX","112,03","0,00","112,03","11.624.320,00","1,00","Vereinigte Staaten","-","USD"
"CLP","CLP/USD","Cash und/oder Derivate","FX","173,62","0,00","173,62","12.829.054,00","1,00","Vereinigte Staaten","-","USD"
"IDR","IDR/USD","Cash und/oder Derivate","FX","231,24","0,00","231,24","543.479.600,00","1,00","Vereinigte Staaten","-","USD"
"ZAR","ZAR/USD","Cash und/oder Derivate","FX","718,44","0,00","718,44","7.003.159,00","1,00","Vereinigte Staaten","-","USD"
"ZAR","ZAR/USD","Cash und/oder Derivate","FX","772,13","0,00","772,13","1.742.314,00","1,00","Vereinigte Staaten","-","USD"
"IDR","IDR/USD","Cash und/oder Derivate","FX","809,58","0,00","809,58","2.178.014.400,00","1,00","Vereinigte Staaten","-","USD"
"2299955D","CONSTELLATION SOFTWARE INC","IT","Aktien","0,02","0,00","0,02","2.379,00","0,00","Kanada","Toronto Stock Exchange","CAD"
"MESH6","MSCI EMER MKT INDEX (ICE) MAR 26","Cash und/oder Derivate","Futures","0,00","0,00","7.833.270,00","111,00","1.411,40","-","Ice Futures U.S.","USD"
"MFSH6","MSCI EAFE INDEX MAR 26","Cash und/oder Derivate","Futures","0,00","0,00","30.762.260,00","212,00","2.902,10","-","Ice Futures U.S.","USD"
"ESH6","S&P500 EMINI MAR 26","Cash und/oder Derivate","Futures","0,00","0,00","37.908.750,00","110,00","6.892,50","-","Index And Options Market","USD"
"CHF","CHF/USD","Cash und/oder Derivate","FX","-3.705,81","0,00","-3.705,81","1.669.210,00","1,00","Vereinigte Staaten","-","USD"
"KRW","KRW/USD","Cash und/oder Derivate","FX","-2.195,99","0,00","-2.195,99","413.516.600,00","1,00","Vereinigte Staaten","-","USD"
"KRW","KRW/USD","Cash und/oder Derivate","FX","-1.911,18","0,00","-1.911,18","2.129.531.600,00","1,00","Vereinigte Staaten","-","USD"
"SEK","SEK/USD","Cash und/oder Derivate","FX","-1.824,72","0,00","-1.824,72","6.380.188,00","1,00","Vereinigte Staaten","-","USD"
"GBP","GBP/USD","Cash und/oder Derivate","FX","-5.549,38","0,00","-5.549,38","2.349.044,00","1,00","Vereinigte Staaten","-","USD"
"AUD","AUD/USD","Cash und/oder Derivate","FX","-6.796,05","0,00","-6.796,05","2.062.156,00","1,00","Vereinigte Staaten","-","USD"
"JPY","JPY/USD","Cash und/oder Derivate","FX","-6.665,32","0,00","-6.665,32","201.055.580,00","1,00","Vereinigte Staaten","-","USD"
"EUR","EUR/USD","Cash und/oder Derivate","FX","-10.509,85","0,00","-10.509,85","6.555.501,00","1,00","Vereinigte Staaten","-","USD"
"JPY","JPY/USD","Cash und/oder Derivate","FX","-11.699,20","0,00","-11.699,20","697.017.440,00","1,00","Vereinigte Staaten","-","USD"
"ZAR","ZAR CASH","Cash und/oder Derivate","Geldmarkt","-36.421,25","0,00","-36.421,25","-603.500,00","6,04","Südafrika","-","ZAR"
"THB","THB CASH","Cash und/oder Derivate","Geldmarkt","-83.382,51","0,00","-83.382,51","-2.626.966,00","3,17","Thailand","-","THB"
"KRW","KRW CASH","Cash und/oder Derivate","Geldmarkt","-167.522,91","0,00","-167.522,91","-241.325.132,00","0,07","Korea","-","KRW"
"SEK","SEK CASH","Cash und/oder Derivate","Geldmarkt","-172.361,35","0,00","-172.361,35","-1.588.965,00","10,85","Schweden","-","SEK"
"ETD_USD","ETD USD BALANCE WITH 06738C","Cash und/oder Derivate","Geldmarkt","-481.875,00","0,00","-481.875,00","-481.875,00","100,00","Vereinigte Staaten","-","USD"
"HKD","HKD CASH","Cash und/oder Derivate","Geldmarkt","-538.426,42","0,00","-538.426,42","-4.190.842,00","12,85","Hongkong","-","HKD"
"GBP","GBP CASH","Cash und/oder Derivate","Geldmarkt","-710.285,38","0,00","-710.285,38","-528.074,00","134,50","Vereinigtes Königreich","-","GBP"
"JPY","JPY CASH","Cash und/oder Derivate","Geldmarkt","-1.000.417,60","0,00","-1.000.417,60","-156.810.456,00","0,64","Japan","-","JPY"
"CHF","CHF CASH","Cash und/oder Derivate","Geldmarkt","-1.235.900,41","0,00","-1.235.900,41","-979.142,00","126,22","Schweiz","-","CHF"
"EUR","EUR CASH","Cash und/oder Derivate","Geldmarkt","-4.838.734,80","-0,02","-4.838.734,80","-4.120.001,00","117,45","Europäische Union","-","EUR"
 