Fondsposition per,"14.Mai2026"
 
Emittententicker,Name,Sektor,Anlageklasse,Marktwert,Gewichtung (%),Nominalwert,Nominale,Kurs,Standort,Börse,Marktwährung
"NVDA","NVIDIA CORP","IT","Aktien","1.824.014.204,52","5,57","1.824.014.204,52","7.737.398,00","235,74","Vereinigte Staaten","NASDAQ","USD"
"AAPL","APPLE INC","IT","Aktien","1.391.765.155,44","4,25","1.391.765.155,44","4.667.064,00","298,21","Vereinigte Staaten","NASDAQ","USD"
"MSFT","MICROSOFT CORP","IT","Aktien","917.967.444,66","2,80","917.967.444,66","2.242.062,00","409,43","Vereinigte Staaten","NASDAQ","USD"
"AMZN","AMAZON.COM INC","Zyklische Konsumgüter ","Aktien","819.531.139,16","2,50","819.531.139,16","3.066.878,00","267,22","Vereinigte Staaten","NASDAQ","USD"
"GOOGL","ALPHABET INC CLASS A","Kommunikation","Aktien","739.417.464,84","2,26","739.417.464,84","1.843.612,00","401,07","Vereinigte Staaten","NASDAQ","USD"
"AVGO","BROADCOM INC","IT","Aktien","627.164.288,66","1,92","627.164.288,66","1.426.054,00","439,79","Vereinigte Staaten","NASDAQ","USD"
"GOOG","ALPHABET INC CLASS C","Kommunikation","Aktien","615.203.223,39","1,88","615.203.223,39","1.548.967,00","397,17","Vereinigte Staaten","NASDAQ","USD"
"2330","TAIWAN SEMICONDUCTOR MANUFACTURING","IT","Aktien","564.852.927,18","1,72","564.852.927,18","7.842.000,00","72,03","Taiwan","Taiwan Stock Exchange","TWD"
"NDIA","ISHARES MSCI INDIA UCITS ETF","Financials","Aktien","431.248.005,84","1,32","431.248.005,84","50.185.966,00","8,59","Irland","London Stock Exchange","USD"
"META","META PLATFORMS INC CLASS A","Kommunikation","Aktien","426.762.463,82","1,30","426.762.463,82","690.074,00","618,43","Vereinigte Staaten","NASDAQ","USD"
"TSLA","TESLA INC","Zyklische Konsumgüter ","Aktien","398.364.452,20","1,22","398.364.452,20","898.634,00","443,30","Vereinigte Staaten","NASDAQ","USD"
"005930","SAMSUNG ELECTRONICS LTD","IT","Aktien","298.569.191,46","0,91","298.569.191,46","1.503.891,00","198,53","Korea","Korea Exchange (Stock Market)","KRW"
"MU","MICRON TECHNOLOGY INC","IT","Aktien","276.296.032,47","0,84","276.296.032,47","356.047,00","776,01","Vereinigte Staaten","NASDAQ","USD"
"JPM","JPMORGAN CHASE & CO","Financials","Aktien","261.501.126,12","0,80","261.501.126,12","871.932,00","299,91","Vereinigte Staaten","New York Stock Exchange Inc.","USD"
"LLY","ELI LILLY","Gesundheitsversorgung","Aktien","256.374.275,60","0,78","256.374.275,60","254.668,00","1.006,70","Vereinigte Staaten","New York Stock Exchange Inc.","USD"
"AMD","ADVANCED MICRO DEVICES INC","IT","Aktien","230.688.455,10","0,70","230.688.455,10","512.983,00","449,70","Vereinigte Staaten","NASDAQ","USD"
"000660","SK HYNIX INC","IT","Aktien","225.330.104,97","0,69","225.330.104,97","170.536,00","1.321,31","Korea","Korea Exchange (Stock Market)","KRW"
"BRKB","BERKSHIRE HATHAWAY INC CLASS B","Financials","Aktien","211.621.834,86","0,65","211.621.834,86","437.181,00","484,06","Vereinigte Staaten","New York Stock Exchange Inc.","USD"
"XOM","EXXON MOBIL CORP","Energie","Aktien","206.239.097,02","0,63","206.239.097,02","1.349.909,00","152,78","Vereinigte Staaten","New York Stock Exchange Inc.","USD"
"ASML","ASML HOLDING NV","IT","Aktien","198.178.539,38","0,61","198.178.539,38","124.121,00","1.596,66","Niederlande","Euronext Amsterdam","EUR"
"WMT","WALMART INC","Nichtzyklische Konsumgüter","Aktien","183.844.677,96","0,56","183.844.677,96","1.387.926,00","132,46","Vereinigte Staaten","NASDAQ","USD"
"4BRZ","ISHARES MSCI BRAZIL UCITS ET USDHA","Financials","Aktien","176.583.120,70","0,54","176.583.120,70","3.384.115,00","52,18","Deutschland","Xetra","USD"
"JNJ","JOHNSON & JOHNSON","Gesundheitsversorgung","Aktien","175.390.228,40","0,54","175.390.228,40","759.923,00","230,80","Vereinigte Staaten","New York Stock Exchange Inc.","USD"
"V","VISA INC CLASS A","Financials","Aktien","175.088.045,00","0,53","175.088.045,00","542.875,00","322,52","Vereinigte Staaten","New York Stock Exchange Inc.","USD"
"INTC","INTEL CORPORATION CORP","IT","Aktien","165.230.855,52","0,50","165.230.855,52","1.425.264,00","115,93","Vereinigte Staaten","NASDAQ","USD"
"COST","COSTCO WHOLESALE CORP","Nichtzyklische Konsumgüter","Aktien","145.090.898,75","0,44","145.090.898,75","139.343,00","1.041,25","Vereinigte Staaten","NASDAQ","USD"
"CSCO","CISCO SYSTEMS INC","IT","Aktien","144.520.636,08","0,44","144.520.636,08","1.250.936,00","115,53","Vereinigte Staaten","NASDAQ","USD"
"CNYA","ISH MSCI CHINA A ETF USD ACC","Financials","Aktien","137.965.212,22","0,42","137.965.212,22","21.752.497,00","6,34","Irland","London Stock Exchange","USD"
"CAT","CATERPILLAR INC","Industrie","Aktien","136.130.905,26","0,42","136.130.905,26","147.933,00","920,22","Vereinigte Staaten","New York Stock Exchange Inc.","USD"
"MA","MASTERCARD INC CLASS A","Financials","Aktien","131.702.731,16","0,40","131.702.731,16","268.814,00","489,94","Vereinigte Staaten","New York Stock Exchange Inc.","USD"
"LRCX","LAM RESEARCH CORP","IT","Aktien","122.008.925,80","0,37","122.008.925,80","407.852,00","299,15","Vereinigte Staaten","NASDAQ","USD"
"700","TENCENT HOLDINGS LTD","Kommunikation","Aktien","118.634.112,15","0,36","118.634.112,15","2.019.100,00","58,76","China","Hong Kong Exchanges And Clearing Ltd","HKD"
"ABBV","ABBVIE INC","Gesundheitsversorgung","Aktien","117.632.633,93","0,36","117.632.633,93","558.109,00","210,77","Vereinigte Staaten","New York Stock Exchange Inc.","USD"
"NFLX","NETFLIX INC","Kommunikation","Aktien","117.129.654,18","0,36","117.129.654,18","1.347.247,00","86,94","Vereinigte Staaten","NASDAQ","USD"
"UNH","UNITEDHEALTH GROUP INC","Gesundheitsversorgung","Aktien","115.139.061,36","0,35","115.139.061,36","288.504,00","399,09","Vereinigte Staaten","New York Stock Exchange Inc.","USD"
"CVX","CHEVRON CORP","Energie","Aktien","114.245.516,88","0,35","114.245.516,88","612.117,00","186,64","Vereinigte Staaten","New York Stock Exchange Inc.","USD"
"AMAT","APPLIED MATERIAL INC","IT","Aktien","111.649.799,12","0,34","111.649.799,12","253.427,00","440,56","Vereinigte Staaten","NASDAQ","USD"
"BAC","BANK OF AMERICA CORP","Financials","Aktien","110.373.782,30","0,34","110.373.782,30","2.214.118,00","49,85","Vereinigte Staaten","New York Stock Exchange Inc.","USD"
"PG","PROCTER & GAMBLE","Nichtzyklische Konsumgüter","Aktien","105.394.902,75","0,32","105.394.902,75","738.525,00","142,71","Vereinigte Staaten","New York Stock Exchange Inc.","USD"
"ORCL","ORACLE CORP","IT","Aktien","105.185.365,30","0,32","105.185.365,30","537.730,00","195,61","Vereinigte Staaten","New York Stock Exchange Inc.","USD"
"KO","COCA-COLA","Nichtzyklische Konsumgüter","Aktien","103.999.243,55","0,32","103.999.243,55","1.292.719,00","80,45","Vereinigte Staaten","New York Stock Exchange Inc.","USD"
"HSBA","HSBC HOLDINGS PLC","Financials","Aktien","102.702.439,64","0,31","102.702.439,64","5.641.728,00","18,20","Vereinigtes Königreich","London Stock Exchange","GBP"
"IKSA","ISHARES MSCI SAUDI ARABIA CAPPED","Financials","Aktien","101.830.372,70","0,31","101.830.372,70","15.780.315,00","6,45","Irland","London Stock Exchange","USD"
"GE","GE AEROSPACE","Industrie","Aktien","97.667.357,70","0,30","97.667.357,70","335.005,00","291,54","Vereinigte Staaten","New York Stock Exchange Inc.","USD"
"PLTR","PALANTIR TECHNOLOGIES INC CLASS A","IT","Aktien","97.505.886,25","0,30","97.505.886,25","729.125,00","133,73","Vereinigte Staaten","NASDAQ","USD"
"HD","HOME DEPOT INC","Zyklische Konsumgüter ","Aktien","96.076.294,95","0,29","96.076.294,95","315.677,00","304,35","Vereinigte Staaten","New York Stock Exchange Inc.","USD"
"9988","ALIBABA GROUP HOLDING LTD","Zyklische Konsumgüter ","Aktien","96.006.034,93","0,29","96.006.034,93","5.452.920,00","17,61","China","Hong Kong Exchanges And Clearing Ltd","HKD"
"PM","PHILIP MORRIS INTERNATIONAL INC","Nichtzyklische Konsumgüter","Aktien","93.720.540,24","0,29","93.720.540,24","488.484,00","191,86","Vereinigte Staaten","New York Stock Exchange Inc.","USD"
"GS","GOLDMAN SACHS GROUP INC","Financials","Aktien","93.272.089,60","0,28","93.272.089,60","96.260,00","968,96","Vereinigte Staaten","New York Stock Exchange Inc.","USD"
"GEV","GE VERNOVA INC","Industrie","Aktien","93.186.879,03","0,28","93.186.879,03","85.451,00","1.090,53","Vereinigte Staaten","New York Stock Exchange Inc.","USD"
"NOVN","NOVARTIS AG","Gesundheitsversorgung","Aktien","92.825.161,10","0,28","92.825.161,10","622.318,00","149,16","Schweiz","SIX Swiss Exchange","CHF"
"ROP","ROCHE PS PAR AG","Gesundheitsversorgung","Aktien","91.675.984,93","0,28","91.675.984,93","224.334,00","408,66","Schweiz","SIX Swiss Exchange","CHF"
"TXN","TEXAS INSTRUMENT INC","IT","Aktien","89.536.636,31","0,27","89.536.636,31","290.543,00","308,17","Vereinigte Staaten","NASDAQ","USD"
"MRK","MERCK & CO INC","Gesundheitsversorgung","Aktien","89.203.883,01","0,27","89.203.883,01","786.561,00","113,41","Vereinigte Staaten","New York Stock Exchange Inc.","USD"
"AZN","ASTRAZENECA PLC","Gesundheitsversorgung","Aktien","89.111.766,73","0,27","89.111.766,73","480.965,00","185,28","Vereinigtes Königreich","London Stock Exchange","GBP"
"NESN","NESTLE SA","Nichtzyklische Konsumgüter","Aktien","80.281.649,14","0,25","80.281.649,14","817.697,00","98,18","Schweiz","SIX Swiss Exchange","CHF"
"RY","ROYAL BANK OF CANADA","Financials","Aktien","80.131.196,82","0,24","80.131.196,82","435.860,00","183,85","Kanada","Toronto Stock Exchange","CAD"
"KLAC","KLA CORP","IT","Aktien","78.827.700,42","0,24","78.827.700,42","41.643,00","1.892,94","Vereinigte Staaten","NASDAQ","USD"
"SIE","SIEMENS N AG","Industrie","Aktien","77.297.412,47","0,24","77.297.412,47","241.795,00","319,68","Deutschland","Xetra","EUR"
"LIN","LINDE PLC","Materialien","Aktien","76.926.577,50","0,23","76.926.577,50","150.350,00","511,65","Vereinigte Staaten","NASDAQ","USD"
"SHEL","SHELL PLC","Energie","Aktien","76.832.444,64","0,23","76.832.444,64","1.809.698,00","42,46","Vereinigtes Königreich","London Stock Exchange","GBP"
"MS","MORGAN STANLEY","Financials","Aktien","74.739.593,18","0,23","74.739.593,18","384.206,00","194,53","Vereinigte Staaten","New York Stock Exchange Inc.","USD"
"RTX","RTX CORP","Industrie","Aktien","74.397.669,12","0,23","74.397.669,12","423.484,00","175,68","Vereinigte Staaten","New York Stock Exchange Inc.","USD"
"WFC","WELLS FARGO","Financials","Aktien","73.677.470,25","0,22","73.677.470,25","998.475,00","73,79","Vereinigte Staaten","New York Stock Exchange Inc.","USD"
"C","CITIGROUP INC","Financials","Aktien","72.245.691,18","0,22","72.245.691,18","578.799,00","124,82","Vereinigte Staaten","New York Stock Exchange Inc.","USD"
"BHP","BHP GROUP LTD","Materialien","Aktien","71.512.086,85","0,22","71.512.086,85","1.594.335,00","44,85","Australien","Asx - All Markets","AUD"
"ADI","ANALOG DEVICES INC","IT","Aktien","68.073.858,58","0,21","68.073.858,58","159.502,00","426,79","Vereinigte Staaten","NASDAQ","USD"
"QCOM","QUALCOMM INC","IT","Aktien","67.161.854,00","0,21","67.161.854,00","335.675,00","200,08","Vereinigte Staaten","NASDAQ","USD"
"8306","MITSUBISHI UFJ FINANCIAL GROUP INC","Financials","Aktien","66.115.786,78","0,20","66.115.786,78","3.634.300,00","18,19","Japan","Tokyo Stock Exchange","JPY"
"IBM","INTERNATIONAL BUSINESS MACHINES CO","IT","Aktien","64.681.630,74","0,20","64.681.630,74","296.202,00","218,37","Vereinigte Staaten","New York Stock Exchange Inc.","USD"
"PEP","PEPSICO INC","Nichtzyklische Konsumgüter","Aktien","63.286.440,28","0,19","63.286.440,28","425.684,00","148,67","Vereinigte Staaten","NASDAQ","USD"
"NEE","NEXTERA ENERGY INC","Versorger","Aktien","62.935.337,92","0,19","62.935.337,92","657.769,00","95,68","Vereinigte Staaten","New York Stock Exchange Inc.","USD"
"MCD","MCDONALDS CORP","Zyklische Konsumgüter ","Aktien","62.162.742,87","0,19","62.162.742,87","226.071,00","274,97","Vereinigte Staaten","New York Stock Exchange Inc.","USD"
"CBA","COMMONWEALTH BANK OF AUSTRALIA","Financials","Aktien","61.887.568,82","0,19","61.887.568,82","547.423,00","113,05","Australien","Asx - All Markets","AUD"
"VZ","VERIZON COMMUNICATIONS INC","Kommunikation","Aktien","60.909.428,58","0,19","60.909.428,58","1.294.293,00","47,06","Vereinigte Staaten","New York Stock Exchange Inc.","USD"
"PANW","PALO ALTO NETWORKS INC","IT","Aktien","60.812.630,90","0,19","60.812.630,90","255.290,00","238,21","Vereinigte Staaten","NASDAQ","USD"
"DIS","WALT DISNEY","Kommunikation","Aktien","60.501.697,62","0,18","60.501.697,62","573.911,00","105,42","Vereinigte Staaten","New York Stock Exchange Inc.","USD"
"USD","USD CASH","Cash und/oder Derivate","Geldmarkt","59.930.445,14","0,18","59.930.445,14","59.930.445,00","100,00","Vereinigte Staaten","-","USD"
"TD","TORONTO DOMINION","Financials","Aktien","58.076.133,28","0,18","58.076.133,28","536.618,00","108,23","Kanada","Toronto Stock Exchange","CAD"
"TTE","TOTALENERGIES","Energie","Aktien","57.682.928,83","0,18","57.682.928,83","630.890,00","91,43","Frankreich","Nyse Euronext - Euronext Paris","EUR"
"7203","TOYOTA MOTOR CORP","Zyklische Konsumgüter ","Aktien","57.601.740,18","0,18","57.601.740,18","3.028.400,00","19,02","Japan","Tokyo Stock Exchange","JPY"
"BA","BOEING","Industrie","Aktien","56.816.804,01","0,17","56.816.804,01","247.881,00","229,21","Vereinigte Staaten","New York Stock Exchange Inc.","USD"
"GLW","CORNING INC","IT","Aktien","56.725.891,12","0,17","56.725.891,12","272.354,00","208,28","Vereinigte Staaten","New York Stock Exchange Inc.","USD"
"AXP","AMERICAN EXPRESS","Financials","Aktien","56.710.518,09","0,17","56.710.518,09","181.317,00","312,77","Vereinigte Staaten","New York Stock Exchange Inc.","USD"
"AMGN","AMGEN INC","Gesundheitsversorgung","Aktien","55.896.556,35","0,17","55.896.556,35","166.245,00","336,23","Vereinigte Staaten","NASDAQ","USD"
"SAN","BANCO SANTANDER","Financials","Aktien","55.845.763,49","0,17","55.845.763,49","4.666.519,00","11,97","Spanien","Bolsa De Madrid","EUR"
"SAP","SAP","IT","Aktien","55.135.492,00","0,17","55.135.492,00","334.266,00","164,95","Deutschland","Xetra","EUR"
"WDC","WESTERN DIGITAL CORP","IT","Aktien","55.005.406,65","0,17","55.005.406,65","112.451,00","489,15","Vereinigte Staaten","NASDAQ","USD"
"T","AT&T INC","Kommunikation","Aktien","54.747.058,40","0,17","54.747.058,40","2.220.976,00","24,65","Vereinigte Staaten","New York Stock Exchange Inc.","USD"
"STX","SEAGATE TECHNOLOGY HOLDINGS PLC","IT","Aktien","53.757.163,24","0,16","53.757.163,24","66.799,00","804,76","Vereinigte Staaten","NASDAQ","USD"
"SU","SCHNEIDER ELECTRIC","Industrie","Aktien","53.628.938,42","0,16","53.628.938,42","169.460,00","316,47","Frankreich","Nyse Euronext - Euronext Paris","EUR"
"TMO","THERMO FISHER SCIENTIFIC INC","Gesundheitsversorgung","Aktien","53.611.742,73","0,16","53.611.742,73","119.613,00","448,21","Vereinigte Staaten","New York Stock Exchange Inc.","USD"
"TJX","TJX INC","Zyklische Konsumgüter ","Aktien","53.334.806,00","0,16","53.334.806,00","361.960,00","147,35","Vereinigte Staaten","New York Stock Exchange Inc.","USD"
"ABBN","ABB LTD","Industrie","Aktien","53.217.167,00","0,16","53.217.167,00","502.917,00","105,82","Schweiz","SIX Swiss Exchange","CHF"
"ALV","ALLIANZ","Financials","Aktien","52.041.347,26","0,16","52.041.347,26","117.160,00","444,19","Deutschland","Xetra","EUR"
"GILD","GILEAD SCIENCES INC","Gesundheitsversorgung","Aktien","51.985.286,94","0,16","51.985.286,94","393.649,00","132,06","Vereinigte Staaten","NASDAQ","USD"
"2454","MEDIATEK INC","IT","Aktien","51.752.974,77","0,16","51.752.974,77","479.000,00","108,04","Taiwan","Taiwan Stock Exchange","TWD"
"ENR","SIEMENS ENERGY N AG","Industrie","Aktien","51.616.190,59","0,16","51.616.190,59","249.672,00","206,74","Deutschland","Xetra","EUR"
"ANET","ARISTA NETWORKS INC","IT","Aktien","51.340.473,21","0,16","51.340.473,21","347.341,00","147,81","Vereinigte Staaten","New York Stock Exchange Inc.","USD"
"BLK","BLACKROCK INC","Financials","Aktien","51.268.945,14","0,16","51.268.945,14","46.438,00","1.104,03","Vereinigte Staaten","New York Stock Exchange Inc.","USD"
"8035","TOKYO ELECTRON LTD","IT","Aktien","50.958.803,63","0,16","50.958.803,63","157.400,00","323,75","Japan","Tokyo Stock Exchange","JPY"
"CRM","SALESFORCE INC","IT","Aktien","50.544.138,96","0,15","50.544.138,96","301.612,00","167,58","Vereinigte Staaten","New York Stock Exchange Inc.","USD"
"ETN","EATON PLC","Industrie","Aktien","50.065.708,00","0,15","50.065.708,00","122.680,00","408,10","Vereinigte Staaten","New York Stock Exchange Inc.","USD"
"UNP","UNION PACIFIC CORP","Industrie","Aktien","49.759.756,98","0,15","49.759.756,98","184.747,00","269,34","Vereinigte Staaten","New York Stock Exchange Inc.","USD"
"MRVL","MARVELL TECHNOLOGY INC","IT","Aktien","49.636.198,80","0,15","49.636.198,80","271.860,00","182,58","Vereinigte Staaten","NASDAQ","USD"
"APH","AMPHENOL CORP CLASS A","IT","Aktien","49.175.785,93","0,15","49.175.785,93","380.647,00","129,19","Vereinigte Staaten","New York Stock Exchange Inc.","USD"
"SCHW","CHARLES SCHWAB CORP","Financials","Aktien","49.023.405,60","0,15","49.023.405,60","548.115,00","89,44","Vereinigte Staaten","New York Stock Exchange Inc.","USD"
"IBE","IBERDROLA SA","Versorger","Aktien","48.705.132,15","0,15","48.705.132,15","2.130.792,00","22,86","Spanien","Bolsa De Madrid","EUR"
"ISRG","INTUITIVE SURGICAL INC","Gesundheitsversorgung","Aktien","48.602.788,52","0,15","48.602.788,52","113.542,00","428,06","Vereinigte Staaten","NASDAQ","USD"
"UBSG","UBS GROUP AG","Financials","Aktien","47.662.106,38","0,15","47.662.106,38","1.030.420,00","46,26","Schweiz","SIX Swiss Exchange","CHF"
"NOVO B","NOVO NORDISK CLASS B","Gesundheitsversorgung","Aktien","47.329.105,35","0,14","47.329.105,35","1.012.063,00","46,76","Dänemark","Omx Nordic Exchange Copenhagen A/S","DKK"
"DE","DEERE","Industrie","Aktien","47.063.590,64","0,14","47.063.590,64","81.901,00","574,64","Vereinigte Staaten","New York Stock Exchange Inc.","USD"
"WELL","WELLTOWER INC","Immobilien","Aktien","46.971.941,25","0,14","46.971.941,25","215.715,00","217,75","Vereinigte Staaten","New York Stock Exchange Inc.","USD"
"UBER","UBER TECHNOLOGIES INC","Industrie","Aktien","46.897.626,93","0,14","46.897.626,93","627.897,00","74,69","Vereinigte Staaten","New York Stock Exchange Inc.","USD"
"ABT","ABBOTT LABORATORIES","Gesundheitsversorgung","Aktien","46.897.656,30","0,14","46.897.656,30","552.387,00","84,90","Vereinigte Staaten","New York Stock Exchange Inc.","USD"
"RR.","ROLLS-ROYCE HOLDINGS PLC","Industrie","Aktien","46.081.061,47","0,14","46.081.061,47","2.854.440,00","16,14","Vereinigtes Königreich","London Stock Exchange","GBP"
"CRWD","CROWDSTRIKE HOLDINGS INC CLASS A","IT","Aktien","45.473.299,55","0,14","45.473.299,55","78.409,00","579,95","Vereinigte Staaten","NASDAQ","USD"
"PFE","PFIZER INC","Gesundheitsversorgung","Aktien","44.756.538,50","0,14","44.756.538,50","1.738.118,00","25,75","Vereinigte Staaten","New York Stock Exchange Inc.","USD"
"HON","HONEYWELL INTERNATIONAL INC","Industrie","Aktien","44.586.878,80","0,14","44.586.878,80","204.790,00","217,72","Vereinigte Staaten","NASDAQ","USD"
"MC","LVMH","Zyklische Konsumgüter ","Aktien","44.311.693,44","0,14","44.311.693,44","82.322,00","538,28","Frankreich","Nyse Euronext - Euronext Paris","EUR"
"6857","ADVANTEST CORP","IT","Aktien","44.059.265,23","0,13","44.059.265,23","243.500,00","180,94","Japan","Tokyo Stock Exchange","JPY"
"9984","SOFTBANK GROUP CORP","Kommunikation","Aktien","43.705.985,01","0,13","43.705.985,01","1.197.900,00","36,49","Japan","Tokyo Stock Exchange","JPY"
"COP","CONOCOPHILLIPS","Energie","Aktien","43.330.777,52","0,13","43.330.777,52","364.216,00","118,97","Vereinigte Staaten","New York Stock Exchange Inc.","USD"
"BATS","BRITISH AMERICAN TOBACCO","Nichtzyklische Konsumgüter","Aktien","43.120.273,77","0,13","43.120.273,77","644.451,00","66,91","Vereinigtes Königreich","London Stock Exchange","GBP"
"BBVA","BANCO BILBAO VIZCAYA ARGENTARIA SA","Financials","Aktien","42.985.488,82","0,13","42.985.488,82","1.940.556,00","22,15","Spanien","Bolsa De Madrid","EUR"
"VRT","VERTIV HOLDINGS CLASS A","Industrie","Aktien","42.936.120,06","0,13","42.936.120,06","114.122,00","376,23","Vereinigte Staaten","New York Stock Exchange Inc.","USD"
"PLD","PROLOGIS REIT INC","Immobilien","Aktien","42.907.848,20","0,13","42.907.848,20","300.770,00","142,66","Vereinigte Staaten","New York Stock Exchange Inc.","USD"
"6501","HITACHI LTD","Industrie","Aktien","42.629.576,02","0,13","42.629.576,02","1.443.300,00","29,54","Japan","Tokyo Stock Exchange","JPY"
"8316","SUMITOMO MITSUI FINANCIAL GROUP IN","Financials","Aktien","42.462.471,15","0,13","42.462.471,15","1.183.300,00","35,88","Japan","Tokyo Stock Exchange","JPY"
"6758","SONY GROUP CORP","Zyklische Konsumgüter ","Aktien","42.071.918,81","0,13","42.071.918,81","1.931.900,00","21,78","Japan","Tokyo Stock Exchange","JPY"
"2308","DELTA ELECTRONICS INC","IT","Aktien","41.506.742,82","0,13","41.506.742,82","607.000,00","68,38","Taiwan","Taiwan Stock Exchange","TWD"
"SPGI","S&P GLOBAL INC","Financials","Aktien","40.883.570,64","0,12","40.883.570,64","101.217,00","403,92","Vereinigte Staaten","New York Stock Exchange Inc.","USD"
"NEM","NEWMONT","Materialien","Aktien","40.739.347,65","0,12","40.739.347,65","350.205,00","116,33","Vereinigte Staaten","New York Stock Exchange Inc.","USD"
"LOW","LOWES COMPANIES INC","Zyklische Konsumgüter ","Aktien","39.938.758,49","0,12","39.938.758,49","178.609,00","223,61","Vereinigte Staaten","New York Stock Exchange Inc.","USD"
"CB","CHUBB","Financials","Aktien","39.928.986,87","0,12","39.928.986,87","124.743,00","320,09","Vereinigte Staaten","New York Stock Exchange Inc.","USD"
"BKNG","BOOKING HOLDINGS INC","Zyklische Konsumgüter ","Aktien","39.747.086,08","0,12","39.747.086,08","257.296,00","154,48","Vereinigte Staaten","NASDAQ","USD"
"005935","SAMSUNG ELECTRONICS NON VOTING PRE","IT","Aktien","39.441.292,87","0,12","39.441.292,87","303.588,00","129,92","Korea","Korea Exchange (Stock Market)","KRW"
"COF","CAPITAL ONE FINANCIAL CORP","Financials","Aktien","39.434.299,08","0,12","39.434.299,08","212.252,00","185,79","Vereinigte Staaten","New York Stock Exchange Inc.","USD"
"RIO","RIO TINTO PLC","Materialien","Aktien","39.226.804,17","0,12","39.226.804,17","356.761,00","109,95","Vereinigtes Königreich","London Stock Exchange","GBP"
"ENB","ENBRIDGE INC","Energie","Aktien","39.101.602,51","0,12","39.101.602,51","696.529,00","56,14","Kanada","Toronto Stock Exchange","CAD"
"1299","AIA GROUP LTD","Financials","Aktien","38.842.666,36","0,12","38.842.666,36","3.469.000,00","11,20","Hongkong","Hong Kong Exchanges And Clearing Ltd","HKD"
"CVS","CVS HEALTH CORP","Gesundheitsversorgung","Aktien","38.735.842,30","0,12","38.735.842,30","398.722,00","97,15","Vereinigte Staaten","New York Stock Exchange Inc.","USD"
"UCG","UNICREDIT","Financials","Aktien","38.656.298,24","0,12","38.656.298,24","457.445,00","84,51","Italien","Borsa Italiana","EUR"
"SBUX","STARBUCKS CORP","Zyklische Konsumgüter ","Aktien","38.332.515,20","0,12","38.332.515,20","360.268,00","106,40","Vereinigte Staaten","NASDAQ","USD"
"ULVR","UNILEVER PLC","Nichtzyklische Konsumgüter","Aktien","38.311.295,42","0,12","38.311.295,42","672.697,00","56,95","Vereinigtes Königreich","London Stock Exchange","GBP"
"MO","ALTRIA GROUP INC","Nichtzyklische Konsumgüter","Aktien","38.249.061,89","0,12","38.249.061,89","528.229,00","72,41","Vereinigte Staaten","New York Stock Exchange Inc.","USD"
"DTE","DEUTSCHE TELEKOM N AG","Kommunikation","Aktien","37.976.659,58","0,12","37.976.659,58","1.168.737,00","32,49","Deutschland","Xetra","EUR"
"939","CHINA CONSTRUCTION BANK CORP H","Financials","Aktien","37.913.010,06","0,12","37.913.010,06","33.478.000,00","1,13","China","Hong Kong Exchanges And Clearing Ltd","HKD"
"SAF","SAFRAN SA","Industrie","Aktien","37.894.212,63","0,12","37.894.212,63","114.561,00","330,78","Frankreich","Nyse Euronext - Euronext Paris","EUR"
"8058","MITSUBISHI CORP","Industrie","Aktien","37.710.707,26","0,12","37.710.707,26","1.013.900,00","37,19","Japan","Tokyo Stock Exchange","JPY"
"ICSUAGD","BLK ICS USD LIQ AGENCY DIS","Cash und/oder Derivate","Money Market","37.329.924,91","0,11","37.329.924,91","37.329.925,00","1,00","Irland","-","USD"
"VRTX","VERTEX PHARMACEUTICALS INC","Gesundheitsversorgung","Aktien","37.207.018,87","0,11","37.207.018,87","82.607,00","450,41","Vereinigte Staaten","NASDAQ","USD"
"BMY","BRISTOL MYERS SQUIBB","Gesundheitsversorgung","Aktien","37.122.470,70","0,11","37.122.470,70","653.910,00","56,77","Vereinigte Staaten","New York Stock Exchange Inc.","USD"
"SHOP","SHOPIFY SUBORDINATE VOTING INC CLA","IT","Aktien","36.966.616,50","0,11","36.966.616,50","379.662,00","97,37","Kanada","Toronto Stock Exchange","CAD"
"AI","LAIR LIQUIDE SOCIETE ANONYME POUR","Materialien","Aktien","36.608.687,54","0,11","36.608.687,54","175.140,00","209,03","Frankreich","Nyse Euronext - Euronext Paris","EUR"
"AIR","AIRBUS GROUP","Industrie","Aktien","36.368.911,76","0,11","36.368.911,76","180.258,00","201,76","Frankreich","Nyse Euronext - Euronext Paris","EUR"
"APP","APPLOVIN CORP CLASS A","IT","Aktien","36.302.097,00","0,11","36.302.097,00","74.825,00","485,16","Vereinigte Staaten","NASDAQ","USD"
"PGR","PROGRESSIVE CORP","Financials","Aktien","36.233.204,56","0,11","36.233.204,56","184.037,00","196,88","Vereinigte Staaten","New York Stock Exchange Inc.","USD"
"LMT","LOCKHEED MARTIN CORP","Industrie","Aktien","35.493.523,23","0,11","35.493.523,23","68.203,00","520,41","Vereinigte Staaten","New York Stock Exchange Inc.","USD"
"PWR","QUANTA SERVICES INC","Industrie","Aktien","35.416.412,08","0,11","35.416.412,08","45.401,00","780,08","Vereinigte Staaten","New York Stock Exchange Inc.","USD"
"BP.","BP PLC","Energie","Aktien","35.212.626,76","0,11","35.212.626,76","4.829.556,00","7,29","Vereinigtes Königreich","London Stock Exchange","GBP"
"CM","CANADIAN IMPERIAL BANK OF COMMERCE","Financials","Aktien","34.886.967,98","0,11","34.886.967,98","311.717,00","111,92","Kanada","Toronto Stock Exchange","CAD"
"BMO","BANK OF MONTREAL","Financials","Aktien","34.718.844,54","0,11","34.718.844,54","227.025,00","152,93","Kanada","Toronto Stock Exchange","CAD"
"2317","HON HAI PRECISION INDUSTRY LTD","IT","Aktien","34.568.723,47","0,11","34.568.723,47","4.455.760,00","7,76","Taiwan","Taiwan Stock Exchange","TWD"
"TT","TRANE TECHNOLOGIES PLC","Industrie","Aktien","34.375.342,89","0,10","34.375.342,89","71.367,00","481,67","Vereinigte Staaten","New York Stock Exchange Inc.","USD"
"HWM","HOWMET AEROSPACE INC","Industrie","Aktien","34.267.686,81","0,10","34.267.686,81","125.813,00","272,37","Vereinigte Staaten","New York Stock Exchange Inc.","USD"
"BNP","BNP PARIBAS SA","Financials","Aktien","34.189.782,58","0,10","34.189.782,58","318.071,00","107,49","Frankreich","Nyse Euronext - Euronext Paris","EUR"
"PH","PARKER-HANNIFIN CORP","Industrie","Aktien","34.103.456,05","0,10","34.103.456,05","38.735,00","880,43","Vereinigte Staaten","New York Stock Exchange Inc.","USD"
"INTU","INTUIT INC","IT","Aktien","34.055.178,96","0,10","34.055.178,96","90.024,00","378,29","Vereinigte Staaten","NASDAQ","USD"
"8411","MIZUHO FINANCIAL GROUP INC","Financials","Aktien","33.828.889,39","0,10","33.828.889,39","766.018,00","44,16","Japan","Tokyo Stock Exchange","JPY"
"CFR","COMPAGNIE FINANCIERE RICHEMONT SA","Zyklische Konsumgüter ","Aktien","33.751.264,35","0,10","33.751.264,35","168.821,00","199,92","Schweiz","SIX Swiss Exchange","CHF"
"CNQ","CANADIAN NATURAL RESOURCES LTD","Energie","Aktien","33.673.693,60","0,10","33.673.693,60","708.050,00","47,56","Kanada","Toronto Stock Exchange","CAD"
"EQIX","EQUINIX REIT INC","Immobilien","Aktien","33.452.805,12","0,10","33.452.805,12","30.984,00","1.079,68","Vereinigte Staaten","NASDAQ","USD"
"DHR","DANAHER CORP","Gesundheitsversorgung","Aktien","33.278.215,00","0,10","33.278.215,00","202.250,00","164,54","Vereinigte Staaten","New York Stock Exchange Inc.","USD"
"SYK","STRYKER CORP","Gesundheitsversorgung","Aktien","32.980.110,01","0,10","32.980.110,01","107.951,00","305,51","Vereinigte Staaten","New York Stock Exchange Inc.","USD"
"CME","CME GROUP INC CLASS A","Financials","Aktien","32.846.729,50","0,10","32.846.729,50","110.335,00","297,70","Vereinigte Staaten","NASDAQ","USD"
"ZURN","ZURICH INSURANCE GROUP AG","Financials","Aktien","32.762.638,40","0,10","32.762.638,40","45.568,00","718,98","Schweiz","SIX Swiss Exchange","CHF"
"BK","BANK OF NEW YORK MELLON CORP","Financials","Aktien","32.642.270,96","0,10","32.642.270,96","240.052,00","135,98","Vereinigte Staaten","New York Stock Exchange Inc.","USD"
"BN","BROOKFIELD CORP CLASS A","Financials","Aktien","32.493.074,32","0,10","32.493.074,32","683.330,00","47,55","Kanada","Toronto Stock Exchange","CAD"
"AEM","AGNICO EAGLE MINES LTD","Materialien","Aktien","32.149.112,89","0,10","32.149.112,89","167.035,00","192,47","Kanada","Toronto Stock Exchange","CAD"
"SO","SOUTHERN","Versorger","Aktien","32.011.392,80","0,10","32.011.392,80","341.710,00","93,68","Vereinigte Staaten","New York Stock Exchange Inc.","USD"
"GSK","GLAXOSMITHKLINE","Gesundheitsversorgung","Aktien","31.968.703,65","0,10","31.968.703,65","1.266.101,00","25,25","Vereinigtes Königreich","London Stock Exchange","GBP"
"IFX","INFINEON TECHNOLOGIES AG","IT","Aktien","31.772.489,34","0,10","31.772.489,34","399.625,00","79,51","Deutschland","Xetra","EUR"
"ACN","ACCENTURE PLC CLASS A","IT","Aktien","31.686.311,79","0,10","31.686.311,79","193.221,00","163,99","Vereinigte Staaten","New York Stock Exchange Inc.","USD"
"SNPS","SYNOPSYS INC","IT","Aktien","31.655.411,34","0,10","31.655.411,34","62.067,00","510,02","Vereinigte Staaten","NASDAQ","USD"
"ADBE","ADOBE INC","IT","Aktien","31.506.687,34","0,10","31.506.687,34","132.934,00","237,01","Vereinigte Staaten","NASDAQ","USD"
"CDNS","CADENCE DESIGN SYSTEMS INC","IT","Aktien","31.412.286,68","0,10","31.412.286,68","89.027,00","352,84","Vereinigte Staaten","NASDAQ","USD"
"WMB","WILLIAMS INC","Energie","Aktien","31.316.295,17","0,10","31.316.295,17","403.093,00","77,69","Vereinigte Staaten","New York Stock Exchange Inc.","USD"
"OR","LOREAL SA","Nichtzyklische Konsumgüter","Aktien","31.294.598,46","0,10","31.294.598,46","74.654,00","419,20","Frankreich","Nyse Euronext - Euronext Paris","EUR"
"CMI","CUMMINS INC","Industrie","Aktien","30.880.427,90","0,09","30.880.427,90","43.102,00","716,45","Vereinigte Staaten","New York Stock Exchange Inc.","USD"
"DUK","DUKE ENERGY CORP","Versorger","Aktien","30.822.913,12","0,09","30.822.913,12","247.952,00","124,31","Vereinigte Staaten","New York Stock Exchange Inc.","USD"
"MCK","MCKESSON CORP","Gesundheitsversorgung","Aktien","30.605.793,57","0,09","30.605.793,57","40.959,00","747,23","Vereinigte Staaten","New York Stock Exchange Inc.","USD"
"8031","MITSUI LTD","Industrie","Aktien","30.599.755,29","0,09","30.599.755,29","789.300,00","38,77","Japan","Tokyo Stock Exchange","JPY"
"MDT","MEDTRONIC PLC","Gesundheitsversorgung","Aktien","30.432.706,48","0,09","30.432.706,48","395.384,00","76,97","Vereinigte Staaten","New York Stock Exchange Inc.","USD"
"CMCSA","COMCAST CORP CLASS A","Kommunikation","Aktien","30.253.484,22","0,09","30.253.484,22","1.201.966,00","25,17","Vereinigte Staaten","NASDAQ","USD"
"TMUS","T MOBILE US INC","Kommunikation","Aktien","30.141.263,16","0,09","30.141.263,16","160.164,00","188,19","Vereinigte Staaten","NASDAQ","USD"
"NOW","SERVICENOW INC","IT","Aktien","29.947.536,00","0,09","29.947.536,00","330.912,00","90,50","Vereinigte Staaten","New York Stock Exchange Inc.","USD"
"FCX","FREEPORT MCMORAN INC","Materialien","Aktien","29.923.257,22","0,09","29.923.257,22","452.423,00","66,14","Vereinigte Staaten","New York Stock Exchange Inc.","USD"
"SAN","SANOFI SA","Gesundheitsversorgung","Aktien","29.475.493,08","0,09","29.475.493,08","344.564,00","85,54","Frankreich","Nyse Euronext - Euronext Paris","EUR"
"CSX","CSX CORP","Industrie","Aktien","29.438.301,76","0,09","29.438.301,76","641.078,00","45,92","Vereinigte Staaten","NASDAQ","USD"
"D05","DBS GROUP HOLDINGS LTD","Financials","Aktien","29.414.615,73","0,09","29.414.615,73","623.538,00","47,17","Singapur","Singapore Exchange","SGD"
"INGA","ING GROEP NV","Financials","Aktien","29.356.252,34","0,09","29.356.252,34","968.733,00","30,30","Niederlande","Euronext Amsterdam","EUR"
"BNS","BANK OF NOVA SCOTIA","Financials","Aktien","29.300.127,60","0,09","29.300.127,60","378.890,00","77,33","Kanada","Toronto Stock Exchange","CAD"
"BX","BLACKSTONE INC","Financials","Aktien","29.301.126,66","0,09","29.301.126,66","239.271,00","122,46","Vereinigte Staaten","New York Stock Exchange Inc.","USD"
"ENEL","ENEL","Versorger","Aktien","29.106.735,41","0,09","29.106.735,41","2.564.593,00","11,35","Italien","Borsa Italiana","EUR"
"JCI","JOHNSON CONTROLS INTERNATIONAL PLC","Industrie","Aktien","28.735.228,99","0,09","28.735.228,99","198.133,00","145,03","Vereinigte Staaten","New York Stock Exchange Inc.","USD"
"ISP","INTESA SANPAOLO","Financials","Aktien","28.389.165,47","0,09","28.389.165,47","4.171.952,00","6,80","Italien","Borsa Italiana","EUR"
"WM","WASTE MANAGEMENT INC","Industrie","Aktien","28.266.073,50","0,09","28.266.073,50","129.175,00","218,82","Vereinigte Staaten","New York Stock Exchange Inc.","USD"
"WBC","WESTPAC BANKING CORPORATION CORP","Financials","Aktien","28.055.060,90","0,09","28.055.060,90","1.086.705,00","25,82","Australien","Asx - All Markets","AUD"
"MAR","MARRIOTT INTERNATIONAL INC CLASS A","Zyklische Konsumgüter ","Aktien","27.845.306,19","0,09","27.845.306,19","78.777,00","353,47","Vereinigte Staaten","NASDAQ","USD"
"ELV","ELEVANCE HEALTH INC","Gesundheitsversorgung","Aktien","27.716.937,57","0,08","27.716.937,57","69.867,00","396,71","Vereinigte Staaten","New York Stock Exchange Inc.","USD"
"CEG","CONSTELLATION ENERGY CORP","Versorger","Aktien","27.425.254,84","0,08","27.425.254,84","99.634,00","275,26","Vereinigte Staaten","NASDAQ","USD"
"SU","SUNCOR ENERGY INC","Energie","Aktien","27.238.484,29","0,08","27.238.484,29","407.894,00","66,78","Kanada","Toronto Stock Exchange","CAD"
"GLEN","GLENCORE PLC","Materialien","Aktien","27.145.065,31","0,08","27.145.065,31","3.378.179,00","8,04","Vereinigtes Königreich","London Stock Exchange","GBP"
"PNC","PNC FINANCIAL SERVICES GROUP INC","Financials","Aktien","27.071.436,60","0,08","27.071.436,60","126.828,00","213,45","Vereinigte Staaten","New York Stock Exchange Inc.","USD"
"ICE","INTERCONTINENTAL EXCHANGE INC","Financials","Aktien","27.032.836,28","0,08","27.032.836,28","173.599,00","155,72","Vereinigte Staaten","New York Stock Exchange Inc.","USD"
"8766","TOKIO MARINE HOLDINGS INC","Financials","Aktien","27.014.250,21","0,08","27.014.250,21","580.300,00","46,55","Japan","Tokyo Stock Exchange","JPY"
"ADP","AUTOMATIC DATA PROCESSING INC","Industrie","Aktien","26.943.074,48","0,08","26.943.074,48","129.304,00","208,37","Vereinigte Staaten","NASDAQ","USD"
"BARC","BARCLAYS PLC","Financials","Aktien","26.656.475,98","0,08","26.656.475,98","4.547.558,00","5,86","Vereinigtes Königreich","London Stock Exchange","GBP"
"CI","CIGNA","Gesundheitsversorgung","Aktien","26.604.455,58","0,08","26.604.455,58","90.206,00","294,93","Vereinigte Staaten","New York Stock Exchange Inc.","USD"
"USB","US BANCORP","Financials","Aktien","26.595.093,58","0,08","26.595.093,58","497.849,00","53,42","Vereinigte Staaten","New York Stock Exchange Inc.","USD"
"FDX","FEDEX CORP","Industrie","Aktien","26.437.868,46","0,08","26.437.868,46","69.577,00","379,98","Vereinigte Staaten","New York Stock Exchange Inc.","USD"
"FTNT","FORTINET INC","IT","Aktien","26.328.949,74","0,08","26.328.949,74","216.059,00","121,86","Vereinigte Staaten","NASDAQ","USD"
"6861","KEYENCE CORP","IT","Aktien","26.202.636,82","0,08","26.202.636,82","53.600,00","488,86","Japan","Tokyo Stock Exchange","JPY"
"NG.","NATIONAL GRID PLC","Versorger","Aktien","26.072.707,27","0,08","26.072.707,27","1.498.281,00","17,40","Vereinigtes Königreich","London Stock Exchange","GBP"
"7011","MITSUBISHI HEAVY INDUSTRIES LTD","Industrie","Aktien","25.917.592,08","0,08","25.917.592,08","984.800,00","26,32","Japan","Tokyo Stock Exchange","JPY"
"MDLZ","MONDELEZ INTERNATIONAL INC CLASS A","Nichtzyklische Konsumgüter","Aktien","25.872.131,74","0,08","25.872.131,74","424.342,00","60,97","Vereinigte Staaten","NASDAQ","USD"
"ORLY","OREILLY AUTOMOTIVE INC","Zyklische Konsumgüter ","Aktien","25.824.252,80","0,08","25.824.252,80","287.960,00","89,68","Vereinigte Staaten","NASDAQ","USD"
"MPWR","MONOLITHIC POWER SYSTEMS INC","IT","Aktien","25.752.505,32","0,08","25.752.505,32","15.956,00","1.613,97","Vereinigte Staaten","NASDAQ","USD"
"CP","CANADIAN PACIFIC KANSAS CITY LTD","Industrie","Aktien","25.667.287,28","0,08","25.667.287,28","295.460,00","86,87","Kanada","Toronto Stock Exchange","CAD"
"AMT","AMERICAN TOWER REIT CORP","Immobilien","Aktien","25.618.477,50","0,08","25.618.477,50","150.255,00","170,50","Vereinigte Staaten","New York Stock Exchange Inc.","USD"
"6503","MITSUBISHI ELECTRIC CORP","Industrie","Aktien","25.590.165,99","0,08","25.590.165,99","628.800,00","40,70","Japan","Tokyo Stock Exchange","JPY"
"MMM","3M","Industrie","Aktien","25.543.006,56","0,08","25.543.006,56","176.013,00","145,12","Vereinigte Staaten","New York Stock Exchange Inc.","USD"
"CIEN","CIENA CORP","IT","Aktien","25.324.520,13","0,08","25.324.520,13","42.809,00","591,57","Vereinigte Staaten","New York Stock Exchange Inc.","USD"
"EMR","EMERSON ELECTRIC","Industrie","Aktien","25.276.988,88","0,08","25.276.988,88","183.326,00","137,88","Vereinigte Staaten","New York Stock Exchange Inc.","USD"
"8001","ITOCHU CORP","Industrie","Aktien","25.187.942,71","0,08","25.187.942,71","1.948.800,00","12,92","Japan","Tokyo Stock Exchange","JPY"
"MPC","MARATHON PETROLEUM CORP","Energie","Aktien","25.061.648,04","0,08","25.061.648,04","100.722,00","248,82","Vereinigte Staaten","New York Stock Exchange Inc.","USD"
"BSX","BOSTON SCIENTIFIC CORP","Gesundheitsversorgung","Aktien","25.025.414,40","0,08","25.025.414,40","467.328,00","53,55","Vereinigte Staaten","New York Stock Exchange Inc.","USD"
"BA.","BAE SYSTEMS PLC","Industrie","Aktien","24.954.039,86","0,08","24.954.039,86","962.336,00","25,93","Vereinigtes Königreich","London Stock Exchange","GBP"
"DELL","DELL TECHNOLOGIES INC CLASS C","IT","Aktien","24.898.567,38","0,08","24.898.567,38","100.442,00","247,89","Vereinigte Staaten","New York Stock Exchange Inc.","USD"
"NOKIA","NOKIA","IT","Aktien","24.811.742,24","0,08","24.811.742,24","1.782.125,00","13,92","Finnland","Nasdaq Omx Helsinki Ltd.","EUR"
"CS","AXA SA","Financials","Aktien","24.499.645,63","0,07","24.499.645,63","531.300,00","46,11","Frankreich","Nyse Euronext - Euronext Paris","EUR"
"NAB","NATIONAL AUSTRALIA BANK LTD","Financials","Aktien","24.437.149,35","0,07","24.437.149,35","928.373,00","26,32","Australien","Asx - All Markets","AUD"
"MRSH","MARSH INC","Financials","Aktien","24.310.238,40","0,07","24.310.238,40","151.920,00","160,02","Vereinigte Staaten","New York Stock Exchange Inc.","USD"
"DG","VINCI SA","Industrie","Aktien","24.212.190,38","0,07","24.212.190,38","162.649,00","148,86","Frankreich","Nyse Euronext - Euronext Paris","EUR"
"GD","GENERAL DYNAMICS CORP","Industrie","Aktien","24.200.710,38","0,07","24.200.710,38","71.049,00","340,62","Vereinigte Staaten","New York Stock Exchange Inc.","USD"
"ANZ","ANZ GROUP HOLDINGS LTD","Financials","Aktien","24.117.056,58","0,07","24.117.056,58","957.763,00","25,18","Australien","Asx - All Markets","AUD"
"NSC","NORFOLK SOUTHERN CORP","Industrie","Aktien","24.049.159,68","0,07","24.049.159,68","75.712,00","317,64","Vereinigte Staaten","New York Stock Exchange Inc.","USD"
"4063","SHIN ETSU CHEMICAL LTD","Materialien","Aktien","23.948.538,37","0,07","23.948.538,37","506.600,00","47,27","Japan","Tokyo Stock Exchange","JPY"
"EOG","EOG RESOURCES INC","Energie","Aktien","23.889.907,26","0,07","23.889.907,26","175.674,00","135,99","Vereinigte Staaten","New York Stock Exchange Inc.","USD"
"SLB","SLB NV","Energie","Aktien","23.885.864,50","0,07","23.885.864,50","428.446,00","55,75","Vereinigte Staaten","New York Stock Exchange Inc.","USD"
"VLO","VALERO ENERGY CORP","Energie","Aktien","23.845.738,17","0,07","23.845.738,17","97.421,00","244,77","Vereinigte Staaten","New York Stock Exchange Inc.","USD"
"NXPI","NXP SEMICONDUCTORS NV","IT","Aktien","23.783.056,16","0,07","23.783.056,16","80.848,00","294,17","Vereinigte Staaten","NASDAQ","USD"
"REGN","REGENERON PHARMACEUTICALS INC","Gesundheitsversorgung","Aktien","23.761.382,84","0,07","23.761.382,84","33.332,00","712,87","Vereinigte Staaten","NASDAQ","USD"
"402340","SK SQUARE LTD","Industrie","Aktien","23.712.170,76","0,07","23.712.170,76","30.191,00","785,41","Korea","Korea Exchange (Stock Market)","KRW"
"LLOY","LLOYDS BANKING GROUP PLC","Financials","Aktien","23.691.456,55","0,07","23.691.456,55","18.187.784,00","1,30","Vereinigtes Königreich","London Stock Exchange","GBP"
"PSX","PHILLIPS 66","Energie","Aktien","23.578.680,27","0,07","23.578.680,27","137.477,00","171,51","Vereinigte Staaten","New York Stock Exchange Inc.","USD"
"HLT","HILTON WORLDWIDE HOLDINGS INC","Zyklische Konsumgüter ","Aktien","23.481.985,76","0,07","23.481.985,76","74.188,00","316,52","Vereinigte Staaten","New York Stock Exchange Inc.","USD"
"DLR","DIGITAL REALTY TRUST REIT INC","Immobilien","Aktien","23.382.428,52","0,07","23.382.428,52","121.253,00","192,84","Vereinigte Staaten","New York Stock Exchange Inc.","USD"
"SHW","SHERWIN WILLIAMS","Materialien","Aktien","23.361.022,44","0,07","23.361.022,44","75.558,00","309,18","Vereinigte Staaten","New York Stock Exchange Inc.","USD"
"MCO","MOODYS CORP","Financials","Aktien","23.083.910,68","0,07","23.083.910,68","53.351,00","432,68","Vereinigte Staaten","New York Stock Exchange Inc.","USD"
"TRP","TC ENERGY CORP","Energie","Aktien","22.979.154,98","0,07","22.979.154,98","337.125,00","68,16","Kanada","Toronto Stock Exchange","CAD"
"ROST","ROSS STORES INC","Zyklische Konsumgüter ","Aktien","22.937.401,77","0,07","22.937.401,77","107.551,00","213,27","Vereinigte Staaten","NASDAQ","USD"
"9983","FAST RETAILING LTD","Zyklische Konsumgüter ","Aktien","22.912.921,69","0,07","22.912.921,69","50.800,00","451,04","Japan","Tokyo Stock Exchange","JPY"
"CRH","CRH PUBLIC LIMITED PLC","Materialien","Aktien","22.849.956,63","0,07","22.849.956,63","212.301,00","107,63","Vereinigte Staaten","New York Stock Exchange Inc.","USD"
"ITW","ILLINOIS TOOL INC","Industrie","Aktien","22.793.237,61","0,07","22.793.237,61","90.893,00","250,77","Vereinigte Staaten","New York Stock Exchange Inc.","USD"
"UPS","UNITED PARCEL SERVICE INC CLASS B","Industrie","Aktien","22.668.291,24","0,07","22.668.291,24","230.322,00","98,42","Vereinigte Staaten","New York Stock Exchange Inc.","USD"
"ABI","ANHEUSER-BUSCH INBEV SA","Nichtzyklische Konsumgüter","Aktien","22.641.000,88","0,07","22.641.000,88","278.192,00","81,39","Belgien","Nyse Euronext - Euronext Brussels","EUR"
"WPM","WHEATON PRECIOUS METALS CORP","Materialien","Aktien","22.542.661,63","0,07","22.542.661,63","162.011,00","139,14","Kanada","Toronto Stock Exchange","CAD"
"NOC","NORTHROP GRUMMAN CORP","Industrie","Aktien","22.530.860,90","0,07","22.530.860,90","41.066,00","548,65","Vereinigte Staaten","New York Stock Exchange Inc.","USD"
"MUV2","MUENCHENER RUECKVERSICHERUNGS-GESE","Financials","Aktien","22.481.315,94","0,07","22.481.315,94","41.110,00","546,86","Deutschland","Xetra","EUR"
"LITE","LUMENTUM HOLDINGS INC","IT","Aktien","22.478.612,78","0,07","22.478.612,78","22.438,00","1.001,81","Vereinigte Staaten","NASDAQ","USD"
"ABX","BARRICK MINING CORP","Materialien","Aktien","22.431.845,89","0,07","22.431.845,89","519.832,00","43,15","Kanada","Toronto Stock Exchange","CAD"
"285A","KIOXIA HOLDINGS CORP","IT","Aktien","22.399.860,89","0,07","22.399.860,89","73.100,00","306,43","Japan","Tokyo Stock Exchange","JPY"
"MELI","MERCADOLIBRE INC","Zyklische Konsumgüter ","Aktien","22.352.087,22","0,07","22.352.087,22","13.906,00","1.607,37","Vereinigte Staaten","NASDAQ","USD"
"AEP","AMERICAN ELECTRIC POWER INC","Versorger","Aktien","22.180.027,80","0,07","22.180.027,80","172.473,00","128,60","Vereinigte Staaten","NASDAQ","USD"
"HCA","HCA HEALTHCARE INC","Gesundheitsversorgung","Aktien","22.018.804,90","0,07","22.018.804,90","50.887,00","432,70","Vereinigte Staaten","New York Stock Exchange Inc.","USD"
"CL","COLGATE-PALMOLIVE","Nichtzyklische Konsumgüter","Aktien","21.884.134,88","0,07","21.884.134,88","246.332,00","88,84","Vereinigte Staaten","New York Stock Exchange Inc.","USD"
"6098","RECRUIT HOLDINGS LTD","Industrie","Aktien","21.690.233,65","0,07","21.690.233,65","440.900,00","49,20","Japan","Tokyo Stock Exchange","JPY"
"1810","XIAOMI CORP","IT","Aktien","21.676.386,29","0,07","21.676.386,29","5.352.400,00","4,05","China","Hong Kong Exchanges And Clearing Ltd","HKD"
"INVE B","INVESTOR CLASS B","Financials","Aktien","21.657.200,27","0,07","21.657.200,27","553.577,00","39,12","Schweden","Nasdaq Omx Nordic","SEK"
"RCL","ROYAL CARIBBEAN GROUP LTD","Zyklische Konsumgüter ","Aktien","21.558.409,68","0,07","21.558.409,68","81.236,00","265,38","Vereinigte Staaten","New York Stock Exchange Inc.","USD"
"MSI","MOTOROLA SOLUTIONS INC","IT","Aktien","21.495.933,90","0,07","21.495.933,90","53.830,00","399,33","Vereinigte Staaten","New York Stock Exchange Inc.","USD"
"GM","GENERAL MOTORS","Zyklische Konsumgüter ","Aktien","21.411.883,50","0,07","21.411.883,50","275.394,00","77,75","Vereinigte Staaten","New York Stock Exchange Inc.","USD"
"SPOT","SPOTIFY TECHNOLOGY SA","Kommunikation","Aktien","21.357.095,04","0,07","21.357.095,04","49.376,00","432,54","Schweden","New York Stock Exchange Inc.","USD"
"KMI","KINDER MORGAN INC","Energie","Aktien","21.279.674,40","0,06","21.279.674,40","637.116,00","33,40","Vereinigte Staaten","New York Stock Exchange Inc.","USD"
"PDD","PDD HOLDINGS ADS INC","Zyklische Konsumgüter ","Aktien","21.229.751,70","0,06","21.229.751,70","222.115,00","95,58","China","NASDAQ","USD"
"BE","BLOOM ENERGY CLASS A CORP","Industrie","Aktien","21.186.816,89","0,06","21.186.816,89","69.829,00","303,41","Vereinigte Staaten","New York Stock Exchange Inc.","USD"
"TRV","TRAVELERS COMPANIES INC","Financials","Aktien","21.006.178,38","0,06","21.006.178,38","70.422,00","298,29","Vereinigte Staaten","New York Stock Exchange Inc.","USD"
"APD","AIR PRODUCTS AND CHEMICALS INC","Materialien","Aktien","20.995.398,05","0,06","20.995.398,05","70.015,00","299,87","Vereinigte Staaten","New York Stock Exchange Inc.","USD"
"URI","UNITED RENTALS INC","Industrie","Aktien","20.941.018,08","0,06","20.941.018,08","21.523,00","972,96","Vereinigte Staaten","New York Stock Exchange Inc.","USD"
"FIX","COMFORT SYSTEMS USA INC","Industrie","Aktien","20.803.478,96","0,06","20.803.478,96","10.186,00","2.042,36","Vereinigte Staaten","New York Stock Exchange Inc.","USD"
"NA","NATIONAL BANK OF CANADA","Financials","Aktien","20.796.738,12","0,06","20.796.738,12","138.778,00","149,86","Kanada","Toronto Stock Exchange","CAD"
"ECL","ECOLAB INC","Materialien","Aktien","20.333.993,76","0,06","20.333.993,76","81.702,00","248,88","Vereinigte Staaten","New York Stock Exchange Inc.","USD"
"AON","AON PLC CLASS A","Financials","Aktien","20.288.432,84","0,06","20.288.432,84","64.324,00","315,41","Vereinigte Staaten","New York Stock Exchange Inc.","USD"
"KEYS","KEYSIGHT TECHNOLOGIES INC","IT","Aktien","20.235.953,50","0,06","20.235.953,50","55.970,00","361,55","Vereinigte Staaten","New York Stock Exchange Inc.","USD"
"005380","HYUNDAI MOTOR","Zyklische Konsumgüter ","Aktien","20.214.123,88","0,06","20.214.123,88","42.329,00","477,55","Korea","Korea Exchange (Stock Market)","KRW"
"COHR","COHERENT CORP","IT","Aktien","20.190.308,40","0,06","20.190.308,40","49.860,00","404,94","Vereinigte Staaten","New York Stock Exchange Inc.","USD"
"RKLB","ROCKET LAB CORP","Industrie","Aktien","20.182.063,00","0,06","20.182.063,00","152.260,00","132,55","Vereinigte Staaten","NASDAQ","USD"
"DDOG","DATADOG INC CLASS A","IT","Aktien","20.177.103,32","0,06","20.177.103,32","99.473,00","202,84","Vereinigte Staaten","NASDAQ","USD"
"ENI","ENI","Energie","Aktien","20.084.126,92","0,06","20.084.126,92","729.233,00","27,54","Italien","Borsa Italiana","EUR"
"MNST","MONSTER BEVERAGE CORP","Nichtzyklische Konsumgüter","Aktien","20.025.925,36","0,06","20.025.925,36","233.348,00","85,82","Vereinigte Staaten","NASDAQ","USD"
"DBK","DEUTSCHE BANK AG","Financials","Aktien","19.974.563,86","0,06","19.974.563,86","623.915,00","32,02","Deutschland","Xetra","EUR"
"1211","BYD LTD H","Zyklische Konsumgüter ","Aktien","19.837.016,75","0,06","19.837.016,75","1.583.000,00","12,53","China","Hong Kong Exchanges And Clearing Ltd","HKD"
"BKR","BAKER HUGHES CLASS A","Energie","Aktien","19.827.710,63","0,06","19.827.710,63","306.883,00","64,61","Vereinigte Staaten","NASDAQ","USD"
"HOOD","ROBINHOOD MARKETS INC CLASS A","Financials","Aktien","19.786.913,70","0,06","19.786.913,70","245.191,00","80,70","Vereinigte Staaten","NASDAQ","USD"
"WBD","WARNER BROS. DISCOVERY INC SERIES","Kommunikation","Aktien","19.776.473,52","0,06","19.776.473,52","729.221,00","27,12","Vereinigte Staaten","NASDAQ","USD"
"TFC","TRUIST FINANCIAL CORP","Financials","Aktien","19.758.828,33","0,06","19.758.828,33","419.241,00","47,13","Vereinigte Staaten","New York Stock Exchange Inc.","USD"
"NWG","NATWEST GROUP PLC","Financials","Aktien","19.564.610,47","0,06","19.564.610,47","2.543.647,00","7,69","Vereinigtes Königreich","London Stock Exchange","GBP"
"NET","CLOUDFLARE INC CLASS A","IT","Aktien","19.506.451,25","0,06","19.506.451,25","97.625,00","199,81","Vereinigte Staaten","New York Stock Exchange Inc.","USD"
"TDG","TRANSDIGM GROUP INC","Industrie","Aktien","19.490.609,88","0,06","19.490.609,88","16.534,00","1.178,82","Vereinigte Staaten","New York Stock Exchange Inc.","USD"
"CTAS","CINTAS CORP","Industrie","Aktien","19.423.119,90","0,06","19.423.119,90","117.042,00","165,95","Vereinigte Staaten","NASDAQ","USD"
"5802","SUMITOMO ELECTRIC INDUSTRIES LTD","Zyklische Konsumgüter ","Aktien","19.388.513,71","0,06","19.388.513,71","253.300,00","76,54","Japan","Tokyo Stock Exchange","JPY"
"ITX","INDUSTRIA DE DISENO TEXTIL SA","Zyklische Konsumgüter ","Aktien","19.381.469,16","0,06","19.381.469,16","336.860,00","57,54","Spanien","Bolsa De Madrid","EUR"
"SPG","SIMON PROPERTY GROUP REIT INC","Immobilien","Aktien","19.349.350,80","0,06","19.349.350,80","95.411,00","202,80","Vereinigte Staaten","New York Stock Exchange Inc.","USD"
"CNR","CANADIAN NATIONAL RAILWAY","Industrie","Aktien","19.164.728,89","0,06","19.164.728,89","170.318,00","112,52","Kanada","Toronto Stock Exchange","CAD"
"RHM","RHEINMETALL AG","Industrie","Aktien","19.114.212,54","0,06","19.114.212,54","14.315,00","1.335,26","Deutschland","Xetra","EUR"
"TER","TERADYNE INC","IT","Aktien","19.115.715,15","0,06","19.115.715,15","53.613,00","356,55","Vereinigte Staaten","NASDAQ","USD"
"TEL","TE CONNECTIVITY PLC","IT","Aktien","19.096.915,86","0,06","19.096.915,86","92.394,00","206,69","Vereinigte Staaten","New York Stock Exchange Inc.","USD"
"KKR","KKR AND CO INC","Financials","Aktien","19.067.555,43","0,06","19.067.555,43","191.499,00","99,57","Vereinigte Staaten","New York Stock Exchange Inc.","USD"
"MFC","MANULIFE FINANCIAL CORP","Financials","Aktien","19.059.107,10","0,06","19.059.107,10","508.138,00","37,51","Kanada","Toronto Stock Exchange","CAD"
"MQG","MACQUARIE GROUP LTD DEF","Financials","Aktien","19.034.788,19","0,06","19.034.788,19","107.703,00","176,73","Australien","Asx - All Markets","AUD"
"APO","APOLLO GLOBAL MANAGEMENT INC","Financials","Aktien","18.942.172,48","0,06","18.942.172,48","139.774,00","135,52","Vereinigte Staaten","New York Stock Exchange Inc.","USD"
"5803","FUJIKURA LTD","Industrie","Aktien","18.830.522,62","0,06","18.830.522,62","468.600,00","40,18","Japan","Tokyo Stock Exchange","JPY"
"PRX","PROSUS NV CLASS N","Zyklische Konsumgüter ","Aktien","18.800.829,92","0,06","18.800.829,92","415.718,00","45,23","Niederlande","Euronext Amsterdam","EUR"
"GWW","WW GRAINGER INC","Industrie","Aktien","18.744.037,24","0,06","18.744.037,24","14.596,00","1.284,19","Vereinigte Staaten","New York Stock Exchange Inc.","USD"
"TGT","TARGET CORP","Nichtzyklische Konsumgüter","Aktien","18.705.821,48","0,06","18.705.821,48","151.981,00","123,08","Vereinigte Staaten","New York Stock Exchange Inc.","USD"
"ENGI","ENGIE SA","Versorger","Aktien","18.626.876,29","0,06","18.626.876,29","583.309,00","31,93","Frankreich","Nyse Euronext - Euronext Paris","EUR"
"AAL","ANGLO AMERICAN PLC","Materialien","Aktien","18.577.353,47","0,06","18.577.353,47","339.080,00","54,79","Vereinigtes Königreich","London Stock Exchange","GBP"
"GLE","SOCIETE GENERALE SA","Financials","Aktien","18.489.788,67","0,06","18.489.788,67","234.662,00","78,79","Frankreich","Nyse Euronext - Euronext Paris","EUR"
"REL","RELX PLC","Industrie","Aktien","18.490.565,61","0,06","18.490.565,61","579.808,00","31,89","Vereinigtes Königreich","London Stock Exchange","GBP"
"ABNB","AIRBNB INC CLASS A","Zyklische Konsumgüter ","Aktien","18.452.876,16","0,06","18.452.876,16","138.048,00","133,67","Vereinigte Staaten","NASDAQ","USD"
"LSEG","LONDON STOCK EXCHANGE GROUP PLC","Financials","Aktien","18.450.404,07","0,06","18.450.404,07","148.531,00","124,22","Vereinigtes Königreich","London Stock Exchange","GBP"
"EL","ESSILORLUXOTTICA SA","Gesundheitsversorgung","Aktien","18.368.015,19","0,06","18.368.015,19","90.797,00","202,30","Frankreich","Nyse Euronext - Euronext Paris","EUR"
"BAS","BASF N","Materialien","Aktien","18.338.937,08","0,06","18.338.937,08","294.084,00","62,36","Deutschland","Xetra","EUR"
"TRGP","TARGA RESOURCES CORP","Energie","Aktien","18.335.754,00","0,06","18.335.754,00","68.550,00","267,48","Vereinigte Staaten","New York Stock Exchange Inc.","USD"
"O","REALTY INCOME REIT CORP","Immobilien","Aktien","18.281.298,00","0,06","18.281.298,00","295.050,00","61,96","Vereinigte Staaten","New York Stock Exchange Inc.","USD"
"SRE","SEMPRA","Versorger","Aktien","18.249.218,64","0,06","18.249.218,64","196.524,00","92,86","Vereinigte Staaten","New York Stock Exchange Inc.","USD"
"DHL","DEUTSCHE POST AG","Industrie","Aktien","18.207.284,83","0,06","18.207.284,83","325.369,00","55,96","Deutschland","Xetra","EUR"
"DASH","DOORDASH INC CLASS A","Zyklische Konsumgüter ","Aktien","18.166.110,40","0,06","18.166.110,40","118.192,00","153,70","Vereinigte Staaten","NASDAQ","USD"
"AFL","AFLAC INC","Financials","Aktien","18.161.495,60","0,06","18.161.495,60","156.040,00","116,39","Vereinigte Staaten","New York Stock Exchange Inc.","USD"
"PCAR","PACCAR INC","Industrie","Aktien","18.147.404,20","0,06","18.147.404,20","161.167,00","112,60","Vereinigte Staaten","NASDAQ","USD"
"LHX","L3HARRIS TECHNOLOGIES INC","Industrie","Aktien","18.124.047,54","0,06","18.124.047,54","58.917,00","307,62","Vereinigte Staaten","New York Stock Exchange Inc.","USD"
"STAN","STANDARD CHARTERED PLC","Financials","Aktien","18.113.915,48","0,06","18.113.915,48","702.570,00","25,78","Vereinigtes Königreich","London Stock Exchange","GBP"
"DVN","DEVON ENERGY CORP","Energie","Aktien","18.094.526,16","0,06","18.094.526,16","383.034,00","47,24","Vereinigte Staaten","New York Stock Exchange Inc.","USD"
"OKE","ONEOK INC","Energie","Aktien","18.076.919,46","0,06","18.076.919,46","198.582,00","91,03","Vereinigte Staaten","New York Stock Exchange Inc.","USD"
"3711","ASE TECHNOLOGY HOLDING LTD","IT","Aktien","18.027.713,28","0,06","18.027.713,28","1.036.758,00","17,39","Taiwan","Taiwan Stock Exchange","TWD"
"6981","MURATA MANUFACTURING LTD","IT","Aktien","18.017.518,73","0,06","18.017.518,73","449.500,00","40,08","Japan","Tokyo Stock Exchange","JPY"
"WES","WESFARMERS LTD","Zyklische Konsumgüter ","Aktien","17.946.753,04","0,05","17.946.753,04","346.176,00","51,84","Australien","Asx - All Markets","AUD"
"2318","PING AN INSURANCE (GROUP) CO OF CH","Financials","Aktien","17.795.630,97","0,05","17.795.630,97","2.195.000,00","8,11","China","Hong Kong Exchanges And Clearing Ltd","HKD"
"RMS","HERMES INTERNATIONAL","Zyklische Konsumgüter ","Aktien","17.750.340,70","0,05","17.750.340,70","9.537,00","1.861,22","Frankreich","Nyse Euronext - Euronext Paris","EUR"
"ROK","ROCKWELL AUTOMATION INC","Industrie","Aktien","17.729.274,36","0,05","17.729.274,36","38.834,00","456,54","Vereinigte Staaten","New York Stock Exchange Inc.","USD"
"DB1","DEUTSCHE BOERSE AG","Financials","Aktien","17.703.605,86","0,05","17.703.605,86","62.324,00","284,06","Deutschland","Xetra","EUR"
"AZO","AUTOZONE INC","Zyklische Konsumgüter ","Aktien","17.698.546,24","0,05","17.698.546,24","5.237,00","3.379,52","Vereinigte Staaten","New York Stock Exchange Inc.","USD"
"JPY","JPY CASH","Cash und/oder Derivate","Geldmarkt","17.621.996,17","0,05","17.621.996,17","2.786.830.584,00","0,63","Japan","-","JPY"
"EUR","EUR CASH","Cash und/oder Derivate","Geldmarkt","17.536.842,48","0,05","17.536.842,48","15.014.420,00","116,80","Europäische Union","-","EUR"
"7741","HOYA CORP","Gesundheitsversorgung","Aktien","17.531.594,42","0,05","17.531.594,42","100.200,00","174,97","Japan","Tokyo Stock Exchange","JPY"
"CARR","CARRIER GLOBAL CORP","Industrie","Aktien","17.509.818,54","0,05","17.509.818,54","262.398,00","66,73","Vereinigte Staaten","New York Stock Exchange Inc.","USD"
"1398","INDUSTRIAL AND COMMERCIAL BANK OF","Financials","Aktien","17.494.836,83","0,05","17.494.836,83","19.464.000,00","0,90","China","Hong Kong Exchanges And Clearing Ltd","HKD"
"CPG","COMPASS GROUP PLC","Zyklische Konsumgüter ","Aktien","17.434.687,17","0,05","17.434.687,17","523.407,00","33,31","Vereinigtes Königreich","London Stock Exchange","USD"
"CABK","CAIXABANK SA","Financials","Aktien","17.403.764,29","0,05","17.403.764,29","1.357.675,00","12,82","Spanien","Bolsa De Madrid","EUR"
"WAB","WESTINGHOUSE AIR BRAKE TECHNOLOGIE","Industrie","Aktien","17.293.095,12","0,05","17.293.095,12","64.184,00","269,43","Vereinigte Staaten","New York Stock Exchange Inc.","USD"
"CTVA","CORTEVA INC","Materialien","Aktien","17.076.999,80","0,05","17.076.999,80","205.006,00","83,30","Vereinigte Staaten","New York Stock Exchange Inc.","USD"
"VOLV B","VOLVO CLASS B","Industrie","Aktien","17.068.966,98","0,05","17.068.966,98","501.468,00","34,04","Schweden","Nasdaq Omx Nordic","SEK"
"EBAY","EBAY INC","Zyklische Konsumgüter ","Aktien","17.040.921,40","0,05","17.040.921,40","150.485,00","113,24","Vereinigte Staaten","NASDAQ","USD"
"F","FORD MOTOR CO","Zyklische Konsumgüter ","Aktien","17.043.046,88","0,05","17.043.046,88","1.177.006,00","14,48","Vereinigte Staaten","New York Stock Exchange Inc.","USD"
"ALL","ALLSTATE CORP","Financials","Aktien","16.935.048,00","0,05","16.935.048,00","78.240,00","216,45","Vereinigte Staaten","New York Stock Exchange Inc.","USD"
"ARGX","ARGENX","Gesundheitsversorgung","Aktien","16.906.524,59","0,05","16.906.524,59","20.851,00","810,83","Belgien","Nyse Euronext - Euronext Brussels","EUR"
"9433","KDDI CORP","Kommunikation","Aktien","16.908.984,79","0,05","16.908.984,79","1.010.800,00","16,73","Japan","Tokyo Stock Exchange","JPY"
"8002","MARUBENI CORP","Industrie","Aktien","16.652.167,31","0,05","16.652.167,31","446.500,00","37,29","Japan","Tokyo Stock Exchange","JPY"
"LNG","CHENIERE ENERGY INC","Energie","Aktien","16.571.115,96","0,05","16.571.115,96","68.737,00","241,08","Vereinigte Staaten","New York Stock Exchange Inc.","USD"
"ATCO A","ATLAS COPCO CLASS A","Industrie","Aktien","16.546.038,66","0,05","16.546.038,66","886.107,00","18,67","Schweden","Nasdaq Omx Nordic","SEK"
"2914","JAPAN TOBACCO INC","Nichtzyklische Konsumgüter","Aktien","16.518.358,47","0,05","16.518.358,47","417.700,00","39,55","Japan","Tokyo Stock Exchange","JPY"
"LR","LEGRAND SA","Industrie","Aktien","16.507.801,86","0,05","16.507.801,86","91.360,00","180,69","Frankreich","Nyse Euronext - Euronext Paris","EUR"
"ASSA B","ASSA ABLOY B","Industrie","Aktien","16.496.156,92","0,05","16.496.156,92","453.948,00","36,34","Schweden","Nasdaq Omx Nordic","SEK"
"ADSK","AUTODESK INC","IT","Aktien","16.462.808,56","0,05","16.462.808,56","70.396,00","233,86","Vereinigte Staaten","NASDAQ","USD"
"NDA FI","NORDEA BANK","Financials","Aktien","16.385.730,49","0,05","16.385.730,49","908.312,00","18,04","Finnland","Nasdaq Omx Helsinki Ltd.","EUR"
"EA","ELECTRONIC ARTS INC","Kommunikation","Aktien","16.318.796,06","0,05","16.318.796,06","81.277,00","200,78","Vereinigte Staaten","NASDAQ","USD"
"ANG","ANGLOGOLD ASHANTI PLC","Materialien","Aktien","16.224.944,70","0,05","16.224.944,70","159.950,00","101,44","Südafrika","Johannesburg Stock Exchange","ZAR"
"NUE","NUCOR CORP","Materialien","Aktien","16.187.033,45","0,05","16.187.033,45","69.517,00","232,85","Vereinigte Staaten","New York Stock Exchange Inc.","USD"
"EW","EDWARDS LIFESCIENCES CORP","Gesundheitsversorgung","Aktien","16.177.875,28","0,05","16.177.875,28","198.892,00","81,34","Vereinigte Staaten","New York Stock Exchange Inc.","USD"
"NKE","NIKE INC CLASS B","Zyklische Konsumgüter ","Aktien","16.139.839,98","0,05","16.139.839,98","384.099,00","42,02","Vereinigte Staaten","New York Stock Exchange Inc.","USD"
"ON","ON SEMICONDUCTOR CORP","IT","Aktien","16.126.847,17","0,05","16.126.847,17","136.241,00","118,37","Vereinigte Staaten","NASDAQ","USD"
"3690","MEITUAN","Zyklische Konsumgüter ","Aktien","16.121.981,51","0,05","16.121.981,51","1.473.440,00","10,94","China","Hong Kong Exchanges And Clearing Ltd","HKD"
"O39","OVERSEA-CHINESE BANKING LTD","Financials","Aktien","16.082.014,67","0,05","16.082.014,67","893.200,00","18,00","Singapur","Singapore Exchange","SGD"
"HOLN","HOLCIM LTD AG","Materialien","Aktien","15.995.852,73","0,05","15.995.852,73","164.248,00","97,39","Schweiz","SIX Swiss Exchange","CHF"
"MSTR","STRATEGY INC CLASS A","IT","Aktien","15.825.327,77","0,05","15.825.327,77","84.641,00","186,97","Vereinigte Staaten","NASDAQ","USD"
"MCHP","MICROCHIP TECHNOLOGY INC","IT","Aktien","15.704.856,56","0,05","15.704.856,56","161.839,00","97,04","Vereinigte Staaten","NASDAQ","USD"
"DSV","DSV","Industrie","Aktien","15.634.283,87","0,05","15.634.283,87","62.851,00","248,75","Dänemark","Omx Nordic Exchange Copenhagen A/S","DKK"
"RIO","RIO TINTO LTD","Materialien","Aktien","15.626.720,25","0,05","15.626.720,25","112.628,00","138,75","Australien","Asx - All Markets","AUD"
"AJG","ARTHUR J GALLAGHER","Financials","Aktien","15.598.928,80","0,05","15.598.928,80","78.910,00","197,68","Vereinigte Staaten","New York Stock Exchange Inc.","USD"
"NPN","NASPERS LIMITED LTD CLASS N","Zyklische Konsumgüter ","Aktien","15.584.751,81","0,05","15.584.751,81","300.470,00","51,87","Südafrika","Johannesburg Stock Exchange","ZAR"
"D","DOMINION ENERGY INC","Versorger","Aktien","15.545.466,87","0,05","15.545.466,87","246.871,00","62,97","Vereinigte Staaten","New York Stock Exchange Inc.","USD"
"SNOW","SNOWFLAKE INC","IT","Aktien","15.517.123,76","0,05","15.517.123,76","102.926,00","150,76","Vereinigte Staaten","New York Stock Exchange Inc.","USD"
"2303","UNITED MICRO ELECTRONICS CORP","IT","Aktien","15.287.577,34","0,05","15.287.577,34","4.461.000,00","3,43","Taiwan","Taiwan Stock Exchange","TWD"
"VST","VISTRA CORP","Versorger","Aktien","15.214.092,30","0,05","15.214.092,30","107.217,00","141,90","Vereinigte Staaten","New York Stock Exchange Inc.","USD"
"388","HONG KONG EXCHANGES AND CLEARING L","Financials","Aktien","15.208.313,01","0,05","15.208.313,01","281.203,00","54,08","Hongkong","Hong Kong Exchanges And Clearing Ltd","HKD"
"3988","BANK OF CHINA LTD H","Financials","Aktien","15.189.737,50","0,05","15.189.737,50","22.490.000,00","0,68","China","Hong Kong Exchanges And Clearing Ltd","HKD"
"CCO","CAMECO CORP","Energie","Aktien","15.149.759,88","0,05","15.149.759,88","134.820,00","112,37","Kanada","Toronto Stock Exchange","CAD"
"GMG","GOODMAN GROUP UNITS","Immobilien","Aktien","15.122.947,48","0,05","15.122.947,48","666.375,00","22,69","Australien","Asx - All Markets","AUD"
"COR","CENCORA INC","Gesundheitsversorgung","Aktien","15.108.346,82","0,05","15.108.346,82","57.862,00","261,11","Vereinigte Staaten","New York Stock Exchange Inc.","USD"
"FERG","FERGUSON ENTERPRISES INC","Industrie","Aktien","15.056.568,00","0,05","15.056.568,00","64.899,00","232,00","Vereinigte Staaten","New York Stock Exchange Inc.","USD"
"FAST","FASTENAL","Industrie","Aktien","15.049.912,02","0,05","15.049.912,02","342.199,00","43,98","Vereinigte Staaten","NASDAQ","USD"
"MSCI","MSCI INC","Financials","Aktien","15.031.270,65","0,05","15.031.270,65","26.385,00","569,69","Vereinigte Staaten","New York Stock Exchange Inc.","USD"
"CAH","CARDINAL HEALTH INC","Gesundheitsversorgung","Aktien","15.029.072,84","0,05","15.029.072,84","77.318,00","194,38","Vereinigte Staaten","New York Stock Exchange Inc.","USD"
"STMPA","STMICROELECTRONICS NV","IT","Aktien","14.976.092,68","0,05","14.976.092,68","232.451,00","64,43","Frankreich","Nyse Euronext - Euronext Paris","EUR"
"SGO","COMPAGNIE DE SAINT GOBAIN SA","Industrie","Aktien","14.977.166,59","0,05","14.977.166,59","167.401,00","89,47","Frankreich","Nyse Euronext - Euronext Paris","EUR"
"7974","NINTENDO LTD","Kommunikation","Aktien","14.913.341,55","0,05","14.913.341,55","343.600,00","43,40","Japan","Tokyo Stock Exchange","JPY"
"6752","PANASONIC HOLDINGS CORP","Zyklische Konsumgüter ","Aktien","14.853.717,79","0,05","14.853.717,79","695.600,00","21,35","Japan","Tokyo Stock Exchange","JPY"
"4502","TAKEDA PHARMACEUTICAL LTD","Gesundheitsversorgung","Aktien","14.831.960,39","0,05","14.831.960,39","446.271,00","33,24","Japan","Tokyo Stock Exchange","JPY"
"DGE","DIAGEO PLC","Nichtzyklische Konsumgüter","Aktien","14.819.108,16","0,05","14.819.108,16","732.649,00","20,23","Vereinigtes Königreich","London Stock Exchange","GBP"
"9999","NETEASE INC","Kommunikation","Aktien","14.810.877,00","0,05","14.810.877,00","631.490,00","23,45","China","Hong Kong Exchanges And Clearing Ltd","HKD"
"MET","METLIFE INC","Financials","Aktien","14.736.585,70","0,05","14.736.585,70","186.115,00","79,18","Vereinigte Staaten","New York Stock Exchange Inc.","USD"
"XEL","XCEL ENERGY INC","Versorger","Aktien","14.716.076,46","0,04","14.716.076,46","183.882,00","80,03","Vereinigte Staaten","NASDAQ","USD"
"LONN","LONZA GROUP AG","Gesundheitsversorgung","Aktien","14.687.149,74","0,04","14.687.149,74","24.253,00","605,58","Schweiz","SIX Swiss Exchange","CHF"
"AME","AMETEK INC","Industrie","Aktien","14.606.248,80","0,04","14.606.248,80","62.920,00","232,14","Vereinigte Staaten","New York Stock Exchange Inc.","USD"
"JBL","JABIL INC","IT","Aktien","14.557.704,56","0,04","14.557.704,56","41.084,00","354,34","Vereinigte Staaten","New York Stock Exchange Inc.","USD"
"ASM","ASM INTERNATIONAL NV","IT","Aktien","14.557.986,57","0,04","14.557.986,57","13.852,00","1.050,97","Niederlande","Euronext Amsterdam","EUR"
"RSG","REPUBLIC SERVICES INC","Industrie","Aktien","14.469.036,48","0,04","14.469.036,48","69.336,00","208,68","Vereinigte Staaten","New York Stock Exchange Inc.","USD"
"009150","SAMSUNG ELECTRO MECHANICS LTD","IT","Aktien","14.451.864,92","0,04","14.451.864,92","21.042,00","686,81","Korea","Korea Exchange (Stock Market)","KRW"
"TTWO","TAKE TWO INTERACTIVE SOFTWARE INC","Kommunikation","Aktien","14.363.034,91","0,04","14.363.034,91","59.251,00","242,41","Vereinigte Staaten","NASDAQ","USD"
"AIG","AMERICAN INTERNATIONAL GROUP INC","Financials","Aktien","14.327.966,08","0,04","14.327.966,08","189.248,00","75,71","Vereinigte Staaten","New York Stock Exchange Inc.","USD"
"BN","DANONE SA","Nichtzyklische Konsumgüter","Aktien","14.296.381,46","0,04","14.296.381,46","197.867,00","72,25","Frankreich","Nyse Euronext - Euronext Paris","EUR"
"BAYN","BAYER AG","Gesundheitsversorgung","Aktien","14.285.497,22","0,04","14.285.497,22","320.344,00","44,59","Deutschland","Xetra","EUR"
"G","ASSICURAZIONI GENERALI","Financials","Aktien","14.254.502,20","0,04","14.254.502,20","311.411,00","45,77","Italien","Borsa Italiana","EUR"
"KR","KROGER","Nichtzyklische Konsumgüter","Aktien","14.248.110,33","0,04","14.248.110,33","213.327,00","66,79","Vereinigte Staaten","New York Stock Exchange Inc.","USD"
"EOAN","E.ON N","Versorger","Aktien","14.235.775,58","0,04","14.235.775,58","661.681,00","21,51","Deutschland","Xetra","EUR"
"ATD","ALIMENTATION COUCHE TARD INC","Nichtzyklische Konsumgüter","Aktien","14.191.986,05","0,04","14.191.986,05","245.667,00","57,77","Kanada","Toronto Stock Exchange","CAD"
"HPE","HEWLETT PACKARD ENTERPRISE","IT","Aktien","14.181.970,64","0,04","14.181.970,64","415.528,00","34,13","Vereinigte Staaten","New York Stock Exchange Inc.","USD"
"EXC","EXELON CORP","Versorger","Aktien","14.164.665,60","0,04","14.164.665,60","319.024,00","44,40","Vereinigte Staaten","NASDAQ","USD"
"SREN","SWISS RE AG","Financials","Aktien","14.135.692,10","0,04","14.135.692,10","92.666,00","152,54","Schweiz","SIX Swiss Exchange","CHF"
"FNV","FRANCO NEVADA CORP","Materialien","Aktien","14.108.826,34","0,04","14.108.826,34","59.300,00","237,92","Kanada","Toronto Stock Exchange","CAD"
"9434","SOFTBANK CORP","Kommunikation","Aktien","14.064.120,08","0,04","14.064.120,08","10.023.300,00","1,40","Japan","Tokyo Stock Exchange","JPY"
"IDXX","IDEXX LABORATORIES INC","Gesundheitsversorgung","Aktien","14.048.321,04","0,04","14.048.321,04","26.364,00","532,86","Vereinigte Staaten","NASDAQ","USD"
"CVNA","CARVANA CLASS A","Zyklische Konsumgüter ","Aktien","13.984.221,25","0,04","13.984.221,25","201.125,00","69,53","Vereinigte Staaten","New York Stock Exchange Inc.","USD"
"CMG","CHIPOTLE MEXICAN GRILL INC","Zyklische Konsumgüter ","Aktien","13.929.723,47","0,04","13.929.723,47","434.083,00","32,09","Vereinigte Staaten","New York Stock Exchange Inc.","USD"
"ADM","ARCHER DANIELS MIDLAND","Nichtzyklische Konsumgüter","Aktien","13.923.063,84","0,04","13.923.063,84","171.024,00","81,41","Vereinigte Staaten","New York Stock Exchange Inc.","USD"
"NBIS","NEBIUS NV CLASS A","IT","Aktien","13.892.864,15","0,04","13.892.864,15","62.821,00","221,15","Niederlande","NASDAQ","USD"
"ACS","ACS ACTIVIDADES DE CONSTRUCCION Y","Industrie","Aktien","13.884.794,82","0,04","13.884.794,82","86.708,00","160,13","Spanien","Bolsa De Madrid","EUR"
"WDS","WOODSIDE ENERGY GROUP LTD","Energie","Aktien","13.881.067,90","0,04","13.881.067,90","627.234,00","22,13","Australien","Asx - All Markets","AUD"
"CBRE","CBRE GROUP INC CLASS A","Immobilien","Aktien","13.859.568,00","0,04","13.859.568,00","104.640,00","132,45","Vereinigte Staaten","New York Stock Exchange Inc.","USD"
"PSA","PUBLIC STORAGE REIT","Immobilien","Aktien","13.850.592,21","0,04","13.850.592,21","45.707,00","303,03","Vereinigte Staaten","New York Stock Exchange Inc.","USD"
"2345","ACCTON TECHNOLOGY CORP","IT","Aktien","13.835.475,17","0,04","13.835.475,17","163.000,00","84,88","Taiwan","Taiwan Stock Exchange","TWD"
"8591","ORIX CORP","Financials","Aktien","13.810.198,24","0,04","13.810.198,24","377.400,00","36,59","Japan","Tokyo Stock Exchange","JPY"
"ETR","ENTERGY CORP","Versorger","Aktien","13.797.170,30","0,04","13.797.170,30","122.207,00","112,90","Vereinigte Staaten","New York Stock Exchange Inc.","USD"
"2383","ELITE MATERIAL LTD","IT","Aktien","13.773.033,79","0,04","13.773.033,79","88.223,00","156,12","Taiwan","Taiwan Stock Exchange","TWD"
"COIN","COINBASE GLOBAL INC CLASS A","Financials","Aktien","13.760.297,04","0,04","13.760.297,04","64.904,00","212,01","Vereinigte Staaten","NASDAQ","USD"
"PYPL","PAYPAL HOLDINGS INC","Financials","Aktien","13.730.849,36","0,04","13.730.849,36","304.859,00","45,04","Vereinigte Staaten","NASDAQ","USD"
"IRM","IRON MOUNTAIN INC","Immobilien","Aktien","13.683.558,00","0,04","13.683.558,00","107.112,00","127,75","Vereinigte Staaten","New York Stock Exchange Inc.","USD"
"AMP","AMERIPRISE FINANCE INC","Financials","Aktien","13.617.881,96","0,04","13.617.881,96","28.849,00","472,04","Vereinigte Staaten","New York Stock Exchange Inc.","USD"
"TSCO","TESCO PLC","Nichtzyklische Konsumgüter","Aktien","13.554.683,77","0,04","13.554.683,77","2.230.319,00","6,08","Vereinigtes Königreich","London Stock Exchange","GBP"
"OTP","OTP BANK","Financials","Aktien","13.541.015,51","0,04","13.541.015,51","98.502,00","137,47","Ungarn","Budapest Stock Exchange","HUF"
"000270","KIA CORPORATION CORP","Zyklische Konsumgüter ","Aktien","13.490.541,94","0,04","13.490.541,94","112.935,00","119,45","Korea","Korea Exchange (Stock Market)","KRW"
"4578","OTSUKA HOLDINGS LTD","Gesundheitsversorgung","Aktien","13.478.734,71","0,04","13.478.734,71","186.900,00","72,12","Japan","Tokyo Stock Exchange","JPY"
"EME","EMCOR GROUP INC","Industrie","Aktien","13.460.324,19","0,04","13.460.324,19","14.473,00","930,03","Vereinigte Staaten","New York Stock Exchange Inc.","USD"
"SSE","SSE PLC","Versorger","Aktien","13.378.844,86","0,04","13.378.844,86","403.483,00","33,16","Vereinigtes Königreich","London Stock Exchange","GBP"
"857","PETROCHINA LTD H","Energie","Aktien","13.325.846,48","0,04","13.325.846,48","9.558.000,00","1,39","China","Hong Kong Exchanges And Clearing Ltd","HKD"
"9888","BAIDU CLASS A INC","Kommunikation","Aktien","13.326.818,65","0,04","13.326.818,65","740.816,00","17,99","China","Hong Kong Exchanges And Clearing Ltd","HKD"
"PRU","PRUDENTIAL PLC","Financials","Aktien","13.281.052,55","0,04","13.281.052,55","843.247,00","15,75","Vereinigtes Königreich","London Stock Exchange","GBP"
"YUM","YUM BRANDS INC","Zyklische Konsumgüter ","Aktien","13.259.507,01","0,04","13.259.507,01","88.027,00","150,63","Vereinigte Staaten","New York Stock Exchange Inc.","USD"
"105560","KB FINANCIAL GROUP INC","Financials","Aktien","13.256.782,59","0,04","13.256.782,59","126.700,00","104,63","Korea","Korea Exchange (Stock Market)","KRW"
"CVE","CENOVUS ENERGY","Energie","Aktien","13.051.638,65","0,04","13.051.638,65","433.387,00","30,12","Kanada","Toronto Stock Exchange","CAD"
"WCN","WASTE CONNECTIONS INC","Industrie","Aktien","13.036.827,84","0,04","13.036.827,84","84.152,00","154,92","Vereinigte Staaten","New York Stock Exchange Inc.","USD"
"OXY","OCCIDENTAL PETROLEUM CORP","Energie","Aktien","12.978.277,20","0,04","12.978.277,20","228.330,00","56,84","Vereinigte Staaten","New York Stock Exchange Inc.","USD"
"RWE","RWE AG","Versorger","Aktien","12.945.188,70","0,04","12.945.188,70","196.163,00","65,99","Deutschland","Xetra","EUR"
"HIG","HARTFORD INSURANCE GROUP INC","Financials","Aktien","12.928.969,48","0,04","12.928.969,48","96.298,00","134,26","Vereinigte Staaten","New York Stock Exchange Inc.","USD"
"CLS","CELESTICA INC","IT","Aktien","12.825.432,07","0,04","12.825.432,07","33.610,00","381,60","Kanada","Toronto Stock Exchange","CAD"
"CBOE","CBOE GLOBAL MARKETS INC","Financials","Aktien","12.805.236,34","0,04","12.805.236,34","35.702,00","358,67","Vereinigte Staaten","Cboe BZX","USD"
"PRY","PRYSMIAN","Industrie","Aktien","12.797.967,96","0,04","12.797.967,96","70.081,00","182,62","Italien","Borsa Italiana","EUR"
"FLEX","FLEX LTD","IT","Aktien","12.744.356,40","0,04","12.744.356,40","88.749,00","143,60","Vereinigte Staaten","NASDAQ","USD"
"RKT","RECKITT BENCKISER GROUP PLC","Nichtzyklische Konsumgüter","Aktien","12.740.948,81","0,04","12.740.948,81","207.844,00","61,30","Vereinigtes Königreich","London Stock Exchange","GBP"
"ODFL","OLD DOMINION FREIGHT LINE INC","Industrie","Aktien","12.739.148,37","0,04","12.739.148,37","64.077,00","198,81","Vereinigte Staaten","NASDAQ","USD"
"PKO","POWSZECHNA KASA OSZCZEDNOSCI BANK","Financials","Aktien","12.698.129,32","0,04","12.698.129,32","460.904,00","27,55","Polen","Warsaw Stock Exchange/Equities/Main Market","PLN"
"6954","FANUC CORP","Industrie","Aktien","12.667.961,68","0,04","12.667.961,68","249.300,00","50,81","Japan","Tokyo Stock Exchange","JPY"
"BDX","BECTON DICKINSON","Gesundheitsversorgung","Aktien","12.656.149,88","0,04","12.656.149,88","87.604,00","144,47","Vereinigte Staaten","New York Stock Exchange Inc.","USD"
"NDAQ","NASDAQ INC","Financials","Aktien","12.580.074,57","0,04","12.580.074,57","138.349,00","90,93","Vereinigte Staaten","NASDAQ","USD"
"8725","MS&AD INSURANCE GROUP HOLDINGS INC","Financials","Aktien","12.542.344,68","0,04","12.542.344,68","450.900,00","27,82","Japan","Tokyo Stock Exchange","JPY"
"MBG","MERCEDES-BENZ GROUP N AG","Zyklische Konsumgüter ","Aktien","12.471.518,19","0,04","12.471.518,19","209.284,00","59,59","Deutschland","Xetra","EUR"
"6762","TDK CORP","IT","Aktien","12.449.617,76","0,04","12.449.617,76","640.900,00","19,43","Japan","Tokyo Stock Exchange","JPY"
"8053","SUMITOMO CORP","Industrie","Aktien","12.362.844,23","0,04","12.362.844,23","259.300,00","47,68","Japan","Tokyo Stock Exchange","JPY"
"ORA","ORANGE SA","Kommunikation","Aktien","12.340.814,15","0,04","12.340.814,15","570.044,00","21,65","Frankreich","Nyse Euronext - Euronext Paris","EUR"
"DANSKE","DANSKE BANK","Financials","Aktien","12.313.301,57","0,04","12.313.301,57","244.203,00","50,42","Dänemark","Omx Nordic Exchange Copenhagen A/S","DKK"
"AD","KONINKLIJKE AHOLD DELHAIZE NV","Nichtzyklische Konsumgüter","Aktien","12.313.789,04","0,04","12.313.789,04","288.760,00","42,64","Niederlande","Euronext Amsterdam","EUR"
"DHI","D R HORTON INC","Zyklische Konsumgüter ","Aktien","12.271.484,16","0,04","12.271.484,16","88.056,00","139,36","Vereinigte Staaten","New York Stock Exchange Inc.","USD"
"HUM","HUMANA INC","Gesundheitsversorgung","Aktien","12.264.342,30","0,04","12.264.342,30","40.698,00","301,35","Vereinigte Staaten","New York Stock Exchange Inc.","USD"
"SLF","SUN LIFE FINANCIAL INC","Financials","Aktien","12.260.849,71","0,04","12.260.849,71","171.259,00","71,59","Kanada","Toronto Stock Exchange","CAD"
"CSU","CONSTELLATION SOFTWARE INC","IT","Aktien","12.228.045,74","0,04","12.228.045,74","6.628,00","1.844,91","Kanada","Toronto Stock Exchange","CAD"
"RACE","FERRARI NV","Zyklische Konsumgüter ","Aktien","12.191.135,49","0,04","12.191.135,49","36.368,00","335,22","Italien","Borsa Italiana","EUR"
"2891","CTBC FINANCIAL HOLDING LTD","Financials","Aktien","12.128.732,81","0,04","12.128.732,81","6.975.128,00","1,74","Taiwan","Taiwan Stock Exchange","TWD"
"TEVA","TEVA PHARMACEUTICAL INDUSTRIES ADR","Gesundheitsversorgung","Aktien","12.129.479,34","0,04","12.129.479,34","343.514,00","35,31","Israel","New York Stock Exchange Inc.","USD"
"6723","RENESAS ELECTRONICS CORP","IT","Aktien","12.109.472,95","0,04","12.109.472,95","496.900,00","24,37","Japan","Tokyo Stock Exchange","JPY"
"ALNY","ALNYLAM PHARMACEUTICALS INC","Gesundheitsversorgung","Aktien","12.083.684,10","0,04","12.083.684,10","41.178,00","293,45","Vereinigte Staaten","NASDAQ","USD"
"6146","DISCO CORP","IT","Aktien","11.995.320,75","0,04","11.995.320,75","27.100,00","442,63","Japan","Tokyo Stock Exchange","JPY"
"GRMN","GARMIN LTD","Zyklische Konsumgüter ","Aktien","11.982.889,45","0,04","11.982.889,45","51.115,00","234,43","Vereinigte Staaten","New York Stock Exchange Inc.","USD"
"FANG","DIAMONDBACK ENERGY INC","Energie","Aktien","11.935.696,26","0,04","11.935.696,26","59.601,00","200,26","Vereinigte Staaten","NASDAQ","USD"
"HLN","HALEON PLC","Gesundheitsversorgung","Aktien","11.895.940,78","0,04","11.895.940,78","2.680.625,00","4,44","Vereinigtes Königreich","London Stock Exchange","GBP"
"WAT","WATERS CORP","Gesundheitsversorgung","Aktien","11.887.933,17","0,04","11.887.933,17","35.677,00","333,21","Vereinigte Staaten","New York Stock Exchange Inc.","USD"
"XYZ","BLOCK INC CLASS A","Financials","Aktien","11.879.058,63","0,04","11.879.058,63","166.071,00","71,53","Vereinigte Staaten","New York Stock Exchange Inc.","USD"
"STLD","STEEL DYNAMICS INC","Materialien","Aktien","11.861.196,56","0,04","11.861.196,56","50.542,00","234,68","Vereinigte Staaten","NASDAQ","USD"
"6701","NEC CORP","IT","Aktien","11.854.228,71","0,04","11.854.228,71","463.000,00","25,60","Japan","Tokyo Stock Exchange","JPY"
"K","KINROSS GOLD CORP","Materialien","Aktien","11.845.765,81","0,04","11.845.765,81","383.514,00","30,89","Kanada","Toronto Stock Exchange","CAD"
"SYY","SYSCO CORP","Nichtzyklische Konsumgüter","Aktien","11.841.551,10","0,04","11.841.551,10","162.102,00","73,05","Vereinigte Staaten","New York Stock Exchange Inc.","USD"
"VMC","VULCAN MATERIALS","Materialien","Aktien","11.837.397,79","0,04","11.837.397,79","43.031,00","275,09","Vereinigte Staaten","New York Stock Exchange Inc.","USD"
"HAL","HALLIBURTON","Energie","Aktien","11.815.670,27","0,04","11.815.670,27","286.163,00","41,29","Vereinigte Staaten","New York Stock Exchange Inc.","USD"
"9618","JD.COM CLASS A INC","Zyklische Konsumgüter ","Aktien","11.798.281,38","0,04","11.798.281,38","710.291,00","16,61","China","Hong Kong Exchanges And Clearing Ltd","HKD"
"3037","UNIMICRON TECHNOLOGY CORP","IT","Aktien","11.779.933,05","0,04","11.779.933,05","421.390,00","27,95","Taiwan","Taiwan Stock Exchange","TWD"
"FITB","FIFTH THIRD BANCORP","Financials","Aktien","11.760.053,40","0,04","11.760.053,40","246.542,00","47,70","Vereinigte Staaten","NASDAQ","USD"
"ED","CONSOLIDATED EDISON INC","Versorger","Aktien","11.720.771,91","0,04","11.720.771,91","109.407,00","107,13","Vereinigte Staaten","New York Stock Exchange Inc.","USD"
"GMEXICOB","GRUPO MEXICO B","Materialien","Aktien","11.660.211,27","0,04","11.660.211,27","948.853,00","12,29","Mexiko","Bolsa Mexicana De Valores","MXN"
"PRU","PRUDENTIAL FINANCIAL INC","Financials","Aktien","11.648.080,80","0,04","11.648.080,80","112.869,00","103,20","Vereinigte Staaten","New York Stock Exchange Inc.","USD"
"SDZ","SANDOZ GROUP AG","Gesundheitsversorgung","Aktien","11.588.210,41","0,04","11.588.210,41","133.916,00","86,53","Schweiz","SIX Swiss Exchange","CHF"
"PEG","PUBLIC SERVICE ENTERPRISE GROUP IN","Versorger","Aktien","11.512.364,75","0,04","11.512.364,75","148.069,00","77,75","Vereinigte Staaten","New York Stock Exchange Inc.","USD"
"VTR","VENTAS REIT INC","Immobilien","Aktien","11.499.766,72","0,04","11.499.766,72","127.832,00","89,96","Vereinigte Staaten","New York Stock Exchange Inc.","USD"
"CCI","CROWN CASTLE INC","Immobilien","Aktien","11.502.219,40","0,04","11.502.219,40","131.740,00","87,31","Vereinigte Staaten","New York Stock Exchange Inc.","USD"
"ZTS","ZOETIS INC CLASS A","Gesundheitsversorgung","Aktien","11.420.576,88","0,03","11.420.576,88","151.306,00","75,48","Vereinigte Staaten","New York Stock Exchange Inc.","USD"
"SAND","SANDVIK","Industrie","Aktien","11.401.639,03","0,03","11.401.639,03","295.642,00","38,57","Schweden","Nasdaq Omx Nordic","SEK"
"DOL","DOLLARAMA INC","Zyklische Konsumgüter ","Aktien","11.392.926,00","0,03","11.392.926,00","90.506,00","125,88","Kanada","Toronto Stock Exchange","CAD"
"ERIC B","ERICSSON B","IT","Aktien","11.387.880,97","0,03","11.387.880,97","901.621,00","12,63","Schweden","Nasdaq Omx Nordic","SEK"
"TECK.B","TECK RESOURCES SUBORDINATE VOTING","Materialien","Aktien","11.318.068,06","0,03","11.318.068,06","173.035,00","65,41","Kanada","Toronto Stock Exchange","CAD"
"4519","CHUGAI PHARMACEUTICAL LTD","Gesundheitsversorgung","Aktien","11.288.172,25","0,03","11.288.172,25","220.500,00","51,19","Japan","Tokyo Stock Exchange","JPY"
"MLM","MARTIN MARIETTA MATERIALS INC","Materialien","Aktien","11.280.835,53","0,03","11.280.835,53","19.611,00","575,23","Vereinigte Staaten","New York Stock Exchange Inc.","USD"
"SUNB","SUNBELT RENTALS HOLDINGS INC","Industrie","Aktien","11.255.054,08","0,03","11.255.054,08","142.095,00","79,21","Vereinigtes Königreich","London Stock Exchange","GBP"
"U11","UNITED OVERSEAS BANK LTD","Financials","Aktien","11.213.638,61","0,03","11.213.638,61","382.485,00","29,32","Singapur","Singapore Exchange","SGD"
"2802","AJINOMOTO INC","Nichtzyklische Konsumgüter","Aktien","11.214.012,46","0,03","11.214.012,46","320.000,00","35,04","Japan","Tokyo Stock Exchange","JPY"
"2882","CATHAY FINANCIAL HOLDING LTD","Financials","Aktien","11.093.852,47","0,03","11.093.852,47","4.558.315,00","2,43","Taiwan","Taiwan Stock Exchange","TWD"
"EXPN","EXPERIAN PLC","Industrie","Aktien","11.085.959,23","0,03","11.085.959,23","320.642,00","34,57","Vereinigtes Königreich","London Stock Exchange","GBP"
"STT","STATE STREET CORP","Financials","Aktien","11.078.561,76","0,03","11.078.561,76","72.051,00","153,76","Vereinigte Staaten","New York Stock Exchange Inc.","USD"
"KBC","KBC GROEP","Financials","Aktien","11.079.413,23","0,03","11.079.413,23","83.355,00","132,92","Belgien","Nyse Euronext - Euronext Brussels","EUR"
"6367","DAIKIN INDUSTRIES LTD","Industrie","Aktien","11.076.859,84","0,03","11.076.859,84","70.000,00","158,24","Japan","Tokyo Stock Exchange","JPY"
"ESLT","ELBIT SYSTEMS LTD","Industrie","Aktien","11.051.043,69","0,03","11.051.043,69","14.164,00","780,22","Israel","Tel Aviv Stock Exchange","ILS"
"FFH","FAIRFAX FINANCIAL HOLDINGS SUB VOT","Financials","Aktien","11.023.094,27","0,03","11.023.094,27","6.897,00","1.598,24","Kanada","Toronto Stock Exchange","CAD"
"LUMI","BANK LEUMI LE ISRAEL","Financials","Aktien","10.974.653,29","0,03","10.974.653,29","440.565,00","24,91","Israel","Tel Aviv Stock Exchange","ILS"
"PCG","PG&E CORP","Versorger","Aktien","10.931.811,96","0,03","10.931.811,96","650.316,00","16,81","Vereinigte Staaten","New York Stock Exchange Inc.","USD"
"SE","SEA ADS REPRESENTING LTD CLASS A","Zyklische Konsumgüter ","Aktien","10.908.755,00","0,03","10.908.755,00","123.500,00","88,33","Singapur","New York Stock Exchange Inc.","USD"
"6702","FUJITSU LTD","IT","Aktien","10.905.510,77","0,03","10.905.510,77","532.300,00","20,49","Japan","Tokyo Stock Exchange","JPY"
"9432","NTT INC","Kommunikation","Aktien","10.813.163,11","0,03","10.813.163,11","11.430.800,00","0,95","Japan","Tokyo Stock Exchange","JPY"
"RJF","RAYMOND JAMES INC","Financials","Aktien","10.707.571,96","0,03","10.707.571,96","68.828,00","155,57","Vereinigte Staaten","New York Stock Exchange Inc.","USD"
"KDP","KEURIG DR PEPPER INC","Nichtzyklische Konsumgüter","Aktien","10.708.363,50","0,03","10.708.363,50","367.985,00","29,10","Vereinigte Staaten","NASDAQ","USD"
"UCB","UCB SA","Gesundheitsversorgung","Aktien","10.685.402,80","0,03","10.685.402,80","38.071,00","280,67","Belgien","Nyse Euronext - Euronext Brussels","EUR"
"GBP","GBP CASH","Cash und/oder Derivate","Geldmarkt","10.669.026,73","0,03","10.669.026,73","7.912.067,00","134,85","Vereinigtes Königreich","-","GBP"
"6301","KOMATSU LTD","Industrie","Aktien","10.648.152,01","0,03","10.648.152,01","256.700,00","41,48","Japan","Tokyo Stock Exchange","JPY"
"9961","TRIP.COM GROUP LTD","Zyklische Konsumgüter ","Aktien","10.608.707,52","0,03","10.608.707,52","208.983,00","50,76","China","Hong Kong Exchanges And Clearing Ltd","HKD"
"IBKR","INTERACTIVE BROKERS GROUP INC CLAS","Financials","Aktien","10.593.335,16","0,03","10.593.335,16","119.997,00","88,28","Vereinigte Staaten","NASDAQ","USD"
"CSL","CSL LTD","Gesundheitsversorgung","Aktien","10.571.192,90","0,03","10.571.192,90","150.384,00","70,29","Australien","Asx - All Markets","AUD"
"Q","QNITY ELECTRONICS INC","IT","Aktien","10.572.446,28","0,03","10.572.446,28","64.419,00","164,12","Vereinigte Staaten","New York Stock Exchange Inc.","USD"
"034020","DOOSAN ENERBILITY LTD","Industrie","Aktien","10.556.553,81","0,03","10.556.553,81","134.409,00","78,54","Korea","Korea Exchange (Stock Market)","KRW"
"CBK","COMMERZBANK AG","Financials","Aktien","10.519.562,23","0,03","10.519.562,23","245.877,00","42,78","Deutschland","Xetra","EUR"
"POW","POWER CORPORATION OF CANADA","Financials","Aktien","10.478.226,72","0,03","10.478.226,72","178.235,00","58,79","Kanada","Toronto Stock Exchange","CAD"
"KMB","KIMBERLY CLARK CORP","Nichtzyklische Konsumgüter","Aktien","10.430.306,32","0,03","10.430.306,32","107.896,00","96,67","Vereinigte Staaten","NASDAQ","USD"
"GFI","GOLD FIELDS LTD","Materialien","Aktien","10.397.205,06","0,03","10.397.205,06","234.956,00","44,25","Südafrika","Johannesburg Stock Exchange","ZAR"
"CNC","CENTENE CORP","Gesundheitsversorgung","Aktien","10.359.141,20","0,03","10.359.141,20","176.476,00","58,70","Vereinigte Staaten","New York Stock Exchange Inc.","USD"
"CASY","CASEYS GENERAL STORES INC","Nichtzyklische Konsumgüter","Aktien","10.339.346,84","0,03","10.339.346,84","11.783,00","877,48","Vereinigte Staaten","NASDAQ","USD"
"DOV","DOVER CORP","Industrie","Aktien","10.322.934,52","0,03","10.322.934,52","48.157,00","214,36","Vereinigte Staaten","New York Stock Exchange Inc.","USD"
"7267","HONDA MOTOR LTD","Zyklische Konsumgüter ","Aktien","10.313.269,47","0,03","10.313.269,47","1.235.600,00","8,35","Japan","Tokyo Stock Exchange","JPY"
"5713","SUMITOMO METAL MINING LTD","Materialien","Aktien","10.280.340,57","0,03","10.280.340,57","153.884,00","66,81","Japan","Tokyo Stock Exchange","JPY"
"GFNORTEO","GPO FINANCE BANORTE","Financials","Aktien","10.280.638,43","0,03","10.280.638,43","952.039,00","10,80","Mexiko","Bolsa Mexicana De Valores","MXN"
"EQT","EQT CORP","Energie","Aktien","10.267.568,14","0,03","10.267.568,14","181.502,00","56,57","Vereinigte Staaten","New York Stock Exchange Inc.","USD"
"EBS","ERSTE GROUP BANK AG","Financials","Aktien","10.252.970,77","0,03","10.252.970,77","90.404,00","113,41","Österreich","Wiener Boerse Ag","EUR"
"ARES","ARES MANAGEMENT CORP CLASS A","Financials","Aktien","10.253.994,87","0,03","10.253.994,87","79.779,00","128,53","Vereinigte Staaten","New York Stock Exchange Inc.","USD"
"IFC","INTACT FINANCIAL CORP","Financials","Aktien","10.240.970,51","0,03","10.240.970,51","54.603,00","187,55","Kanada","Toronto Stock Exchange","CAD"
"032830","SAMSUNG LIFE LTD","Financials","Aktien","10.232.556,42","0,03","10.232.556,42","46.231,00","221,34","Korea","Korea Exchange (Stock Market)","KRW"
"A","AGILENT TECHNOLOGIES INC","Gesundheitsversorgung","Aktien","10.213.220,50","0,03","10.213.220,50","90.175,00","113,26","Vereinigte Staaten","New York Stock Exchange Inc.","USD"
"TCL","TRANSURBAN GROUP STAPLED UNITS","Industrie","Aktien","10.178.371,74","0,03","10.178.371,74","964.578,00","10,55","Australien","Asx - All Markets","AUD"
"ROP","ROPER TECHNOLOGIES INC","IT","Aktien","10.165.815,35","0,03","10.165.815,35","31.973,00","317,95","Vereinigte Staaten","NASDAQ","USD"
"NTRS","NORTHERN TRUST CORP","Financials","Aktien","10.147.660,90","0,03","10.147.660,90","61.763,00","164,30","Vereinigte Staaten","NASDAQ","USD"
"GALD","GALDERMA GROUP N AG","Gesundheitsversorgung","Aktien","10.144.470,66","0,03","10.144.470,66","50.165,00","202,22","Schweiz","SIX Swiss Exchange","CHF"
"DELTA.R","DELTA ELECTRONICS (THAILAND) NON-V","IT","Aktien","10.108.567,45","0,03","10.108.567,45","978.700,00","10,33","Thailand","Stock Exchange Of Thailand","THB"
"IMB","IMPERIAL BRANDS PLC","Nichtzyklische Konsumgüter","Aktien","10.075.780,97","0,03","10.075.780,97","260.716,00","38,65","Vereinigtes Königreich","London Stock Exchange","GBP"
"TWLO","TWILIO INC CLASS A","IT","Aktien","10.047.757,44","0,03","10.047.757,44","50.736,00","198,04","Vereinigte Staaten","New York Stock Exchange Inc.","USD"
"KGH","KGHM POLSKA MIEDZ SA","Materialien","Aktien","9.992.706,06","0,03","9.992.706,06","98.588,00","101,36","Polen","Warsaw Stock Exchange/Equities/Main Market","PLN"
"RMD","RESMED INC","Gesundheitsversorgung","Aktien","9.987.351,80","0,03","9.987.351,80","49.330,00","202,46","Vereinigte Staaten","New York Stock Exchange Inc.","USD"
"WRT1V","WARTSILA","Industrie","Aktien","9.981.248,19","0,03","9.981.248,19","236.066,00","42,28","Finnland","Nasdaq Omx Helsinki Ltd.","EUR"
"VRSN","VERISIGN INC","IT","Aktien","9.974.654,55","0,03","9.974.654,55","34.049,00","292,95","Vereinigte Staaten","NASDAQ","USD"
"8308","RESONA HOLDINGS INC","Financials","Aktien","9.930.496,70","0,03","9.930.496,70","767.200,00","12,94","Japan","Tokyo Stock Exchange","JPY"
"TSEM","TOWER SEMICONDUCTOR LTD","IT","Aktien","9.917.977,26","0,03","9.917.977,26","35.754,00","277,39","Israel","Tel Aviv Stock Exchange","ILS"
"NTR","NUTRIEN LTD","Materialien","Aktien","9.907.263,14","0,03","9.907.263,14","139.749,00","70,89","Kanada","Toronto Stock Exchange","CAD"
"FISV","FISERV INC","Financials","Aktien","9.904.106,52","0,03","9.904.106,52","185.262,00","53,46","Vereinigte Staaten","NASDAQ","USD"
"VOD","VODAFONE GROUP PLC","Kommunikation","Aktien","9.900.657,23","0,03","9.900.657,23","6.329.526,00","1,56","Vereinigtes Königreich","London Stock Exchange","GBP"
"7182","JAPAN POST BANK LTD","Financials","Aktien","9.900.806,85","0,03","9.900.806,85","552.200,00","17,93","Japan","Tokyo Stock Exchange","JPY"
"WEC","WEC ENERGY GROUP INC","Versorger","Aktien","9.876.232,60","0,03","9.876.232,60","88.465,00","111,64","Vereinigte Staaten","New York Stock Exchange Inc.","USD"
"PST","POSTE ITALIANE","Financials","Aktien","9.797.226,66","0,03","9.797.226,66","344.054,00","28,48","Italien","Borsa Italiana","EUR"
"2628","CHINA LIFE INSURANCE LTD H","Financials","Aktien","9.770.016,85","0,03","9.770.016,85","2.561.000,00","3,81","China","Hong Kong Exchanges And Clearing Ltd","HKD"
"OTIS","OTIS WORLDWIDE CORP","Industrie","Aktien","9.709.674,00","0,03","9.709.674,00","132.900,00","73,06","Vereinigte Staaten","New York Stock Exchange Inc.","USD"
"EQT","EQT","Financials","Aktien","9.680.485,35","0,03","9.680.485,35","296.136,00","32,69","Schweden","Nasdaq Omx Nordic","SEK"
"UTHR","UNITED THERAPEUTICS CORP","Gesundheitsversorgung","Aktien","9.672.120,42","0,03","9.672.120,42","16.798,00","575,79","Vereinigte Staaten","NASDAQ","USD"
"EQNR","EQUINOR","Energie","Aktien","9.661.025,86","0,03","9.661.025,86","256.769,00","37,63","Norwegen","Oslo Bors Asa","NOK"
"CINF","CINCINNATI FINANCIAL CORP","Financials","Aktien","9.637.573,00","0,03","9.637.573,00","58.300,00","165,31","Vereinigte Staaten","NASDAQ","USD"
"8750","DAIICHI LIFE GROUP INC","Financials","Aktien","9.610.167,88","0,03","9.610.167,88","1.013.200,00","9,48","Japan","Tokyo Stock Exchange","JPY"
"ATCO B","ATLAS COPCO CLASS B","Industrie","Aktien","9.611.038,01","0,03","9.611.038,01","582.303,00","16,51","Schweden","Nasdaq Omx Nordic","SEK"
"ACGL","ARCH CAPITAL GROUP LTD","Financials","Aktien","9.593.482,08","0,03","9.593.482,08","102.648,00","93,46","Vereinigte Staaten","NASDAQ","USD"
"DTE","DTE ENERGY","Versorger","Aktien","9.564.138,00","0,03","9.564.138,00","66.510,00","143,80","Vereinigte Staaten","New York Stock Exchange Inc.","USD"
"KVUE","KENVUE INC","Nichtzyklische Konsumgüter","Aktien","9.499.520,61","0,03","9.499.520,61","552.619,00","17,19","Vereinigte Staaten","New York Stock Exchange Inc.","USD"
"055550","SHINHAN FINANCIAL GROUP LTD","Financials","Aktien","9.496.391,96","0,03","9.496.391,96","146.267,00","64,93","Korea","Korea Exchange (Stock Market)","KRW"
"ALC","ALCON AG","Gesundheitsversorgung","Aktien","9.444.494,64","0,03","9.444.494,64","149.073,00","63,35","Schweiz","SIX Swiss Exchange","CHF"
"PAYX","PAYCHEX INC","Industrie","Aktien","9.419.444,37","0,03","9.419.444,37","106.039,00","88,83","Vereinigte Staaten","NASDAQ","USD"
"IQV","IQVIA HOLDINGS INC","Gesundheitsversorgung","Aktien","9.407.540,24","0,03","9.407.540,24","55.118,00","170,68","Vereinigte Staaten","New York Stock Exchange Inc.","USD"
"ML","MICHELIN","Zyklische Konsumgüter ","Aktien","9.406.248,54","0,03","9.406.248,54","253.727,00","37,07","Frankreich","Nyse Euronext - Euronext Paris","EUR"
"MTB","M&T BANK CORP","Financials","Aktien","9.391.002,30","0,03","9.391.002,30","45.645,00","205,74","Vereinigte Staaten","New York Stock Exchange Inc.","USD"
"ALAB","ASTERA LABS INC","IT","Aktien","9.361.893,44","0,03","9.361.893,44","40.946,00","228,64","Vereinigte Staaten","NASDAQ","USD"
"FEMSAUBD","FOMENTO ECONOMICO MEXICANO","Nichtzyklische Konsumgüter","Aktien","9.349.990,85","0,03","9.349.990,85","764.872,00","12,22","Mexiko","Bolsa Mexicana De Valores","MXN"
"PPL","PPL CORP","Versorger","Aktien","9.350.172,72","0,03","9.350.172,72","261.324,00","35,78","Vereinigte Staaten","New York Stock Exchange Inc.","USD"
"CFG","CITIZENS FINANCIAL GROUP INC","Financials","Aktien","9.335.456,20","0,03","9.335.456,20","152.590,00","61,18","Vereinigte Staaten","New York Stock Exchange Inc.","USD"
"EXR","EXTRA SPACE STORAGE REIT INC","Immobilien","Aktien","9.309.605,87","0,03","9.309.605,87","65.473,00","142,19","Vereinigte Staaten","New York Stock Exchange Inc.","USD"
"HO","THALES SA","Industrie","Aktien","9.298.043,87","0,03","9.298.043,87","35.698,00","260,47","Frankreich","Nyse Euronext - Euronext Paris","EUR"
"6971","KYOCERA CORP","IT","Aktien","9.260.899,81","0,03","9.260.899,81","499.000,00","18,56","Japan","Tokyo Stock Exchange","JPY"
"CPRT","COPART INC","Industrie","Aktien","9.248.602,25","0,03","9.248.602,25","283.265,00","32,65","Vereinigte Staaten","NASDAQ","USD"
"KFH","KUWAIT FINANCE HOUSE","Financials","Aktien","9.218.767,56","0,03","9.218.767,56","3.627.538,00","2,54","Kuwait","Kuwait Stock Exchange","KWD"
"POLI","BANK HAPOALIM BM","Financials","Aktien","9.182.782,48","0,03","9.182.782,48","348.209,00","26,37","Israel","Tel Aviv Stock Exchange","ILS"
"012330","HYUNDAI MOBIS LTD","Zyklische Konsumgüter ","Aktien","9.172.239,18","0,03","9.172.239,18","21.039,00","435,96","Korea","Korea Exchange (Stock Market)","KRW"
"8309","SUMITOMO MITSUI TRUST GROUP INC","Financials","Aktien","9.119.810,30","0,03","9.119.810,30","255.900,00","35,64","Japan","Tokyo Stock Exchange","JPY"
"NI","NISOURCE INC","Versorger","Aktien","9.120.004,08","0,03","9.120.004,08","192.324,00","47,42","Vereinigte Staaten","New York Stock Exchange Inc.","USD"
"2360","CHROMA ATE INC","IT","Aktien","9.107.409,17","0,03","9.107.409,17","127.000,00","71,71","Taiwan","Taiwan Stock Exchange","TWD"
"8630","SOMPO HOLDINGS INC","Financials","Aktien","9.079.776,15","0,03","9.079.776,15","239.400,00","37,93","Japan","Tokyo Stock Exchange","JPY"
"HEI","HEIDELBERG MATERIALS AG","Materialien","Aktien","9.076.116,63","0,03","9.076.116,63","42.649,00","212,81","Deutschland","Xetra","EUR"
"WOW","WOOLWORTHS GROUP LTD","Nichtzyklische Konsumgüter","Aktien","9.072.013,81","0,03","9.072.013,81","385.743,00","23,52","Australien","Asx - All Markets","AUD"
"MT","ARCELORMITTAL SA","Materialien","Aktien","9.048.653,68","0,03","9.048.653,68","140.857,00","64,24","Frankreich","Euronext Amsterdam","EUR"
"AXON","AXON ENTERPRISE INC","Industrie","Aktien","9.045.603,38","0,03","9.045.603,38","23.302,00","388,19","Vereinigte Staaten","NASDAQ","USD"
"CPAY","CORPAY INC","Financials","Aktien","9.042.629,07","0,03","9.042.629,07","27.471,00","329,17","Vereinigte Staaten","New York Stock Exchange Inc.","USD"
"Z74","SINGAPORE TELECOMMUNICATIONS LTD","Kommunikation","Aktien","9.028.593,73","0,03","9.028.593,73","2.363.100,00","3,82","Singapur","Singapore Exchange","SGD"
"VWS","VESTAS WIND SYSTEMS","Industrie","Aktien","9.019.185,44","0,03","9.019.185,44","302.275,00","29,84","Dänemark","Omx Nordic Exchange Copenhagen A/S","DKK"
"FER","FERROVIAL NV","Industrie","Aktien","9.014.864,14","0,03","9.014.864,14","131.262,00","68,68","Spanien","Bolsa De Madrid","EUR"
"012450","HANWHA AEROSPACE LTD","Industrie","Aktien","9.017.045,51","0,03","9.017.045,51","10.294,00","875,95","Korea","Korea Exchange (Stock Market)","KRW"
"SWED A","SWEDBANK","Financials","Aktien","8.988.831,32","0,03","8.988.831,32","262.678,00","34,22","Schweden","Nasdaq Omx Nordic","SEK"
"2382","QUANTA COMPUTER INC","IT","Aktien","8.936.982,39","0,03","8.936.982,39","842.000,00","10,61","Taiwan","Taiwan Stock Exchange","TWD"
"REP","REPSOL SA","Energie","Aktien","8.925.251,34","0,03","8.925.251,34","342.207,00","26,08","Spanien","Bolsa De Madrid","EUR"
"CRDO","CREDO TECHNOLOGY GROUP HOLDING LTD","IT","Aktien","8.916.050,10","0,03","8.916.050,10","48.315,00","184,54","Vereinigte Staaten","NASDAQ","USD"
"PPL","PEMBINA PIPELINE CORP","Energie","Aktien","8.905.022,02","0,03","8.905.022,02","183.259,00","48,59","Kanada","Toronto Stock Exchange","CAD"
"034730","SK INC","Industrie","Aktien","8.880.535,23","0,03","8.880.535,23","24.474,00","362,86","Korea","Korea Exchange (Stock Market)","KRW"
"NRG","NRG ENERGY INC","Versorger","Aktien","8.876.161,92","0,03","8.876.161,92","65.886,00","134,72","Vereinigte Staaten","New York Stock Exchange Inc.","USD"
"HSY","HERSHEY FOODS","Nichtzyklische Konsumgüter","Aktien","8.841.125,28","0,03","8.841.125,28","46.454,00","190,32","Vereinigte Staaten","New York Stock Exchange Inc.","USD"
"CNP","CENTERPOINT ENERGY INC","Versorger","Aktien","8.842.832,34","0,03","8.842.832,34","207.871,00","42,54","Vereinigte Staaten","New York Stock Exchange Inc.","USD"
"1","CK HUTCHISON HOLDINGS LTD","Industrie","Aktien","8.834.030,05","0,03","8.834.030,05","944.596,00","9,35","Hongkong","Hong Kong Exchanges And Clearing Ltd","HKD"
"CW","CURTISS WRIGHT CORP","Industrie","Aktien","8.805.100,68","0,03","8.805.100,68","11.727,00","750,84","Vereinigte Staaten","New York Stock Exchange Inc.","USD"
"TPR","TAPESTRY INC","Zyklische Konsumgüter ","Aktien","8.780.520,32","0,03","8.780.520,32","67.418,00","130,24","Vereinigte Staaten","New York Stock Exchange Inc.","USD"
"SYF","SYNCHRONY FINANCIAL","Financials","Aktien","8.776.167,82","0,03","8.776.167,82","123.157,00","71,26","Vereinigte Staaten","New York Stock Exchange Inc.","USD"
"GIVN","GIVAUDAN SA","Materialien","Aktien","8.733.755,19","0,03","8.733.755,19","2.549,00","3.426,35","Schweiz","SIX Swiss Exchange","CHF"
"EXPE","EXPEDIA GROUP INC","Zyklische Konsumgüter ","Aktien","8.697.441,33","0,03","8.697.441,33","40.049,00","217,17","Vereinigte Staaten","NASDAQ","USD"
"FTS","FORTIS INC","Versorger","Aktien","8.689.167,50","0,03","8.689.167,50","154.123,00","56,38","Kanada","Toronto Stock Exchange","CAD"
"033780","KT&G CORP","Nichtzyklische Konsumgüter","Aktien","8.680.474,19","0,03","8.680.474,19","68.477,00","126,76","Korea","Korea Exchange (Stock Market)","KRW"
"ADS","ADIDAS N AG","Zyklische Konsumgüter ","Aktien","8.663.823,61","0,03","8.663.823,61","50.529,00","171,46","Deutschland","Xetra","EUR"
"FSLR","FIRST SOLAR INC","IT","Aktien","8.640.120,86","0,03","8.640.120,86","37.303,00","231,62","Vereinigte Staaten","NASDAQ","USD"
"UMG","UNIVERSAL MUSIC GROUP NV","Kommunikation","Aktien","8.631.178,90","0,03","8.631.178,90","368.932,00","23,40","Niederlande","Euronext Amsterdam","EUR"
"ADVANC.R","ADVANCED INFO SERVICE NON-VOTING D","Kommunikation","Aktien","8.599.746,42","0,03","8.599.746,42","766.100,00","11,23","Thailand","Stock Exchange Of Thailand","THB"
"BAP","CREDICORP LTD","Financials","Aktien","8.546.155,20","0,03","8.546.155,20","26.080,00","327,69","Peru","New York Stock Exchange Inc.","USD"
"AER","AERCAP HOLDINGS NV","Industrie","Aktien","8.544.942,22","0,03","8.544.942,22","60.146,00","142,07","Niederlande","New York Stock Exchange Inc.","USD"
"EIX","EDISON INTERNATIONAL","Versorger","Aktien","8.524.733,25","0,03","8.524.733,25","120.525,00","70,73","Vereinigte Staaten","New York Stock Exchange Inc.","USD"
"WDAY","WORKDAY INC CLASS A","IT","Aktien","8.524.825,00","0,03","8.524.825,00","71.788,00","118,75","Vereinigte Staaten","NASDAQ","USD"
"2899","ZIJIN MINING GROUP LTD H","Materialien","Aktien","8.515.683,57","0,03","8.515.683,57","1.792.000,00","4,75","China","Hong Kong Exchanges And Clearing Ltd","HKD"
"FTAI","FTAI AVIATION LTD","Industrie","Aktien","8.494.336,85","0,03","8.494.336,85","32.803,00","258,95","Vereinigte Staaten","NASDAQ","USD"
"2881","FUBON FINANCIAL HOLDING LTD","Financials","Aktien","8.469.304,01","0,03","8.469.304,01","2.821.460,00","3,00","Taiwan","Taiwan Stock Exchange","TWD"
"LH","LABCORP HOLDINGS INC","Gesundheitsversorgung","Aktien","8.466.994,64","0,03","8.466.994,64","33.332,00","254,02","Vereinigte Staaten","New York Stock Exchange Inc.","USD"
"CRWV","COREWEAVE INC CLASS A","IT","Aktien","8.454.194,30","0,03","8.454.194,30","74.020,00","114,22","Vereinigte Staaten","NASDAQ","USD"
"FSR","FIRSTRAND LTD","Financials","Aktien","8.417.519,33","0,03","8.417.519,33","1.548.532,00","5,44","Südafrika","Johannesburg Stock Exchange","ZAR"
"ACA","CREDIT AGRICOLE SA","Financials","Aktien","8.402.339,22","0,03","8.402.339,22","418.974,00","20,05","Frankreich","Nyse Euronext - Euronext Paris","EUR"
"P","EVERPURE INC CLASS A","IT","Aktien","8.363.323,80","0,03","8.363.323,80","99.801,00","83,80","Vereinigte Staaten","New York Stock Exchange Inc.","USD"
"FMG","FORTESCUE LTD","Materialien","Aktien","8.356.962,05","0,03","8.356.962,05","502.946,00","16,62","Australien","Asx - All Markets","AUD"
"ADYEN","ADYEN NV","Financials","Aktien","8.337.419,94","0,03","8.337.419,94","7.949,00","1.048,87","Niederlande","Euronext Amsterdam","EUR"
"VIE","VEOLIA ENVIRON. SA","Versorger","Aktien","8.333.279,40","0,03","8.333.279,40","205.847,00","40,48","Frankreich","Nyse Euronext - Euronext Paris","EUR"
"4901","FUJIFILM HOLDINGS CORP","IT","Aktien","8.322.792,37","0,03","8.322.792,37","408.000,00","20,40","Japan","Tokyo Stock Exchange","JPY"
"LYV","LIVE NATION ENTERTAINMENT INC","Kommunikation","Aktien","8.305.541,41","0,03","8.305.541,41","48.859,00","169,99","Vereinigte Staaten","New York Stock Exchange Inc.","USD"
"4568","DAIICHI SANKYO LTD","Gesundheitsversorgung","Aktien","8.302.172,06","0,03","8.302.172,06","508.500,00","16,33","Japan","Tokyo Stock Exchange","JPY"
"SIKA","SIKA AG","Materialien","Aktien","8.285.458,78","0,03","8.285.458,78","46.030,00","180,00","Schweiz","SIX Swiss Exchange","CHF"
"5108","BRIDGESTONE CORP","Zyklische Konsumgüter ","Aktien","8.274.001,71","0,03","8.274.001,71","382.600,00","21,63","Japan","Tokyo Stock Exchange","JPY"
"CEMEXCPO","CEMEX CPO","Materialien","Aktien","8.276.424,63","0,03","8.276.424,63","6.286.759,00","1,32","Mexiko","Bolsa Mexicana De Valores","MXN"
"AMRZ","AMRIZE AG","Materialien","Aktien","8.273.136,41","0,03","8.273.136,41","162.569,00","50,89","Vereinigte Staaten","New York Stock Exchange Inc.","USD"
"BIIB","BIOGEN INC","Gesundheitsversorgung","Aktien","8.251.108,92","0,03","8.251.108,92","43.116,00","191,37","Vereinigte Staaten","NASDAQ","USD"
"KEY","KEYCORP","Financials","Aktien","8.238.591,00","0,03","8.238.591,00","390.825,00","21,08","Vereinigte Staaten","New York Stock Exchange Inc.","USD"
"PHM","PULTEGROUP INC","Zyklische Konsumgüter ","Aktien","8.229.840,38","0,03","8.229.840,38","72.274,00","113,87","Vereinigte Staaten","New York Stock Exchange Inc.","USD"
"ZM","ZOOM COMMUNICATIONS INC CLASS A","IT","Aktien","8.198.668,72","0,03","8.198.668,72","83.464,00","98,23","Vereinigte Staaten","NASDAQ","USD"
"IR","INGERSOLL RAND INC","Industrie","Aktien","8.190.568,26","0,03","8.190.568,26","114.043,00","71,82","Vereinigte Staaten","New York Stock Exchange Inc.","USD"
"EXPD","EXPEDITORS INTERNATIONAL OF WASHIN","Industrie","Aktien","8.190.946,03","0,03","8.190.946,03","53.323,00","153,61","Vereinigte Staaten","New York Stock Exchange Inc.","USD"
"NBK","NATIONAL BANK OF KUWAIT","Financials","Aktien","8.177.967,71","0,02","8.177.967,71","3.003.456,00","2,72","Kuwait","Kuwait Stock Exchange","KWD"
"QBE","QBE INSURANCE GROUP LTD","Financials","Aktien","8.166.160,89","0,02","8.166.160,89","499.502,00","16,35","Australien","Asx - All Markets","AUD"
"ABN","ABN AMRO BANK NV","Financials","Aktien","8.167.523,71","0,02","8.167.523,71","212.610,00","38,42","Niederlande","Euronext Amsterdam","EUR"
"IMO","IMPERIAL OIL LTD","Energie","Aktien","8.130.274,43","0,02","8.130.274,43","61.465,00","132,27","Kanada","Toronto Stock Exchange","CAD"
"8015","TOYOTA TSUSHO CORP","Industrie","Aktien","8.127.528,53","0,02","8.127.528,53","174.400,00","46,60","Japan","Tokyo Stock Exchange","JPY"
"AV.","AVIVA PLC","Financials","Aktien","8.124.606,83","0,02","8.124.606,83","959.418,00","8,47","Vereinigtes Königreich","London Stock Exchange","GBP"
"288","WH GROUP LTD","Nichtzyklische Konsumgüter","Aktien","8.117.523,36","0,02","8.117.523,36","6.771.000,00","1,20","Hongkong","Hong Kong Exchanges And Clearing Ltd","HKD"
"MKL","MARKEL GROUP INC","Financials","Aktien","8.118.751,98","0,02","8.118.751,98","4.398,00","1.846,01","Vereinigte Staaten","New York Stock Exchange Inc.","USD"
"GEHC","GE HEALTHCARE TECHNOLOGIES INC","Gesundheitsversorgung","Aktien","8.112.506,16","0,02","8.112.506,16","129.448,00","62,67","Vereinigte Staaten","NASDAQ","USD"
"DOW","DOW INC","Materialien","Aktien","8.102.731,98","0,02","8.102.731,98","208.941,00","38,78","Vereinigte Staaten","New York Stock Exchange Inc.","USD"
"2412","CHUNGHWA TELECOM LTD","Kommunikation","Aktien","8.089.005,24","0,02","8.089.005,24","1.854.000,00","4,36","Taiwan","Taiwan Stock Exchange","TWD"
"BBCA","BANK CENTRAL ASIA","Financials","Aktien","8.086.857,14","0,02","8.086.857,14","23.153.600,00","0,35","Indonesien","Indonesia Stock Exchange","IDR"
"12","HENDERSON LAND DEVELOPMENT LTD","Immobilien","Aktien","8.083.749,55","0,02","8.083.749,55","1.847.000,00","4,38","Hongkong","Hong Kong Exchanges And Clearing Ltd","HKD"
"VICI","VICI PPTYS INC","Immobilien","Aktien","8.069.698,72","0,02","8.069.698,72","289.444,00","27,88","Vereinigte Staaten","New York Stock Exchange Inc.","USD"
"BMW","BMW AG","Zyklische Konsumgüter ","Aktien","8.055.115,46","0,02","8.055.115,46","90.292,00","89,21","Deutschland","Xetra","EUR"
"FICO","FAIR ISAAC CORP","IT","Aktien","8.047.897,89","0,02","8.047.897,89","7.473,00","1.076,93","Vereinigte Staaten","New York Stock Exchange Inc.","USD"
"PAAS","PAN AMERICAN SILVER CORP","Materialien","Aktien","8.041.235,73","0,02","8.041.235,73","131.566,00","61,12","Kanada","Toronto Stock Exchange","CAD"
"006400","SAMSUNG SDI LTD","IT","Aktien","8.037.074,35","0,02","8.037.074,35","18.841,00","426,57","Korea","Korea Exchange (Stock Market)","KRW"
"PFG","PRINCIPAL FINANCIAL GROUP INC","Financials","Aktien","8.030.159,76","0,02","8.030.159,76","79.688,00","100,77","Vereinigte Staaten","NASDAQ","USD"
"QNBK","QATAR NATIONAL BANK","Financials","Aktien","8.027.891,37","0,02","8.027.891,37","1.685.672,00","4,76","Qatar","Qatar Exchange","QAR"
"XYL","XYLEM INC","Industrie","Aktien","8.024.469,12","0,02","8.024.469,12","73.323,00","109,44","Vereinigte Staaten","New York Stock Exchange Inc.","USD"
"8830","SUMITOMO REALTY & DEVELOPMENT LTD","Immobilien","Aktien","8.009.362,29","0,02","8.009.362,29","286.700,00","27,94","Japan","Tokyo Stock Exchange","JPY"
"WST","WEST PHARMACEUTICAL SERVICES INC","Gesundheitsversorgung","Aktien","8.001.264,26","0,02","8.001.264,26","26.654,00","300,19","Vereinigte Staaten","New York Stock Exchange Inc.","USD"
"AVB","AVALONBAY COMMUNITIES REIT INC","Immobilien","Aktien","7.972.794,06","0,02","7.972.794,06","43.439,00","183,54","Vereinigte Staaten","New York Stock Exchange Inc.","USD"
"BZFUT","CASH COLLATERAL USD BZFUT","Cash und/oder Derivate","Cash Collateral and Margins","7.971.710,00","0,02","7.971.710,00","7.971.710,00","100,00","Vereinigte Staaten","-","USD"
"3382","SEVEN & I HOLDINGS LTD","Nichtzyklische Konsumgüter","Aktien","7.958.045,15","0,02","7.958.045,15","680.100,00","11,70","Japan","Tokyo Stock Exchange","JPY"
"028260","SAMSUNG C&T CORP","Industrie","Aktien","7.937.293,67","0,02","7.937.293,67","26.774,00","296,46","Korea","Korea Exchange (Stock Market)","KRW"
"DRI","DARDEN RESTAURANTS INC","Zyklische Konsumgüter ","Aktien","7.932.108,99","0,02","7.932.108,99","40.759,00","194,61","Vereinigte Staaten","New York Stock Exchange Inc.","USD"
"005490","POSCO","Materialien","Aktien","7.933.054,76","0,02","7.933.054,76","24.312,00","326,30","Korea","Korea Exchange (Stock Market)","KRW"
"RBLX","ROBLOX CORP CLASS A","Kommunikation","Aktien","7.921.583,08","0,02","7.921.583,08","181.189,00","43,72","Vereinigte Staaten","New York Stock Exchange Inc.","USD"
"HUBB","HUBBELL INC","Industrie","Aktien","7.913.486,51","0,02","7.913.486,51","16.417,00","482,03","Vereinigte Staaten","New York Stock Exchange Inc.","USD"
"DTG","DAIMLER TRUCK HOLDING E AG","Industrie","Aktien","7.877.441,42","0,02","7.877.441,42","165.547,00","47,58","Deutschland","Xetra","EUR"
"AMXB","AMERICA MOVIL B","Kommunikation","Aktien","7.869.496,71","0,02","7.869.496,71","5.791.095,00","1,36","Mexiko","Bolsa Mexicana De Valores","MXN"
"AMS","AMADEUS IT GROUP SA","Zyklische Konsumgüter ","Aktien","7.866.540,04","0,02","7.866.540,04","131.390,00","59,87","Spanien","Bolsa De Madrid","EUR"
"6","POWER ASSETS HOLDINGS LTD","Versorger","Aktien","7.799.416,53","0,02","7.799.416,53","935.500,00","8,34","Hongkong","Hong Kong Exchanges And Clearing Ltd","HKD"
"16","SUN HUNG KAI PROPERTIES LTD","Immobilien","Aktien","7.786.361,86","0,02","7.786.361,86","425.582,00","18,30","Hongkong","Hong Kong Exchanges And Clearing Ltd","HKD"
"EQR","EQUITY RESIDENTIAL REIT","Immobilien","Aktien","7.773.466,10","0,02","7.773.466,10","119.555,00","65,02","Vereinigte Staaten","New York Stock Exchange Inc.","USD"
"BAM","BROOKFIELD ASSET MANAGEMENT VOTING","Financials","Aktien","7.761.994,54","0,02","7.761.994,54","157.076,00","49,42","Kanada","Toronto Stock Exchange","CAD"
"HBAN","HUNTINGTON BANCSHARES INC","Financials","Aktien","7.762.646,43","0,02","7.762.646,43","500.493,00","15,51","Vereinigte Staaten","NASDAQ","USD"
"SBK","STANDARD BANK GROUP","Financials","Aktien","7.719.654,44","0,02","7.719.654,44","412.392,00","18,72","Südafrika","Johannesburg Stock Exchange","ZAR"
"3968","CHINA MERCHANTS BANK LTD H","Financials","Aktien","7.701.769,57","0,02","7.701.769,57","1.270.500,00","6,06","China","Hong Kong Exchanges And Clearing Ltd","HKD"
"086790","HANA FINANCIAL GROUP INC","Financials","Aktien","7.693.171,80","0,02","7.693.171,80","90.673,00","84,85","Korea","Korea Exchange (Stock Market)","KRW"
"4503","ASTELLAS PHARMA INC","Gesundheitsversorgung","Aktien","7.693.308,36","0,02","7.693.308,36","513.900,00","14,97","Japan","Tokyo Stock Exchange","JPY"
"CIMB","CIMB GROUP HOLDINGS","Financials","Aktien","7.662.923,64","0,02","7.662.923,64","3.813.517,00","2,01","Malaysia","Bursa Malaysia","MYR"
"INSM","INSMED INC","Gesundheitsversorgung","Aktien","7.656.818,88","0,02","7.656.818,88","66.224,00","115,62","Vereinigte Staaten","NASDAQ","USD"
"8604","NOMURA HOLDINGS INC","Financials","Aktien","7.654.231,88","0,02","7.654.231,88","956.900,00","8,00","Japan","Tokyo Stock Exchange","JPY"
"III","3I GROUP PLC","Financials","Aktien","7.654.542,66","0,02","7.654.542,66","268.776,00","28,48","Vereinigtes Königreich","London Stock Exchange","GBP"
"SEB A","SKANDINAVISKA ENSKILDA BANKEN","Financials","Aktien","7.649.368,03","0,02","7.649.368,03","401.936,00","19,03","Schweden","Nasdaq Omx Nordic","SEK"
"FFIV","F5 INC","IT","Aktien","7.640.348,04","0,02","7.640.348,04","20.956,00","364,59","Vereinigte Staaten","NASDAQ","USD"
"HPQ","HP INC","IT","Aktien","7.629.091,01","0,02","7.629.091,01","367.313,00","20,77","Vereinigte Staaten","New York Stock Exchange Inc.","USD"
"IHG","INTERCONTINENTAL HOTELS GROUP PLC","Zyklische Konsumgüter ","Aktien","7.601.124,05","0,02","7.601.124,05","50.189,00","151,45","Vereinigtes Königreich","London Stock Exchange","USD"
"CMS","CMS ENERGY CORP","Versorger","Aktien","7.578.014,40","0,02","7.578.014,40","103.440,00","73,26","Vereinigte Staaten","New York Stock Exchange Inc.","USD"
"STZ","CONSTELLATION BRANDS INC CLASS A","Nichtzyklische Konsumgüter","Aktien","7.571.989,11","0,02","7.571.989,11","53.851,00","140,61","Vereinigte Staaten","New York Stock Exchange Inc.","USD"
"2388","BOC HONG KONG HOLDINGS LTD","Financials","Aktien","7.550.176,19","0,02","7.550.176,19","1.280.000,00","5,90","Hongkong","Hong Kong Exchanges And Clearing Ltd","HKD"
"4062","IBIDEN LTD","IT","Aktien","7.539.207,69","0,02","7.539.207,69","70.300,00","107,24","Japan","Tokyo Stock Exchange","JPY"
"3017","ASIA VITAL COMPONENTS LTD","IT","Aktien","7.539.742,98","0,02","7.539.742,98","93.000,00","81,07","Taiwan","Taiwan Stock Exchange","TWD"
"PGHN","PARTNERS GROUP HOLDING AG","Financials","Aktien","7.540.023,24","0,02","7.540.023,24","6.682,00","1.128,41","Schweiz","SIX Swiss Exchange","CHF"
"CCL","CARNIVAL CORP","Zyklische Konsumgüter ","Aktien","7.535.656,80","0,02","7.535.656,80","299.034,00","25,20","Vereinigte Staaten","New York Stock Exchange Inc.","USD"
"SLHN","SWISS LIFE HOLDING AG","Financials","Aktien","7.500.480,43","0,02","7.500.480,43","7.012,00","1.069,66","Schweiz","SIX Swiss Exchange","CHF"
"ULTA","ULTA BEAUTY INC","Zyklische Konsumgüter ","Aktien","7.485.660,44","0,02","7.485.660,44","15.023,00","498,28","Vereinigte Staaten","NASDAQ","USD"
"NTAP","NETAPP INC","IT","Aktien","7.482.072,91","0,02","7.482.072,91","62.387,00","119,93","Vereinigte Staaten","NASDAQ","USD"
"NST","NORTHERN STAR RESOURCES LTD","Materialien","Aktien","7.465.940,73","0,02","7.465.940,73","488.874,00","15,27","Australien","Asx - All Markets","AUD"
"TPL","TEXAS PACIFIC LAND CORP","Energie","Aktien","7.452.595,50","0,02","7.452.595,50","19.183,00","388,50","Vereinigte Staaten","New York Stock Exchange Inc.","USD"
"ATO","ATMOS ENERGY CORP","Versorger","Aktien","7.440.087,45","0,02","7.440.087,45","41.135,00","180,87","Vereinigte Staaten","New York Stock Exchange Inc.","USD"
"PPG","PPG INDUSTRIES INC","Materialien","Aktien","7.440.774,08","0,02","7.440.774,08","70.249,00","105,92","Vereinigte Staaten","New York Stock Exchange Inc.","USD"
"1812","KAJIMA CORP","Industrie","Aktien","7.425.417,18","0,02","7.425.417,18","189.800,00","39,12","Japan","Tokyo Stock Exchange","JPY"
"1802","OBAYASHI CORP","Industrie","Aktien","7.413.203,07","0,02","7.413.203,07","329.500,00","22,50","Japan","Tokyo Stock Exchange","JPY"
"AEE","AMEREN CORP","Versorger","Aktien","7.393.725,60","0,02","7.393.725,60","67.461,00","109,60","Vereinigte Staaten","New York Stock Exchange Inc.","USD"
"8801","MITSUI FUDOSAN LTD","Immobilien","Aktien","7.382.748,74","0,02","7.382.748,74","764.100,00","9,66","Japan","Tokyo Stock Exchange","JPY"
"JBHT","JB HUNT TRANSPORT SERVICES INC","Industrie","Aktien","7.376.736,22","0,02","7.376.736,22","28.967,00","254,66","Vereinigte Staaten","NASDAQ","USD"
"MDB","MONGODB INC CLASS A","IT","Aktien","7.369.633,35","0,02","7.369.633,35","24.315,00","303,09","Vereinigte Staaten","NASDAQ","USD"
"2328","PICC PROPERTY AND CASUALTY LTD H","Financials","Aktien","7.356.893,16","0,02","7.356.893,16","3.749.000,00","1,96","China","Hong Kong Exchanges And Clearing Ltd","HKD"
"HLMA","HALMA PLC","IT","Aktien","7.349.326,77","0,02","7.349.326,77","116.110,00","63,30","Vereinigtes Königreich","London Stock Exchange","GBP"
"BESI","BE SEMICONDUCTOR INDUSTRIES NV","IT","Aktien","7.349.351,62","0,02","7.349.351,62","23.593,00","311,51","Niederlande","Euronext Amsterdam","EUR"
"SBAC","SBA COMMUNICATIONS REIT CORP CLASS","Immobilien","Aktien","7.327.464,57","0,02","7.327.464,57","36.417,00","201,21","Vereinigte Staaten","NASDAQ","USD"
"MTD","METTLER TOLEDO INC","Gesundheitsversorgung","Aktien","7.321.501,57","0,02","7.321.501,57","7.027,00","1.041,91","Vereinigte Staaten","New York Stock Exchange Inc.","USD"
"TDY","TELEDYNE TECHNOLOGIES INC","IT","Aktien","7.304.487,84","0,02","7.304.487,84","11.439,00","638,56","Vereinigte Staaten","New York Stock Exchange Inc.","USD"
"CTSH","COGNIZANT TECHNOLOGY SOLUTIONS COR","IT","Aktien","7.299.339,45","0,02","7.299.339,45","158.509,00","46,05","Vereinigte Staaten","NASDAQ","USD"
"NXT","NEXT PLC","Zyklische Konsumgüter ","Aktien","7.293.152,37","0,02","7.293.152,37","42.823,00","170,31","Vereinigtes Königreich","London Stock Exchange","GBP"
"LDO","LEONARDO FINMECCANICA SPA","Industrie","Aktien","7.277.840,08","0,02","7.277.840,08","124.983,00","58,23","Italien","Borsa Italiana","EUR"
"NSIS B","NOVOZYMES B","Materialien","Aktien","7.278.190,17","0,02","7.278.190,17","123.124,00","59,11","Dänemark","Omx Nordic Exchange Copenhagen A/S","DKK"
"DXCM","DEXCOM INC","Gesundheitsversorgung","Aktien","7.271.096,28","0,02","7.271.096,28","125.754,00","57,82","Vereinigte Staaten","NASDAQ","USD"
"1088","CHINA SHENHUA ENERGY LTD H","Energie","Aktien","7.252.308,36","0,02","7.252.308,36","1.280.500,00","5,66","China","Hong Kong Exchanges And Clearing Ltd","HKD"
"RF","REGIONS FINANCIAL CORP","Financials","Aktien","7.246.746,80","0,02","7.246.746,80","270.401,00","26,80","Vereinigte Staaten","New York Stock Exchange Inc.","USD"
"ALL","ARISTOCRAT LEISURE LTD","Zyklische Konsumgüter ","Aktien","7.241.859,62","0,02","7.241.859,62","194.977,00","37,14","Australien","Asx - All Markets","AUD"
"H","HYDRO ONE LTD","Versorger","Aktien","7.218.200,64","0,02","7.218.200,64","169.389,00","42,61","Kanada","Toronto Stock Exchange","CAD"
"VACN","VAT GROUP AG","Industrie","Aktien","7.204.587,19","0,02","7.204.587,19","9.520,00","756,78","Schweiz","SIX Swiss Exchange","CHF"
"EVRG","EVERGY INC","Versorger","Aktien","7.194.779,91","0,02","7.194.779,91","86.967,00","82,73","Vereinigte Staaten","NASDAQ","USD"
"FIS","FIDELITY NATIONAL INFORMATION SERV","Financials","Aktien","7.187.306,24","0,02","7.187.306,24","171.904,00","41,81","Vereinigte Staaten","New York Stock Exchange Inc.","USD"
"LPLA","LPL FINANCIAL HOLDINGS INC","Financials","Aktien","7.169.863,03","0,02","7.169.863,03","24.043,00","298,21","Vereinigte Staaten","NASDAQ","USD"
"WRB","WR BERKLEY CORP","Financials","Aktien","7.122.788,16","0,02","7.122.788,16","107.872,00","66,03","Vereinigte Staaten","New York Stock Exchange Inc.","USD"
"VEEV","VEEVA SYSTEMS INC CLASS A","Gesundheitsversorgung","Aktien","7.114.687,50","0,02","7.114.687,50","45.534,00","156,25","Vereinigte Staaten","New York Stock Exchange Inc.","USD"
"LGEN","LEGAL AND GENERAL GROUP PLC","Financials","Aktien","7.108.161,51","0,02","7.108.161,51","1.998.240,00","3,56","Vereinigtes Königreich","London Stock Exchange","GBP"
"ANTO","ANTOFAGASTA PLC","Materialien","Aktien","7.088.380,91","0,02","7.088.380,91","123.194,00","57,54","Vereinigtes Königreich","London Stock Exchange","GBP"
"8802","MITSUBISHI ESTATE CO LTD","Immobilien","Aktien","7.075.026,08","0,02","7.075.026,08","259.000,00","27,32","Japan","Tokyo Stock Exchange","JPY"
"TSN","TYSON FOODS INC CLASS A","Nichtzyklische Konsumgüter","Aktien","7.071.626,10","0,02","7.071.626,10","106.085,00","66,66","Vereinigte Staaten","New York Stock Exchange Inc.","USD"
"WTW","WILLIS TOWERS WATSON PLC","Financials","Aktien","7.046.100,92","0,02","7.046.100,92","28.453,00","247,64","Vereinigte Staaten","NASDAQ","USD"
"RYA","RYANAIR HOLDINGS PLC","Industrie","Aktien","7.047.911,70","0,02","7.047.911,70","268.663,00","26,23","Irland","Irish Stock Exchange - All Market","EUR"
"DG","DOLLAR GENERAL CORP","Nichtzyklische Konsumgüter","Aktien","7.026.584,40","0,02","7.026.584,40","66.888,00","105,05","Vereinigte Staaten","New York Stock Exchange Inc.","USD"
"FE","FIRSTENERGY CORP","Versorger","Aktien","7.014.045,50","0,02","7.014.045,50","157.619,00","44,50","Vereinigte Staaten","New York Stock Exchange Inc.","USD"
"ILMN","ILLUMINA INC","Gesundheitsversorgung","Aktien","7.010.165,60","0,02","7.010.165,60","48.940,00","143,24","Vereinigte Staaten","NASDAQ","USD"
"VAL","VALTERRA PLATINUM LTD","Materialien","Aktien","7.008.944,02","0,02","7.008.944,02","78.738,00","89,02","Südafrika","Johannesburg Stock Exchange","ZAR"
"QSR","RESTAURANTS BRANDS INTERNATIONAL I","Zyklische Konsumgüter ","Aktien","6.996.491,17","0,02","6.996.491,17","91.578,00","76,40","Kanada","Toronto Stock Exchange","CAD"
"TROW","T ROWE PRICE GROUP INC","Financials","Aktien","6.991.633,11","0,02","6.991.633,11","68.271,00","102,41","Vereinigte Staaten","NASDAQ","USD"
"4452","KAO CORP","Nichtzyklische Konsumgüter","Aktien","6.986.863,32","0,02","6.986.863,32","187.500,00","37,26","Japan","Tokyo Stock Exchange","JPY"
"009540","HD KOREA SHIPBUILDING & OFFSHORE E","Industrie","Aktien","6.983.802,28","0,02","6.983.802,28","23.800,00","293,44","Korea","Korea Exchange (Stock Market)","KRW"
"NTRA","NATERA INC","Gesundheitsversorgung","Aktien","6.936.548,57","0,02","6.936.548,57","35.227,00","196,91","Vereinigte Staaten","NASDAQ","USD"
"1303","NAN YA PLASTICS CORP","Materialien","Aktien","6.917.162,81","0,02","6.917.162,81","2.555.620,00","2,71","Taiwan","Taiwan Stock Exchange","TWD"
"RVMD","REVOLUTION MEDICINES INC","Gesundheitsversorgung","Aktien","6.899.236,26","0,02","6.899.236,26","46.158,00","149,47","Vereinigte Staaten","NASDAQ","USD"
"BAER","JULIUS BAER GRUPPE AG","Financials","Aktien","6.888.571,99","0,02","6.888.571,99","79.395,00","86,76","Schweiz","SIX Swiss Exchange","CHF"
"CPI","CAPITEC LTD","Financials","Aktien","6.883.646,15","0,02","6.883.646,15","26.150,00","263,24","Südafrika","Johannesburg Stock Exchange","ZAR"
"000810","SAMSUNG FIRE & MARINE INSURANCE LT","Financials","Aktien","6.849.897,05","0,02","6.849.897,05","18.983,00","360,84","Korea","Korea Exchange (Stock Market)","KRW"
"7751","CANON INC","IT","Aktien","6.833.766,48","0,02","6.833.766,48","256.400,00","26,65","Japan","Tokyo Stock Exchange","JPY"
"CCH","COCA COLA HBC AG","Nichtzyklische Konsumgüter","Aktien","6.808.431,33","0,02","6.808.431,33","121.023,00","56,26","Vereinigtes Königreich","London Stock Exchange","GBP"
"HBAN","HELVETIA BALOISE HOLDING N AG","Financials","Aktien","6.798.096,16","0,02","6.798.096,16","25.086,00","270,99","Schweiz","SIX Swiss Exchange","CHF"
"068270","CELLTRION INC","Gesundheitsversorgung","Aktien","6.786.985,88","0,02","6.786.985,88","51.866,00","130,86","Korea","Korea Exchange (Stock Market)","KRW"
"9532","OSAKA GAS LTD","Versorger","Aktien","6.782.418,67","0,02","6.782.418,67","186.800,00","36,31","Japan","Tokyo Stock Exchange","JPY"
"INCY","INCYTE CORP","Gesundheitsversorgung","Aktien","6.728.757,23","0,02","6.728.757,23","68.921,00","97,63","Vereinigte Staaten","NASDAQ","USD"
"BXB","BRAMBLES LTD","Industrie","Aktien","6.724.831,87","0,02","6.724.831,87","426.421,00","15,77","Australien","Asx - All Markets","AUD"
"WSM","WILLIAMS SONOMA INC","Zyklische Konsumgüter ","Aktien","6.716.782,00","0,02","6.716.782,00","38.680,00","173,65","Vereinigte Staaten","New York Stock Exchange Inc.","USD"
"KER","KERING SA","Zyklische Konsumgüter ","Aktien","6.711.199,81","0,02","6.711.199,81","23.515,00","285,40","Frankreich","Nyse Euronext - Euronext Paris","EUR"
"VOW3","VOLKSWAGEN NON-VOTING PREF AG","Zyklische Konsumgüter ","Aktien","6.707.481,12","0,02","6.707.481,12","64.641,00","103,77","Deutschland","Xetra","EUR"
"GET","GETLINK","Industrie","Aktien","6.698.253,37","0,02","6.698.253,37","308.821,00","21,69","Frankreich","Nyse Euronext - Euronext Paris","EUR"
"WSP","WSP GLOBAL INC","Industrie","Aktien","6.659.507,84","0,02","6.659.507,84","47.876,00","139,10","Kanada","Toronto Stock Exchange","CAD"
"ROL","ROLLINS INC","Industrie","Aktien","6.651.003,68","0,02","6.651.003,68","124.504,00","53,42","Vereinigte Staaten","New York Stock Exchange Inc.","USD"
"VRSK","VERISK ANALYTICS INC","Industrie","Aktien","6.647.036,04","0,02","6.647.036,04","42.381,00","156,84","Vereinigte Staaten","NASDAQ","USD"
"1605","INPEX CORP","Energie","Aktien","6.630.623,79","0,02","6.630.623,79","267.500,00","24,79","Japan","Tokyo Stock Exchange","JPY"
"SAB","BANCO DE SABADELL SA","Financials","Aktien","6.588.608,95","0,02","6.588.608,95","1.699.076,00","3,88","Spanien","Bolsa De Madrid","EUR"
"FWONK","LIBERTY MEDIA FORMULA ONE SERIES C","Kommunikation","Aktien","6.584.023,89","0,02","6.584.023,89","72.217,00","91,17","Vereinigte Staaten","NASDAQ","USD"
"EMAAR","EMAAR PROPERTIES","Immobilien","Aktien","6.572.597,90","0,02","6.572.597,90","2.049.278,00","3,21","Ver. Arabische Emirate","Dubai Financial Market","AED"
"PMETAL","PRESS METAL ALUMINIUM HOLDINGS","Materialien","Aktien","6.552.416,38","0,02","6.552.416,38","2.846.500,00","2,30","Malaysia","Bursa Malaysia","MYR"
"FAB","FIRST ABU DHABI BANK","Financials","Aktien","6.553.605,36","0,02","6.553.605,36","1.406.001,00","4,66","Ver. Arabische Emirate","Abu Dhabi Securities Exchange","AED"
"BMPS","BANCA MONTE DEI PASCHI DI SIENA SP","Financials","Aktien","6.540.065,28","0,02","6.540.065,28","591.587,00","11,06","Italien","Borsa Italiana","EUR"
"7269","SUZUKI MOTOR CORP","Zyklische Konsumgüter ","Aktien","6.529.299,06","0,02","6.529.299,06","537.800,00","12,14","Japan","Tokyo Stock Exchange","JPY"
"DD","DUPONT DE NEMOURS INC","Materialien","Aktien","6.527.703,60","0,02","6.527.703,60","129.006,00","50,60","Vereinigte Staaten","New York Stock Exchange Inc.","USD"
"2301","LITE ON TECHNOLOGY CORP","IT","Aktien","6.518.059,88","0,02","6.518.059,88","992.351,00","6,57","Taiwan","Taiwan Stock Exchange","TWD"
"9531","TOKYO GAS LTD","Versorger","Aktien","6.518.385,03","0,02","6.518.385,03","155.600,00","41,89","Japan","Tokyo Stock Exchange","JPY"
"GIS","GENERAL MILLS INC","Nichtzyklische Konsumgüter","Aktien","6.497.985,68","0,02","6.497.985,68","196.136,00","33,13","Vereinigte Staaten","New York Stock Exchange Inc.","USD"
"6273","SMC (JAPAN) CORP","Industrie","Aktien","6.482.424,36","0,02","6.482.424,36","12.900,00","502,51","Japan","Tokyo Stock Exchange","JPY"
"2327","YAGEO CORP","IT","Aktien","6.440.586,39","0,02","6.440.586,39","439.340,00","14,66","Taiwan","Taiwan Stock Exchange","TWD"
"SW","SMURFIT WESTROCK PLC","Materialien","Aktien","6.439.017,90","0,02","6.439.017,90","160.895,00","40,02","Vereinigte Staaten","New York Stock Exchange Inc.","USD"
"BIRG","BANK OF IRELAND GROUP PLC","Financials","Aktien","6.433.495,52","0,02","6.433.495,52","326.795,00","19,69","Irland","Irish Stock Exchange - All Market","EUR"
"BG","BUNGE GLOBAL SA","Nichtzyklische Konsumgüter","Aktien","6.433.632,08","0,02","6.433.632,08","52.238,00","123,16","Vereinigte Staaten","New York Stock Exchange Inc.","USD"
"1801","TAISEI CORP","Industrie","Aktien","6.422.261,22","0,02","6.422.261,22","63.300,00","101,46","Japan","Tokyo Stock Exchange","JPY"
"AWK","AMERICAN WATER WORKS INC","Versorger","Aktien","6.404.193,30","0,02","6.404.193,30","50.835,00","125,98","Vereinigte Staaten","New York Stock Exchange Inc.","USD"
"CDE","COEUR MINING INC","Materialien","Aktien","6.406.423,20","0,02","6.406.423,20","330.228,00","19,40","Vereinigte Staaten","New York Stock Exchange Inc.","USD"
"HEIA","HEINEKEN NV","Nichtzyklische Konsumgüter","Aktien","6.401.108,79","0,02","6.401.108,79","84.548,00","75,71","Niederlande","Euronext Amsterdam","EUR"
"ENTG","ENTEGRIS INC","IT","Aktien","6.379.918,38","0,02","6.379.918,38","45.813,00","139,26","Vereinigte Staaten","NASDAQ","USD"
"175","GEELY AUTOMOBILE HOLDINGS LTD","Zyklische Konsumgüter ","Aktien","6.376.045,66","0,02","6.376.045,66","2.349.000,00","2,71","China","Hong Kong Exchanges And Clearing Ltd","HKD"
"EFX","EQUIFAX INC","Industrie","Aktien","6.376.461,88","0,02","6.376.461,88","40.429,00","157,72","Vereinigte Staaten","New York Stock Exchange Inc.","USD"
"010120","LS ELECTRIC LTD","Industrie","Aktien","6.362.654,68","0,02","6.362.654,68","33.880,00","187,80","Korea","Korea Exchange (Stock Market)","KRW"
"L","LOBLAW COMPANIES LTD","Nichtzyklische Konsumgüter","Aktien","6.359.186,37","0,02","6.359.186,37","143.327,00","44,37","Kanada","Toronto Stock Exchange","CAD"
"ES","EVERSOURCE ENERGY","Versorger","Aktien","6.359.351,39","0,02","6.359.351,39","92.419,00","68,81","Vereinigte Staaten","New York Stock Exchange Inc.","USD"
"TENAGA","TENAGA NASIONAL","Versorger","Aktien","6.345.934,12","0,02","6.345.934,12","1.723.000,00","3,68","Malaysia","Bursa Malaysia","MYR"
"DGX","QUEST DIAGNOSTICS INC","Gesundheitsversorgung","Aktien","6.339.028,26","0,02","6.339.028,26","33.729,00","187,94","Vereinigte Staaten","New York Stock Exchange Inc.","USD"
"AGI","ALAMOS GOLD INC CLASS A","Materialien","Aktien","6.333.057,34","0,02","6.333.057,34","145.826,00","43,43","Kanada","Toronto Stock Exchange","CAD"
"RS","RELIANCE STEEL & ALUMINUM","Materialien","Aktien","6.331.262,08","0,02","6.331.262,08","17.212,00","367,84","Vereinigte Staaten","New York Stock Exchange Inc.","USD"
"BALL","BALL CORP","Materialien","Aktien","6.322.245,82","0,02","6.322.245,82","111.661,00","56,62","Vereinigte Staaten","New York Stock Exchange Inc.","USD"
"EXE","EXPAND ENERGY CORP","Energie","Aktien","6.319.345,00","0,02","6.319.345,00","65.350,00","96,70","Vereinigte Staaten","NASDAQ","USD"
"FM","FIRST QUANTUM MINERALS LTD","Materialien","Aktien","6.316.125,41","0,02","6.316.125,41","234.388,00","26,95","Kanada","Toronto Stock Exchange","CAD"
"PKN","ORLEN SA","Energie","Aktien","6.318.360,03","0,02","6.318.360,03","158.865,00","39,77","Polen","Warsaw Stock Exchange/Equities/Main Market","PLN"
"992","LENOVO GROUP LTD","IT","Aktien","6.306.230,53","0,02","6.306.230,53","3.782.000,00","1,67","China","Hong Kong Exchanges And Clearing Ltd","HKD"
"WPC","W. P. CAREY REIT INC","Immobilien","Aktien","6.308.895,66","0,02","6.308.895,66","85.614,00","73,69","Vereinigte Staaten","New York Stock Exchange Inc.","USD"
"STE","STERIS","Gesundheitsversorgung","Aktien","6.298.192,78","0,02","6.298.192,78","29.161,00","215,98","Vereinigte Staaten","New York Stock Exchange Inc.","USD"
"ALDAR","ALDAR PROPERTIES","Immobilien","Aktien","6.286.720,25","0,02","6.286.720,25","2.964.120,00","2,12","Ver. Arabische Emirate","Abu Dhabi Securities Exchange","AED"
"9101","NIPPON YUSEN","Industrie","Aktien","6.270.932,37","0,02","6.270.932,37","182.100,00","34,44","Japan","Tokyo Stock Exchange","JPY"
"SCMN","SWISSCOM AG","Kommunikation","Aktien","6.272.181,85","0,02","6.272.181,85","7.244,00","865,85","Schweiz","SIX Swiss Exchange","CHF"
"BAMI","BANCO BPM","Financials","Aktien","6.265.033,67","0,02","6.265.033,67","402.393,00","15,57","Italien","Borsa Italiana","EUR"
"6479","MINEBEA MITSUMI INC","Industrie","Aktien","6.265.893,96","0,02","6.265.893,96","249.100,00","25,15","Japan","Tokyo Stock Exchange","JPY"
"7936","ASICS CORP","Zyklische Konsumgüter ","Aktien","6.260.199,18","0,02","6.260.199,18","220.200,00","28,43","Japan","Tokyo Stock Exchange","JPY"
"DNB","DNB BANK","Financials","Aktien","6.237.203,07","0,02","6.237.203,07","208.549,00","29,91","Norwegen","Oslo Bors Asa","NOK"
"BID","BID CORPORATION LTD","Nichtzyklische Konsumgüter","Aktien","6.239.818,85","0,02","6.239.818,85","247.329,00","25,23","Südafrika","Johannesburg Stock Exchange","ZAR"
"LII","LENNOX INTERNATIONAL INC","Industrie","Aktien","6.236.343,12","0,02","6.236.343,12","12.124,00","514,38","Vereinigte Staaten","New York Stock Exchange Inc.","USD"
"035420","NAVER CORP","Kommunikation","Aktien","6.228.494,58","0,02","6.228.494,58","43.598,00","142,86","Korea","Korea Exchange (Stock Market)","KRW"
"FTV","FORTIVE CORP","Industrie","Aktien","6.217.945,44","0,02","6.217.945,44","105.532,00","58,92","Vereinigte Staaten","New York Stock Exchange Inc.","USD"
"SOFI","SOFI TECHNOLOGIES INC","Financials","Aktien","6.193.540,26","0,02","6.193.540,26","386.613,00","16,02","Vereinigte Staaten","NASDAQ","USD"
"HEXA B","HEXAGON CLASS B","IT","Aktien","6.183.067,74","0,02","6.183.067,74","606.269,00","10,20","Schweden","Nasdaq Omx Nordic","SEK"
"CHRW","CH ROBINSON WORLDWIDE INC","Industrie","Aktien","6.132.356,40","0,02","6.132.356,40","38.380,00","159,78","Vereinigte Staaten","NASDAQ","USD"
"CF","CF INDUSTRIES HOLDINGS INC","Materialien","Aktien","6.127.718,07","0,02","6.127.718,07","49.831,00","122,97","Vereinigte Staaten","New York Stock Exchange Inc.","USD"
"GEBN","GEBERIT AG","Industrie","Aktien","6.127.844,71","0,02","6.127.844,71","9.532,00","642,87","Schweiz","SIX Swiss Exchange","CHF"
"BURL","BURLINGTON STORES INC","Zyklische Konsumgüter ","Aktien","6.127.918,44","0,02","6.127.918,44","20.948,00","292,53","Vereinigte Staaten","New York Stock Exchange Inc.","USD"
"NN","NN GROUP NV","Financials","Aktien","6.118.240,38","0,02","6.118.240,38","68.725,00","89,03","Niederlande","Euronext Amsterdam","EUR"
"IREN","IREN LTD","IT","Aktien","6.095.441,60","0,02","6.095.441,60","104.374,00","58,40","Vereinigte Staaten","NASDAQ","USD"
"8267","AEON LTD","Nichtzyklische Konsumgüter","Aktien","6.082.836,00","0,02","6.082.836,00","651.300,00","9,34","Japan","Tokyo Stock Exchange","JPY"
"WALMEX*","WALMART DE MEXICO V","Nichtzyklische Konsumgüter","Aktien","6.063.118,23","0,02","6.063.118,23","1.913.835,00","3,17","Mexiko","Bolsa Mexicana De Valores","MXN"
"SNA","SNAP ON INC","Industrie","Aktien","6.054.996,99","0,02","6.054.996,99","16.527,00","366,37","Vereinigte Staaten","New York Stock Exchange Inc.","USD"
"9020","EAST JAPAN RAILWAY","Industrie","Aktien","6.045.489,90","0,02","6.045.489,90","259.800,00","23,27","Japan","Tokyo Stock Exchange","JPY"
"1216","UNI-PRESIDENT ENTERPRISES CORP","Nichtzyklische Konsumgüter","Aktien","6.040.657,17","0,02","6.040.657,17","2.545.071,00","2,37","Taiwan","Taiwan Stock Exchange","TWD"
"SATS","ECHOSTAR CORP CLASS A","Kommunikation","Aktien","6.008.206,59","0,02","6.008.206,59","44.469,00","135,11","Vereinigte Staaten","NASDAQ","USD"
"8601","DAIWA SECURITIES GROUP INC","Financials","Aktien","6.000.037,94","0,02","6.000.037,94","642.000,00","9,35","Japan","Tokyo Stock Exchange","JPY"
"VLTO","VERALTO CORP","Industrie","Aktien","5.992.605,06","0,02","5.992.605,06","70.278,00","85,27","Vereinigte Staaten","New York Stock Exchange Inc.","USD"
"FRE","FRESENIUS SE AND CO KGAA","Gesundheitsversorgung","Aktien","5.992.990,43","0,02","5.992.990,43","131.328,00","45,63","Deutschland","Xetra","EUR"
"1288","AGRICULTURAL BANK OF CHINA LTD H","Financials","Aktien","5.983.943,62","0,02","5.983.943,62","7.696.000,00","0,78","China","Hong Kong Exchanges And Clearing Ltd","HKD"
"SAMPO","SAMPO CLASS A","Financials","Aktien","5.977.717,90","0,02","5.977.717,90","578.949,00","10,33","Finnland","Nasdaq Omx Helsinki Ltd.","EUR"
"ASTS","AST SPACEMOBILE INC CLASS A","Kommunikation","Aktien","5.972.735,52","0,02","5.972.735,52","71.952,00","83,01","Vereinigte Staaten","NASDAQ","USD"
"6902","DENSO CORP","Zyklische Konsumgüter ","Aktien","5.958.941,48","0,02","5.958.941,48","500.200,00","11,91","Japan","Tokyo Stock Exchange","JPY"
"SHB A","SVENSKA HANDELSBANKEN-A SHS","Financials","Aktien","5.960.492,05","0,02","5.960.492,05","431.841,00","13,80","Schweden","Nasdaq Omx Nordic","SEK"
"LNT","ALLIANT ENERGY CORP","Versorger","Aktien","5.939.523,45","0,02","5.939.523,45","81.981,00","72,45","Vereinigte Staaten","NASDAQ","USD"
"L","LOEWS CORP","Financials","Aktien","5.933.174,80","0,02","5.933.174,80","56.399,00","105,20","Vereinigte Staaten","New York Stock Exchange Inc.","USD"
"3808","SINOTRUK (HONG KONG) LTD","Industrie","Aktien","5.934.548,80","0,02","5.934.548,80","1.241.500,00","4,78","China","Hong Kong Exchanges And Clearing Ltd","HKD"
"RBA","RB GLOBAL INC","Industrie","Aktien","5.913.373,29","0,02","5.913.373,29","58.095,00","101,79","Kanada","Toronto Stock Exchange","CAD"
"COL","COLES GROUP LTD","Nichtzyklische Konsumgüter","Aktien","5.910.046,74","0,02","5.910.046,74","395.797,00","14,93","Australien","Asx - All Markets","AUD"
"MAS","MASCO CORP","Industrie","Aktien","5.906.128,24","0,02","5.906.128,24","86.524,00","68,26","Vereinigte Staaten","New York Stock Exchange Inc.","USD"
"TEF","TELEFONICA SA","Kommunikation","Aktien","5.881.778,90","0,02","5.881.778,90","1.247.095,00","4,72","Spanien","Bolsa De Madrid","EUR"
"IFF","INTERNATIONAL FLAVORS & FRAGRANCES","Materialien","Aktien","5.865.169,38","0,02","5.865.169,38","77.082,00","76,09","Vereinigte Staaten","New York Stock Exchange Inc.","USD"
"HEIA","HEICO CORP CLASS A","Industrie","Aktien","5.857.757,50","0,02","5.857.757,50","26.327,00","222,50","Vereinigte Staaten","New York Stock Exchange Inc.","USD"
"S32","SOUTH32 LTD","Materialien","Aktien","5.858.683,14","0,02","5.858.683,14","1.825.698,00","3,21","Australien","Asx - All Markets","AUD"
"FCNCA","FIRST CITIZENS BANCSHARES INC CLAS","Financials","Aktien","5.804.899,80","0,02","5.804.899,80","2.996,00","1.937,55","Vereinigte Staaten","NASDAQ","USD"
"STO","SANTOS LTD","Energie","Aktien","5.802.478,93","0,02","5.802.478,93","1.046.719,00","5,54","Australien","Asx - All Markets","AUD"
"H78","HONGKONG LAND HOLDINGS LTD","Immobilien","Aktien","5.761.408,00","0,02","5.761.408,00","699.200,00","8,24","Hongkong","Singapore Exchange","USD"
"EPI A","EPIROC CLASS A","Industrie","Aktien","5.745.710,63","0,02","5.745.710,63","196.916,00","29,18","Schweden","Nasdaq Omx Nordic","SEK"
"OMC","OMNICOM GROUP INC","Kommunikation","Aktien","5.742.791,82","0,02","5.742.791,82","80.229,00","71,58","Vereinigte Staaten","New York Stock Exchange Inc.","USD"
"CHD","CHURCH AND DWIGHT INC","Nichtzyklische Konsumgüter","Aktien","5.728.218,00","0,02","5.728.218,00","60.520,00","94,65","Vereinigte Staaten","New York Stock Exchange Inc.","USD"
"PTC","PTC INC","IT","Aktien","5.725.039,45","0,02","5.725.039,45","40.937,00","139,85","Vereinigte Staaten","NASDAQ","USD"
"6920","LASERTEC CORP","IT","Aktien","5.719.358,82","0,02","5.719.358,82","22.300,00","256,47","Japan","Tokyo Stock Exchange","JPY"
"MTX","MTU AERO ENGINES HOLDING AG","Industrie","Aktien","5.702.187,68","0,02","5.702.187,68","16.975,00","335,92","Deutschland","Xetra","EUR"
"URW","UNIBAIL RODAMCO WE STAPLED UNITS","Immobilien","Aktien","5.691.088,76","0,02","5.691.088,76","48.005,00","118,55","Frankreich","Nyse Euronext - Euronext Paris","EUR"
"PHIA","KONINKLIJKE PHILIPS NV","Gesundheitsversorgung","Aktien","5.689.665,79","0,02","5.689.665,79","220.820,00","25,77","Niederlande","Euronext Amsterdam","EUR"
"ORG","ORIGIN ENERGY LTD","Versorger","Aktien","5.661.557,43","0,02","5.661.557,43","672.391,00","8,42","Australien","Asx - All Markets","AUD"
"EL","ESTEE LAUDER INC CLASS A","Nichtzyklische Konsumgüter","Aktien","5.650.825,30","0,02","5.650.825,30","69.910,00","80,83","Vereinigte Staaten","New York Stock Exchange Inc.","USD"
"2885","YUANTA FINANCIAL HOLDING LTD","Financials","Aktien","5.633.282,58","0,02","5.633.282,58","3.198.791,00","1,76","Taiwan","Taiwan Stock Exchange","TWD"
"BR","BROADRIDGE FINANCIAL SOLUTIONS INC","Industrie","Aktien","5.622.541,29","0,02","5.622.541,29","39.217,00","143,37","Vereinigte Staaten","New York Stock Exchange Inc.","USD"
"IONQ","IONQ INC","IT","Aktien","5.608.209,95","0,02","5.608.209,95","97.585,00","57,47","Vereinigte Staaten","New York Stock Exchange Inc.","USD"
"FBK","FINECOBANK BANCA FINECO","Financials","Aktien","5.587.654,02","0,02","5.587.654,02","221.172,00","25,26","Italien","Borsa Italiana","EUR"
"SSNC","SS AND C TECHNOLOGIES HOLDINGS INC","Industrie","Aktien","5.580.766,10","0,02","5.580.766,10","86.030,00","64,87","Vereinigte Staaten","NASDAQ","USD"
"GPN","GLOBAL PAYMENTS INC","Financials","Aktien","5.581.791,66","0,02","5.581.791,66","82.902,00","67,33","Vereinigte Staaten","New York Stock Exchange Inc.","USD"
"AGN","AEGON LTD","Financials","Aktien","5.567.470,06","0,02","5.567.470,06","656.928,00","8,48","Niederlande","Euronext Amsterdam","EUR"
"KEY","KEYERA CORP","Energie","Aktien","5.536.205,99","0,02","5.536.205,99","137.933,00","40,14","Kanada","Toronto Stock Exchange","CAD"
"GMAB","GENMAB","Gesundheitsversorgung","Aktien","5.538.187,08","0,02","5.538.187,08","21.041,00","263,21","Dänemark","Omx Nordic Exchange Copenhagen A/S","DKK"
"6178","JAPAN POST HOLDINGS LTD","Financials","Aktien","5.534.279,30","0,02","5.534.279,30","448.600,00","12,34","Japan","Tokyo Stock Exchange","JPY"
"7769","HONPRECISION INC","IT","Aktien","5.517.372,68","0,02","5.517.372,68","23.000,00","239,89","Taiwan","Taiwan Stock Exchange","TWD"
"LDOS","LEIDOS HOLDINGS INC","Industrie","Aktien","5.503.107,60","0,02","5.503.107,60","43.832,00","125,55","Vereinigte Staaten","New York Stock Exchange Inc.","USD"
"GJF","GJENSIDIGE FORSIKRING","Financials","Aktien","5.498.614,53","0,02","5.498.614,53","204.339,00","26,91","Norwegen","Oslo Bors Asa","NOK"
"7912","DAI NIPPON PRINTING LTD","Industrie","Aktien","5.494.574,92","0,02","5.494.574,92","300.100,00","18,31","Japan","Tokyo Stock Exchange","JPY"
"9987","YUM CHINA HOLDINGS INC","Zyklische Konsumgüter ","Aktien","5.484.672,13","0,02","5.484.672,13","118.342,00","46,35","China","Hong Kong Exchanges And Clearing Ltd","HKD"
"A5G","AIB GROUP PLC","Financials","Aktien","5.485.700,02","0,02","5.485.700,02","485.694,00","11,29","Irland","Irish Stock Exchange - All Market","EUR"
"PTT.R","PTT NON-VOTING DR PCL","Energie","Aktien","5.481.379,98","0,02","5.481.379,98","4.758.500,00","1,15","Thailand","Stock Exchange Of Thailand","THB"
"KHC","KRAFT HEINZ","Nichtzyklische Konsumgüter","Aktien","5.454.236,97","0,02","5.454.236,97","233.987,00","23,31","Vereinigte Staaten","NASDAQ","USD"
"DLTR","DOLLAR TREE INC","Nichtzyklische Konsumgüter","Aktien","5.453.621,52","0,02","5.453.621,52","60.616,00","89,97","Vereinigte Staaten","NASDAQ","USD"
"4543","TERUMO CORP","Gesundheitsversorgung","Aktien","5.425.893,96","0,02","5.425.893,96","444.600,00","12,20","Japan","Tokyo Stock Exchange","JPY"
"GEN","GEN DIGITAL INC","IT","Aktien","5.427.991,06","0,02","5.427.991,06","234.167,00","23,18","Vereinigte Staaten","NASDAQ","USD"
"1925","DAIWA HOUSE INDUSTRY LTD","Immobilien","Aktien","5.420.520,41","0,02","5.420.520,41","188.900,00","28,70","Japan","Tokyo Stock Exchange","JPY"
"LYB","LYONDELLBASELL INDUSTRIES NV CLASS","Materialien","Aktien","5.417.510,53","0,02","5.417.510,53","73.939,00","73,27","Vereinigte Staaten","New York Stock Exchange Inc.","USD"
"MRK","MERCK","Gesundheitsversorgung","Aktien","5.405.486,77","0,02","5.405.486,77","38.327,00","141,04","Deutschland","Xetra","EUR"
"CCL.B","CCL INDUSTRIES INC CLASS B","Materialien","Aktien","5.399.403,26","0,02","5.399.403,26","85.097,00","63,45","Kanada","Toronto Stock Exchange","CAD"
"RPRX","ROYALTY PHARMA PLC CLASS A","Gesundheitsversorgung","Aktien","5.393.293,20","0,02","5.393.293,20","100.998,00","53,40","Vereinigte Staaten","NASDAQ","USD"
"BBD.B","BOMBARDIER INC CLASS B","Industrie","Aktien","5.393.477,70","0,02","5.393.477,70","27.615,00","195,31","Kanada","Toronto Stock Exchange","CAD"
"AFRM","AFFIRM HOLDINGS INC CLASS A","Financials","Aktien","5.382.761,34","0,02","5.382.761,34","79.662,00","67,57","Vereinigte Staaten","NASDAQ","USD"
"RDDT","REDDIT INC CLASS A","Kommunikation","Aktien","5.354.711,67","0,02","5.354.711,67","34.257,00","156,31","Vereinigte Staaten","New York Stock Exchange Inc.","USD"
"7013","IHI CORP","Industrie","Aktien","5.333.754,47","0,02","5.333.754,47","314.800,00","16,94","Japan","Tokyo Stock Exchange","JPY"
"KPN","KONINKLIJKE KPN NV","Kommunikation","Aktien","5.336.177,72","0,02","5.336.177,72","996.433,00","5,36","Niederlande","Euronext Amsterdam","EUR"
"8473","SBI HOLDINGS INC","Financials","Aktien","5.333.037,40","0,02","5.333.037,40","274.900,00","19,40","Japan","Tokyo Stock Exchange","JPY"
"WY","WEYERHAEUSER REIT","Immobilien","Aktien","5.326.298,45","0,02","5.326.298,45","228.107,00","23,35","Vereinigte Staaten","New York Stock Exchange Inc.","USD"
"LEN","LENNAR A CORP CLASS A","Zyklische Konsumgüter ","Aktien","5.313.717,75","0,02","5.313.717,75","62.331,00","85,25","Vereinigte Staaten","New York Stock Exchange Inc.","USD"
"2887","TS FINANCIAL HOLDING LTD","Financials","Aktien","5.305.420,94","0,02","5.305.420,94","7.238.110,00","0,73","Taiwan","Taiwan Stock Exchange","TWD"
"ESS","ESSEX PROPERTY TRUST REIT INC","Immobilien","Aktien","5.301.319,26","0,02","5.301.319,26","19.742,00","268,53","Vereinigte Staaten","New York Stock Exchange Inc.","USD"
"ZBH","ZIMMER BIOMET HOLDINGS INC","Gesundheitsversorgung","Aktien","5.287.864,35","0,02","5.287.864,35","63.979,00","82,65","Vereinigte Staaten","New York Stock Exchange Inc.","USD"
"ELI","ELIA GROUP SA","Versorger","Aktien","5.279.470,14","0,02","5.279.470,14","33.507,00","157,56","Belgien","Nyse Euronext - Euronext Brussels","EUR"
"NVMI","NOVA LTD","IT","Aktien","5.266.097,24","0,02","5.266.097,24","9.603,00","548,38","Israel","Tel Aviv Stock Exchange","ILS"
"FLUT","FLUTTER ENTERTAINMENT PLC","Zyklische Konsumgüter ","Aktien","5.267.143,55","0,02","5.267.143,55","56.123,00","93,85","Vereinigte Staaten","New York Stock Exchange Inc.","USD"
"TRMB","TRIMBLE INC","IT","Aktien","5.261.513,60","0,02","5.261.513,60","94.360,00","55,76","Vereinigte Staaten","NASDAQ","USD"
"ORNBV","ORION CLASS B","Gesundheitsversorgung","Aktien","5.262.281,80","0,02","5.262.281,80","66.895,00","78,67","Finnland","Nasdaq Omx Helsinki Ltd.","EUR"
"EAND","EMIRATES TELECOM","Kommunikation","Aktien","5.258.118,76","0,02","5.258.118,76","1.027.263,00","5,12","Ver. Arabische Emirate","Abu Dhabi Securities Exchange","AED"
"CLNX","CELLNEX TELECOM","Kommunikation","Aktien","5.253.288,78","0,02","5.253.288,78","156.441,00","33,58","Spanien","Bolsa De Madrid","EUR"
"ABG","ABSA GROUP LTD","Financials","Aktien","5.245.311,01","0,02","5.245.311,01","369.438,00","14,20","Südafrika","Johannesburg Stock Exchange","ZAR"
"AENA","AENA SME SA","Industrie","Aktien","5.240.203,64","0,02","5.240.203,64","191.566,00","27,35","Spanien","Bolsa De Madrid","EUR"
"INVH","INVITATION HOMES INC","Immobilien","Aktien","5.221.950,40","0,02","5.221.950,40","183.355,00","28,48","Vereinigte Staaten","New York Stock Exchange Inc.","USD"
"SAAB B","SAAB CLASS B","Industrie","Aktien","5.216.827,10","0,02","5.216.827,10","99.142,00","52,62","Schweden","Nasdaq Omx Nordic","SEK"
"TSCO","TRACTOR SUPPLY","Zyklische Konsumgüter ","Aktien","5.200.099,99","0,02","5.200.099,99","170.551,00","30,49","Vereinigte Staaten","NASDAQ","USD"
"CAP","CAPGEMINI","IT","Aktien","5.190.979,78","0,02","5.190.979,78","45.960,00","112,95","Frankreich","Nyse Euronext - Euronext Paris","EUR"
"6586","MAKITA CORP","Industrie","Aktien","5.175.478,20","0,02","5.175.478,20","146.000,00","35,45","Japan","Tokyo Stock Exchange","JPY"
"GPC","GENUINE PARTS","Zyklische Konsumgüter ","Aktien","5.160.303,05","0,02","5.160.303,05","53.095,00","97,19","Vereinigte Staaten","New York Stock Exchange Inc.","USD"
"VNA","VONOVIA SE","Immobilien","Aktien","5.154.415,54","0,02","5.154.415,54","198.785,00","25,93","Deutschland","Xetra","EUR"
"IEX","IDEX CORP","Industrie","Aktien","5.107.635,40","0,02","5.107.635,40","24.161,00","211,40","Vereinigte Staaten","New York Stock Exchange Inc.","USD"
"TRN","TERNA RETE ELETTRICA NAZIONALE","Versorger","Aktien","5.092.030,75","0,02","5.092.030,75","438.858,00","11,60","Italien","Borsa Italiana","EUR"
"LVS","LAS VEGAS SANDS CORP","Zyklische Konsumgüter ","Aktien","5.092.199,05","0,02","5.092.199,05","100.537,00","50,65","Vereinigte Staaten","New York Stock Exchange Inc.","USD"
"MTN","MTN GROUP LTD","Kommunikation","Aktien","5.079.387,34","0,02","5.079.387,34","397.602,00","12,78","Südafrika","Johannesburg Stock Exchange","ZAR"
"2269","WUXI BIOLOGICS CAYMAN INC","Gesundheitsversorgung","Aktien","5.067.442,93","0,02","5.067.442,93","1.216.000,00","4,17","China","Hong Kong Exchanges And Clearing Ltd","HKD"
"EVN","EVOLUTION MINING LTD","Materialien","Aktien","5.062.237,84","0,02","5.062.237,84","529.413,00","9,56","Australien","Asx - All Markets","AUD"
"WKL","WOLTERS KLUWER NV","Industrie","Aktien","5.048.329,55","0,02","5.048.329,55","74.061,00","68,16","Niederlande","Euronext Amsterdam","EUR"
"7733","OLYMPUS CORP","Gesundheitsversorgung","Aktien","5.044.541,40","0,02","5.044.541,40","441.000,00","11,44","Japan","Tokyo Stock Exchange","JPY"
"6594","NIDEC CORP","Industrie","Aktien","5.041.151,47","0,02","5.041.151,47","296.700,00","16,99","Japan","Tokyo Stock Exchange","JPY"
"UDR","UDR REIT INC","Immobilien","Aktien","5.034.888,26","0,02","5.034.888,26","134.839,00","37,34","Vereinigte Staaten","New York Stock Exchange Inc.","USD"
"CDW","CDW CORP","IT","Aktien","5.028.723,84","0,02","5.028.723,84","49.224,00","102,16","Vereinigte Staaten","NASDAQ","USD"
"NBIX","NEUROCRINE BIOSCIENCES INC","Gesundheitsversorgung","Aktien","5.026.775,25","0,02","5.026.775,25","31.605,00","159,05","Vereinigte Staaten","NASDAQ","USD"
"DAL","DELTA AIR LINES INC","Industrie","Aktien","5.016.799,80","0,02","5.016.799,80","70.116,00","71,55","Vereinigte Staaten","New York Stock Exchange Inc.","USD"
"STLAM","STELLANTIS NV","Zyklische Konsumgüter ","Aktien","5.009.002,31","0,02","5.009.002,31","639.888,00","7,83","Italien","Borsa Italiana","EUR"
"PNR","PENTAIR","Industrie","Aktien","5.007.375,36","0,02","5.007.375,36","66.872,00","74,88","Vereinigte Staaten","New York Stock Exchange Inc.","USD"
"298040","HYOSUNG HEAVY INDUSTRIES CORP","Industrie","Aktien","5.002.397,80","0,02","5.002.397,80","1.853,00","2.699,62","Korea","Korea Exchange (Stock Market)","KRW"
"4307","NOMURA RESEARCH INSTITUTE LTD","IT","Aktien","5.001.568,18","0,02","5.001.568,18","189.500,00","26,39","Japan","Tokyo Stock Exchange","JPY"
"RO","ROCHE HOLDING AG","Gesundheitsversorgung","Aktien","4.989.746,50","0,02","4.989.746,50","11.905,00","419,13","Schweiz","SIX Swiss Exchange","CHF"
"AMCR","AMCOR PLC","Materialien","Aktien","4.984.554,53","0,02","4.984.554,53","129.167,00","38,59","Vereinigte Staaten","New York Stock Exchange Inc.","USD"
"HEI","HEICO CORP","Industrie","Aktien","4.980.828,30","0,02","4.980.828,30","16.762,00","297,15","Vereinigte Staaten","New York Stock Exchange Inc.","USD"
"MAA","MID AMERICA APARTMENT COMMUNITIES","Immobilien","Aktien","4.981.563,42","0,02","4.981.563,42","39.154,00","127,23","Vereinigte Staaten","New York Stock Exchange Inc.","USD"
"TXT","TEXTRON INC","Industrie","Aktien","4.964.854,98","0,02","4.964.854,98","54.237,00","91,54","Vereinigte Staaten","New York Stock Exchange Inc.","USD"
"DSY","DASSAULT SYSTEMES","IT","Aktien","4.954.975,28","0,02","4.954.975,28","216.277,00","22,91","Frankreich","Nyse Euronext - Euronext Paris","EUR"
"373220","LG ENERGY SOLUTION LTD","Industrie","Aktien","4.956.435,83","0,02","4.956.435,83","16.719,00","296,46","Korea","Korea Exchange (Stock Market)","KRW"
"TEN","TENARIS SA","Energie","Aktien","4.948.896,97","0,02","4.948.896,97","157.278,00","31,47","Italien","Borsa Italiana","EUR"
"9633","NONGFU SPRING LTD H","Nichtzyklische Konsumgüter","Aktien","4.944.221,44","0,02","4.944.221,44","864.400,00","5,72","China","Hong Kong Exchanges And Clearing Ltd","HKD"
"9022","CENTRAL JAPAN RAILWAY","Industrie","Aktien","4.946.167,13","0,02","4.946.167,13","216.200,00","22,88","Japan","Tokyo Stock Exchange","JPY"
"ASELS.E","ASELSAN ELEKTRONIK SANAYI VE TICAR","Industrie","Aktien","4.946.171,85","0,02","4.946.171,85","540.838,00","9,15","Türkei","Istanbul Stock Exchange","TRY"
"IP","INTERNATIONAL PAPER","Materialien","Aktien","4.941.639,60","0,02","4.941.639,60","156.381,00","31,60","Vereinigte Staaten","New York Stock Exchange Inc.","USD"
"CCEP","COCA COLA EUROPACIFIC PARTNERS PLC","Nichtzyklische Konsumgüter","Aktien","4.942.151,13","0,02","4.942.151,13","54.411,00","90,83","Niederlande","NASDAQ","USD"
"1109","CHINA RESOURCES LAND LTD","Immobilien","Aktien","4.937.612,99","0,02","4.937.612,99","1.028.000,00","4,80","China","Hong Kong Exchanges And Clearing Ltd","HKD"
"066570","LG ELECTRONICS INC","Zyklische Konsumgüter ","Aktien","4.928.292,03","0,02","4.928.292,03","33.861,00","145,54","Korea","Korea Exchange (Stock Market)","KRW"
"ZBRA","ZEBRA TECHNOLOGIES CORP CLASS A","IT","Aktien","4.924.548,00","0,02","4.924.548,00","19.080,00","258,10","Vereinigte Staaten","NASDAQ","USD"
"7532","PAN PACIFIC INTERNATIONAL HOLDINGS","Zyklische Konsumgüter ","Aktien","4.921.381,01","0,02","4.921.381,01","907.100,00","5,43","Japan","Tokyo Stock Exchange","JPY"
"RI","PERNOD RICARD SA","Nichtzyklische Konsumgüter","Aktien","4.915.076,92","0,02","4.915.076,92","68.805,00","71,44","Frankreich","Nyse Euronext - Euronext Paris","EUR"
"MAYBANK","MALAYAN BANKING","Financials","Aktien","4.898.839,12","0,01","4.898.839,12","1.722.700,00","2,84","Malaysia","Bursa Malaysia","MYR"
"SMCI","SUPER MICRO COMPUTER INC","IT","Aktien","4.880.710,98","0,01","4.880.710,98","147.766,00","33,03","Vereinigte Staaten","NASDAQ","USD"
"386","CHINA PETROLEUM AND CHEMICAL CORP","Energie","Aktien","4.876.323,73","0,01","4.876.323,73","8.357.400,00","0,58","China","Hong Kong Exchanges And Clearing Ltd","HKD"
"TLS","TELSTRA GROUP LTD","Kommunikation","Aktien","4.867.381,18","0,01","4.867.381,18","1.265.889,00","3,85","Australien","Asx - All Markets","AUD"
"EDP","EDP ENERGIAS DE PORTUGAL SA","Versorger","Aktien","4.855.228,36","0,01","4.855.228,36","944.744,00","5,14","Portugal","Nyse Euronext - Euronext Lisbon","EUR"
"4507","SHIONOGI LTD","Gesundheitsversorgung","Aktien","4.854.845,87","0,01","4.854.845,87","249.600,00","19,45","Japan","Tokyo Stock Exchange","JPY"
"6160","BEONE MEDICINES AG","Gesundheitsversorgung","Aktien","4.844.566,58","0,01","4.844.566,58","205.439,00","23,58","China","Hong Kong Exchanges And Clearing Ltd","HKD"
"LOGN","LOGITECH INTERNATIONAL SA","IT","Aktien","4.835.394,93","0,01","4.835.394,93","46.630,00","103,70","Schweiz","SIX Swiss Exchange","CHF"
"PZU","PZU SA","Financials","Aktien","4.836.490,64","0,01","4.836.490,64","273.613,00","17,68","Polen","Warsaw Stock Exchange/Equities/Main Market","PLN"
"SKA B","SKANSKA B","Industrie","Aktien","4.834.829,16","0,01","4.834.829,16","181.622,00","26,62","Schweden","Nasdaq Omx Nordic","SEK"
"6669","WIWYNN CORPORATION CORP","IT","Aktien","4.828.811,68","0,01","4.828.811,68","28.000,00","172,46","Taiwan","Taiwan Stock Exchange","TWD"
"MPL","MEDIBANK PRIVATE LTD","Financials","Aktien","4.829.321,22","0,01","4.829.321,22","1.455.745,00","3,32","Australien","Asx - All Markets","AUD"
"TFII","TFI INTERNATIONAL INC","Industrie","Aktien","4.831.691,13","0,01","4.831.691,13","33.865,00","142,68","Kanada","Toronto Stock Exchange","CAD"
"3407","ASAHI KASEI CORP","Materialien","Aktien","4.826.921,50","0,01","4.826.921,50","441.500,00","10,93","Japan","Tokyo Stock Exchange","JPY"
"BRO","BROWN & BROWN INC","Financials","Aktien","4.828.484,14","0,01","4.828.484,14","86.563,00","55,78","Vereinigte Staaten","New York Stock Exchange Inc.","USD"
"PKG","PACKAGING CORP OF AMERICA","Materialien","Aktien","4.823.931,70","0,01","4.823.931,70","21.917,00","220,10","Vereinigte Staaten","New York Stock Exchange Inc.","USD"
"TRU","TRANSUNION","Industrie","Aktien","4.817.043,66","0,01","4.817.043,66","72.787,00","66,18","Vereinigte Staaten","New York Stock Exchange Inc.","USD"
"BOL","BOLIDEN","Materialien","Aktien","4.818.507,94","0,01","4.818.507,94","82.509,00","58,40","Schweden","Nasdaq Omx Nordic","SEK"
"PUB","PUBLICIS GROUPE SA","Kommunikation","Aktien","4.812.966,57","0,01","4.812.966,57","53.088,00","90,66","Frankreich","Nyse Euronext - Euronext Paris","EUR"
"ESSITY B","ESSITY CLASS B","Nichtzyklische Konsumgüter","Aktien","4.810.618,89","0,01","4.810.618,89","182.030,00","26,43","Schweden","Nasdaq Omx Nordic","SEK"
"042700","HANMI SEMICONDUCTOR LTD","IT","Aktien","4.799.358,13","0,01","4.799.358,13","17.474,00","274,66","Korea","Korea Exchange (Stock Market)","KRW"
"YAR","YARA INTERNATIONAL","Materialien","Aktien","4.796.854,45","0,01","4.796.854,45","84.250,00","56,94","Norwegen","Oslo Bors Asa","NOK"
"TEL2 B","TELE2 B","Kommunikation","Aktien","4.793.106,94","0,01","4.793.106,94","246.448,00","19,45","Schweden","Nasdaq Omx Nordic","SEK"
"SCCO","SOUTHERN COPPER CORP","Materialien","Aktien","4.789.973,50","0,01","4.789.973,50","25.411,00","188,50","Peru","New York Stock Exchange Inc.","USD"
"ZS","ZSCALER INC","IT","Aktien","4.787.755,00","0,01","4.787.755,00","31.150,00","153,70","Vereinigte Staaten","NASDAQ","USD"
"207940","SAMSUNG BIOLOGICS LTD","Gesundheitsversorgung","Aktien","4.781.568,80","0,01","4.781.568,80","4.920,00","971,86","Korea","Korea Exchange (Stock Market)","KRW"
"RTO","RENTOKIL INITIAL PLC","Industrie","Aktien","4.769.843,92","0,01","4.769.843,92","743.282,00","6,42","Vereinigtes Königreich","London Stock Exchange","GBP"
"BT.A","BT GROUP PLC","Kommunikation","Aktien","4.764.561,42","0,01","4.764.561,42","1.506.764,00","3,16","Vereinigtes Königreich","London Stock Exchange","GBP"
"CPALL.R","CP ALL NON-VOTING DR PCL","Nichtzyklische Konsumgüter","Aktien","4.765.861,62","0,01","4.765.861,62","3.296.600,00","1,45","Thailand","Stock Exchange Of Thailand","THB"
"2","CLP HOLDINGS LTD","Versorger","Aktien","4.749.597,82","0,01","4.749.597,82","482.500,00","9,84","Hongkong","Hong Kong Exchanges And Clearing Ltd","HKD"
"7012","KAWASAKI HEAVY INDUSTRIES LTD","Industrie","Aktien","4.744.649,53","0,01","4.744.649,53","237.300,00","19,99","Japan","Tokyo Stock Exchange","JPY"
"MG","MAGNA INTERNATIONAL INC","Zyklische Konsumgüter ","Aktien","4.731.351,59","0,01","4.731.351,59","74.714,00","63,33","Kanada","Toronto Stock Exchange","CAD"
"KNEBV","KONE","Industrie","Aktien","4.726.131,53","0,01","4.726.131,53","81.203,00","58,20","Finnland","Nasdaq Omx Helsinki Ltd.","EUR"
"SKF B","SKF B","Industrie","Aktien","4.719.371,28","0,01","4.719.371,28","188.261,00","25,07","Schweden","Nasdaq Omx Nordic","SEK"
"AOT.R","AIRPORTS OF THAILAND NON-VOTING DR","Industrie","Aktien","4.719.427,91","0,01","4.719.427,91","2.866.000,00","1,65","Thailand","Stock Exchange Of Thailand","THB"
"ORSTED","ORSTED A/S","Versorger","Aktien","4.707.838,45","0,01","4.707.838,45","185.300,00","25,41","Dänemark","Omx Nordic Exchange Copenhagen A/S","DKK"
"8795","T&D HOLDINGS INC","Financials","Aktien","4.696.773,21","0,01","4.696.773,21","185.600,00","25,31","Japan","Tokyo Stock Exchange","JPY"
"2884","E.SUN FINANCIAL HOLDING LTD","Financials","Aktien","4.688.925,37","0,01","4.688.925,37","4.639.607,00","1,01","Taiwan","Taiwan Stock Exchange","TWD"
"X","TMX GROUP LTD","Financials","Aktien","4.689.739,45","0,01","4.689.739,45","119.135,00","39,36","Kanada","Toronto Stock Exchange","CAD"
"6326","KUBOTA CORP","Industrie","Aktien","4.687.603,15","0,01","4.687.603,15","258.300,00","18,15","Japan","Tokyo Stock Exchange","JPY"
"TRYG","TRYG","Financials","Aktien","4.679.479,40","0,01","4.679.479,40","199.063,00","23,51","Dänemark","Omx Nordic Exchange Copenhagen A/S","DKK"
"KIM","KIMCO REALTY REIT CORP","Immobilien","Aktien","4.672.647,58","0,01","4.672.647,58","201.581,00","23,18","Vereinigte Staaten","New York Stock Exchange Inc.","USD"
"3443","GLOBAL UNICHIP CORP","IT","Aktien","4.669.998,41","0,01","4.669.998,41","29.000,00","161,03","Taiwan","Taiwan Stock Exchange","TWD"
"7832","BANDAI NAMCO HOLDINGS INC","Zyklische Konsumgüter ","Aktien","4.635.181,64","0,01","4.635.181,64","192.700,00","24,05","Japan","Tokyo Stock Exchange","JPY"
"J","JACOBS SOLUTIONS INC","Industrie","Aktien","4.628.685,24","0,01","4.628.685,24","41.049,00","112,76","Vereinigte Staaten","New York Stock Exchange Inc.","USD"
"DECK","DECKERS OUTDOOR CORP","Zyklische Konsumgüter ","Aktien","4.616.586,67","0,01","4.616.586,67","48.611,00","94,97","Vereinigte Staaten","New York Stock Exchange Inc.","USD"
"PNFP","PINNACLE FINANCIAL PARTNERS INC","Financials","Aktien","4.611.660,80","0,01","4.611.660,80","48.320,00","95,44","Vereinigte Staaten","New York Stock Exchange Inc.","USD"
"2502","ASAHI GROUP HOLDINGS LTD","Nichtzyklische Konsumgüter","Aktien","4.605.766,86","0,01","4.605.766,86","477.000,00","9,66","Japan","Tokyo Stock Exchange","JPY"
"1024","KUAISHOU TECHNOLOGY","Kommunikation","Aktien","4.588.731,42","0,01","4.588.731,42","706.800,00","6,49","China","Hong Kong Exchanges And Clearing Ltd","HKD"
"GALP","GALP ENERGIA SGPS SA CLASS B","Energie","Aktien","4.580.006,92","0,01","4.580.006,92","202.648,00","22,60","Portugal","Nyse Euronext - Euronext Lisbon","EUR"
"BPE","BPER BANCA","Financials","Aktien","4.572.069,19","0,01","4.572.069,19","308.710,00","14,81","Italien","Borsa Italiana","EUR"
"7453","RYOHIN KEIKAKU LTD","Zyklische Konsumgüter ","Aktien","4.526.860,16","0,01","4.526.860,16","208.900,00","21,67","Japan","Tokyo Stock Exchange","JPY"
"1801","INNOVENT BIOLOGICS INC","Gesundheitsversorgung","Aktien","4.527.386,24","0,01","4.527.386,24","409.000,00","11,07","China","Hong Kong Exchanges And Clearing Ltd","HKD"
"5274","ASPEED TECHNOLOGY INC","IT","Aktien","4.521.021,74","0,01","4.521.021,74","8.000,00","565,13","Taiwan","Gretai Securities Market","TWD"
"LUN","LUNDIN MINING CORP","Materialien","Aktien","4.521.669,74","0,01","4.521.669,74","150.072,00","30,13","Kanada","Toronto Stock Exchange","CAD"
"IAG","IA FINANCIAL INC","Financials","Aktien","4.518.540,99","0,01","4.518.540,99","36.303,00","124,47","Kanada","Toronto Stock Exchange","CAD"
"267","CITIC LTD","Industrie","Aktien","4.504.444,36","0,01","4.504.444,36","2.627.000,00","1,71","China","Hong Kong Exchanges And Clearing Ltd","HKD"
"TOU","TOURMALINE OIL CORP","Energie","Aktien","4.498.443,50","0,01","4.498.443,50","93.091,00","48,32","Kanada","Toronto Stock Exchange","CAD"
"GIL","GILDAN ACTIVEWEAR INC","Zyklische Konsumgüter ","Aktien","4.494.446,09","0,01","4.494.446,09","78.713,00","57,10","Kanada","Toronto Stock Exchange","CAD"
"135","KUNLUN ENERGY LTD","Versorger","Aktien","4.487.002,71","0,01","4.487.002,71","4.600.000,00","0,98","China","Hong Kong Exchanges And Clearing Ltd","HKD"
"BNR","BRENNTAG","Industrie","Aktien","4.482.009,10","0,01","4.482.009,10","62.254,00","72,00","Deutschland","Xetra","EUR"
"APTV","APTIV PLC","Zyklische Konsumgüter ","Aktien","4.471.893,96","0,01","4.471.893,96","77.691,00","57,56","Vereinigte Staaten","New York Stock Exchange Inc.","USD"
"LULU","LULULEMON ATHLETICA INC","Zyklische Konsumgüter ","Aktien","4.459.002,98","0,01","4.459.002,98","36.833,00","121,06","Vereinigte Staaten","NASDAQ","USD"
"BSANTANDER","BANCO SANTANDER CHILE","Financials","Aktien","4.456.561,37","0,01","4.456.561,37","57.450.945,00","0,08","Chile","Santiago Stock Exchange","CLP"
"UPM","UPM-KYMMENE","Materialien","Aktien","4.457.059,90","0,01","4.457.059,90","150.591,00","29,60","Finnland","Nasdaq Omx Helsinki Ltd.","EUR"
"ALLE","ALLEGION PLC","Industrie","Aktien","4.443.023,20","0,01","4.443.023,20","33.880,00","131,14","Vereinigte Staaten","New York Stock Exchange Inc.","USD"
"MAERSK B","A P MOLLER MAERSK B","Industrie","Aktien","4.425.990,36","0,01","4.425.990,36","1.927,00","2.296,83","Dänemark","Omx Nordic Exchange Copenhagen A/S","DKK"
"2020","ANTA SPORTS PRODUCTS LTD","Zyklische Konsumgüter ","Aktien","4.428.239,11","0,01","4.428.239,11","448.400,00","9,88","China","Hong Kong Exchanges And Clearing Ltd","HKD"
"HNR1","HANNOVER RUECK","Financials","Aktien","4.424.426,05","0,01","4.424.426,05","16.051,00","275,65","Deutschland","Xetra","EUR"
"CHTR","CHARTER COMMUNICATIONS INC CLASS A","Kommunikation","Aktien","4.406.256,00","0,01","4.406.256,00","29.772,00","148,00","Vereinigte Staaten","NASDAQ","USD"
"EMA","EMERA INC","Versorger","Aktien","4.402.283,09","0,01","4.402.283,09","84.186,00","52,29","Kanada","Toronto Stock Exchange","CAD"
"051910","LG CHEM LTD","Materialien","Aktien","4.378.719,94","0,01","4.378.719,94","16.633,00","263,25","Korea","Korea Exchange (Stock Market)","KRW"
"NESTE","NESTE","Energie","Aktien","4.371.449,77","0,01","4.371.449,77","131.230,00","33,31","Finnland","Nasdaq Omx Helsinki Ltd.","EUR"
"EMIRATESNBD","EMIRATES NBD","Financials","Aktien","4.360.775,41","0,01","4.360.775,41","576.140,00","7,57","Ver. Arabische Emirate","Dubai Financial Market","AED"
"CLAR","CAPITALAND ASCENDAS REIT","Immobilien","Aktien","4.352.918,41","0,01","4.352.918,41","2.246.335,00","1,94","Singapur","Singapore Exchange","SGD"
"SQM.B","SOCIEDAD QUIMICA Y MINERA DE CHILE","Materialien","Aktien","4.347.607,71","0,01","4.347.607,71","49.525,00","87,79","Chile","Santiago Stock Exchange","CLP"
"EMSN","EMS-CHEMIE HOLDING AG","Materialien","Aktien","4.344.315,18","0,01","4.344.315,18","5.104,00","851,16","Schweiz","SIX Swiss Exchange","CHF"
"ENX","EURONEXT NV","Financials","Aktien","4.308.047,46","0,01","4.308.047,46","26.196,00","164,46","Frankreich","Nyse Euronext - Euronext Paris","EUR"
"SCHP","SCHINDLER HOLDING PAR AG","Industrie","Aktien","4.310.992,91","0,01","4.310.992,91","12.855,00","335,36","Schweiz","SIX Swiss Exchange","CHF"
"REG","REGENCY CENTERS REIT CORP","Immobilien","Aktien","4.302.904,80","0,01","4.302.904,80","55.940,00","76,92","Vereinigte Staaten","NASDAQ","USD"
"LAND","LAND SECURITIES GROUP REIT PLC","Immobilien","Aktien","4.292.460,31","0,01","4.292.460,31","545.545,00","7,87","Vereinigtes Königreich","London Stock Exchange","GBP"
"KOG","KONGSBERG GRUPPEN","Industrie","Aktien","4.279.528,03","0,01","4.279.528,03","135.259,00","31,64","Norwegen","Oslo Bors Asa","NOK"
"INF","INFORMA PLC","Kommunikation","Aktien","4.274.231,29","0,01","4.274.231,29","395.229,00","10,81","Vereinigtes Königreich","London Stock Exchange","GBP"
"S68","SINGAPORE EXCHANGE LTD","Financials","Aktien","4.262.974,46","0,01","4.262.974,46","255.108,00","16,71","Singapur","Singapore Exchange","SGD"
"ORK","ORKLA","Nichtzyklische Konsumgüter","Aktien","4.256.967,29","0,01","4.256.967,29","359.815,00","11,83","Norwegen","Oslo Bors Asa","NOK"
"IMP","IMPALA PLATINUM LTD","Materialien","Aktien","4.243.915,14","0,01","4.243.915,14","267.528,00","15,86","Südafrika","Johannesburg Stock Exchange","ZAR"
"CSGP","COSTAR GROUP INC","Immobilien","Aktien","4.239.362,40","0,01","4.239.362,40","133.104,00","31,85","Vereinigte Staaten","NASDAQ","USD"
"5020","ENEOS HOLDINGS INC","Energie","Aktien","4.242.340,89","0,01","4.242.340,89","510.000,00","8,32","Japan","Tokyo Stock Exchange","JPY"
"9866","NIO CLASS A INC","Zyklische Konsumgüter ","Aktien","4.238.786,18","0,01","4.238.786,18","664.529,00","6,38","China","Hong Kong Exchanges And Clearing Ltd","HKD"
"TIH","TOROMONT INDUSTRIES LTD","Industrie","Aktien","4.233.994,98","0,01","4.233.994,98","25.777,00","164,25","Kanada","Toronto Stock Exchange","CAD"
"EUROB","EUROBANK SA","Financials","Aktien","4.231.816,13","0,01","4.231.816,13","927.106,00","4,56","Griechenland","Athens Exchange S.A. Cash Market","EUR"
"CNA","CENTRICA PLC","Versorger","Aktien","4.226.515,24","0,01","4.226.515,24","1.550.124,00","2,73","Vereinigtes Königreich","London Stock Exchange","GBP"
"267260","HD HYUNDAI ELECTRIC LTD","Industrie","Aktien","4.223.474,97","0,01","4.223.474,97","4.970,00","849,79","Korea","Korea Exchange (Stock Market)","KRW"
"BG","BAWAG GROUP AG","Financials","Aktien","4.222.115,37","0,01","4.222.115,37","24.408,00","172,98","Österreich","Wiener Boerse Ag","EUR"
"TLC","THE LOTTERY CORPORATION LTD","Zyklische Konsumgüter ","Aktien","4.217.186,73","0,01","4.217.186,73","1.107.195,00","3,81","Australien","Asx - All Markets","AUD"
"DSFIR","DSM FIRMENICH AG","Materialien","Aktien","4.210.316,00","0,01","4.210.316,00","53.167,00","79,19","Niederlande","Euronext Amsterdam","EUR"
"SUI","SUN COMMUNITIES REIT INC","Immobilien","Aktien","4.205.489,96","0,01","4.205.489,96","34.508,00","121,87","Vereinigte Staaten","New York Stock Exchange Inc.","USD"
"FPH","FISHER AND PAYKEL HEALTHCARE CORPO","Gesundheitsversorgung","Aktien","4.200.217,25","0,01","4.200.217,25","207.636,00","20,23","Neuseeland","New Zealand Exchange Ltd","NZD"
"IOICORP","IOI CORPORATION","Nichtzyklische Konsumgüter","Aktien","4.200.845,48","0,01","4.200.845,48","4.018.400,00","1,05","Malaysia","Bursa Malaysia","MYR"
"ARX","ARC RESOURCES LTD","Energie","Aktien","4.180.608,06","0,01","4.180.608,06","185.947,00","22,48","Kanada","Toronto Stock Exchange","CAD"
"S63","SINGAPORE TECHNOLOGIES ENGINEERING","Industrie","Aktien","4.182.745,07","0,01","4.182.745,07","506.800,00","8,25","Singapur","Singapore Exchange","SGD"
"RKT","ROCKET COMPANIES INC CLASS A","Financials","Aktien","4.174.986,48","0,01","4.174.986,48","292.366,00","14,28","Vereinigte Staaten","New York Stock Exchange Inc.","USD"
"AGS","AGEAS SA","Financials","Aktien","4.171.530,98","0,01","4.171.530,98","52.025,00","80,18","Belgien","Nyse Euronext - Euronext Brussels","EUR"
"GGG","GRACO INC","Industrie","Aktien","4.157.714,20","0,01","4.157.714,20","54.335,00","76,52","Vereinigte Staaten","New York Stock Exchange Inc.","USD"
"2015","LI AUTO CLASS A INC","Zyklische Konsumgüter ","Aktien","4.154.849,08","0,01","4.154.849,08","423.454,00","9,81","China","Hong Kong Exchanges And Clearing Ltd","HKD"
"EN","BOUYGUES SA","Industrie","Aktien","4.156.317,67","0,01","4.156.317,67","68.803,00","60,41","Frankreich","Nyse Euronext - Euronext Paris","EUR"
"TELIA","TELIA COMPANY","Kommunikation","Aktien","4.156.886,02","0,01","4.156.886,02","786.785,00","5,28","Schweden","Nasdaq Omx Nordic","SEK"
"2319","CHINA MENGNIU DAIRY LTD","Nichtzyklische Konsumgüter","Aktien","4.148.715,59","0,01","4.148.715,59","1.840.000,00","2,25","China","Hong Kong Exchanges And Clearing Ltd","HKD"
"ELE","ENDESA SA","Versorger","Aktien","4.140.541,90","0,01","4.140.541,90","96.990,00","42,69","Spanien","Bolsa De Madrid","EUR"
"CSL","CARLISLE COMPANIES INC","Industrie","Aktien","4.137.473,45","0,01","4.137.473,45","11.891,00","347,95","Vereinigte Staaten","New York Stock Exchange Inc.","USD"
"SGSN","SGS SA","Industrie","Aktien","4.127.967,51","0,01","4.127.967,51","38.172,00","108,14","Schweiz","SIX Swiss Exchange","CHF"
"MKC","MCCORMICK & CO NON-VOTING INC","Nichtzyklische Konsumgüter","Aktien","4.130.506,59","0,01","4.130.506,59","88.809,00","46,51","Vereinigte Staaten","New York Stock Exchange Inc.","USD"
"6383","DAIFUKU LTD","Industrie","Aktien","4.127.060,61","0,01","4.127.060,61","87.000,00","47,44","Japan","Tokyo Stock Exchange","JPY"
"DKS","DICKS SPORTING INC","Zyklische Konsumgüter ","Aktien","4.115.391,18","0,01","4.115.391,18","18.583,00","221,46","Vereinigte Staaten","New York Stock Exchange Inc.","USD"
"ALFA","ALFA LAVAL","Industrie","Aktien","4.112.758,15","0,01","4.112.758,15","71.023,00","57,91","Schweden","Nasdaq Omx Nordic","SEK"
"OKTA","OKTA INC CLASS A","IT","Aktien","4.109.478,15","0,01","4.109.478,15","50.703,00","81,05","Vereinigte Staaten","NASDAQ","USD"
"TRI","THOMSON REUTERS CORP","Industrie","Aktien","4.104.960,45","0,01","4.104.960,45","51.895,00","79,10","Kanada","Toronto Stock Exchange","CAD"
"ICT","INTERNATIONAL CONTAINER TERMINAL S","Industrie","Aktien","4.097.867,62","0,01","4.097.867,62","318.930,00","12,85","Philippinen","Philippine Stock Exchange Inc.","PHP"
"823","LINK REAL ESTATE INVESTMENT TRUST","Immobilien","Aktien","4.088.641,03","0,01","4.088.641,03","763.200,00","5,36","Hongkong","Hong Kong Exchanges And Clearing Ltd","HKD"
"TEAM","ATLASSIAN CORP CLASS A","IT","Aktien","4.091.435,14","0,01","4.091.435,14","50.599,00","80,86","Vereinigte Staaten","NASDAQ","USD"
"2503","KIRIN HOLDINGS LTD","Nichtzyklische Konsumgüter","Aktien","4.081.789,81","0,01","4.081.789,81","255.700,00","15,96","Japan","Tokyo Stock Exchange","JPY"
"WSO","WATSCO INC","Industrie","Aktien","4.062.605,12","0,01","4.062.605,12","9.764,00","416,08","Vereinigte Staaten","New York Stock Exchange Inc.","USD"
"IT","GARTNER INC","IT","Aktien","4.062.253,30","0,01","4.062.253,30","28.882,00","140,65","Vereinigte Staaten","New York Stock Exchange Inc.","USD"
"AMUN","AMUNDI SA","Financials","Aktien","4.053.427,67","0,01","4.053.427,67","40.424,00","100,27","Frankreich","Nyse Euronext - Euronext Paris","EUR"
"7701","SHIMADZU CORP","IT","Aktien","4.053.956,81","0,01","4.053.956,81","183.700,00","22,07","Japan","Tokyo Stock Exchange","JPY"
"TIT","TELECOM ITALIA","Kommunikation","Aktien","4.055.710,11","0,01","4.055.710,11","4.896.157,00","0,83","Italien","Borsa Italiana","EUR"
"CG","CARLYLE GROUP INC","Financials","Aktien","4.051.138,32","0,01","4.051.138,32","80.958,00","50,04","Vereinigte Staaten","NASDAQ","USD"
"EDV","ENDEAVOUR MINING","Materialien","Aktien","4.041.281,47","0,01","4.041.281,47","61.401,00","65,82","Vereinigtes Königreich","London Stock Exchange","GBP"
"KRX","KINGSPAN GROUP PLC","Industrie","Aktien","4.041.667,95","0,01","4.041.667,95","45.441,00","88,94","Irland","Irish Stock Exchange - All Market","EUR"
"ETE","NATIONAL BANK OF GREECE SA","Financials","Aktien","4.031.008,51","0,01","4.031.008,51","241.006,00","16,73","Griechenland","Athens Exchange S.A. Cash Market","EUR"
"CLX","CLOROX","Nichtzyklische Konsumgüter","Aktien","4.031.993,25","0,01","4.031.993,25","44.225,00","91,17","Vereinigte Staaten","New York Stock Exchange Inc.","USD"
"RPM","RPM INTERNATIONAL INC","Materialien","Aktien","4.025.922,02","0,01","4.025.922,02","40.918,00","98,39","Vereinigte Staaten","New York Stock Exchange Inc.","USD"
"BIMAS.E","BIM BIRLESIK MAGAZALAR A","Nichtzyklische Konsumgüter","Aktien","4.002.334,88","0,01","4.002.334,88","439.220,00","9,11","Türkei","Istanbul Stock Exchange","TRY"
"GIB.A","CGI INC CLASS A","IT","Aktien","3.995.061,27","0,01","3.995.061,27","64.202,00","62,23","Kanada","Toronto Stock Exchange","CAD"
"NHY","NORSK HYDRO","Materialien","Aktien","3.991.279,27","0,01","3.991.279,27","345.255,00","11,56","Norwegen","Oslo Bors Asa","NOK"
"CTC.A","CANADIAN TIRE LTD CLASS A","Zyklische Konsumgüter ","Aktien","3.991.466,95","0,01","3.991.466,95","31.326,00","127,42","Kanada","Toronto Stock Exchange","CAD"
"GLPI","GAMING AND LEISURE PROPERTIES REIT","Immobilien","Aktien","3.978.325,60","0,01","3.978.325,60","84.880,00","46,87","Vereinigte Staaten","NASDAQ","USD"
"1928","SEKISUI HOUSE LTD","Zyklische Konsumgüter ","Aktien","3.969.636,73","0,01","3.969.636,73","183.400,00","21,64","Japan","Tokyo Stock Exchange","JPY"
"EG","EVEREST GROUP LTD","Financials","Aktien","3.965.346,05","0,01","3.965.346,05","11.395,00","347,99","Vereinigte Staaten","New York Stock Exchange Inc.","USD"
"SY1","SYMRISE AG","Materialien","Aktien","3.948.814,72","0,01","3.948.814,72","45.478,00","86,83","Deutschland","Xetra","EUR"
"5016","JX ADVANCED METALS CORP","Materialien","Aktien","3.950.826,77","0,01","3.950.826,77","140.500,00","28,12","Japan","Tokyo Stock Exchange","JPY"
"COO","COOPER INC","Gesundheitsversorgung","Aktien","3.941.968,68","0,01","3.941.968,68","65.286,00","60,38","Vereinigte Staaten","NASDAQ","USD"
"KRZ","KERRY GROUP PLC","Nichtzyklische Konsumgüter","Aktien","3.937.709,00","0,01","3.937.709,00","46.437,00","84,80","Irland","Irish Stock Exchange - All Market","EUR"
"PSON","PEARSON PLC","Zyklische Konsumgüter ","Aktien","3.929.922,64","0,01","3.929.922,64","263.866,00","14,89","Vereinigtes Königreich","London Stock Exchange","GBP"
"SHP","SHOPRITE HOLDINGS LTD","Nichtzyklische Konsumgüter","Aktien","3.913.564,55","0,01","3.913.564,55","220.484,00","17,75","Südafrika","Johannesburg Stock Exchange","ZAR"
"ASRNL","ASR NEDERLAND NV","Financials","Aktien","3.914.302,28","0,01","3.914.302,28","49.429,00","79,19","Niederlande","Euronext Amsterdam","EUR"
"SN.","SMITH AND NEPHEW PLC","Gesundheitsversorgung","Aktien","3.903.565,34","0,01","3.903.565,34","262.215,00","14,89","Vereinigtes Königreich","London Stock Exchange","GBP"
"UU.","UNITED UTILITIES GROUP PLC","Versorger","Aktien","3.899.388,63","0,01","3.899.388,63","209.093,00","18,65","Vereinigtes Königreich","London Stock Exchange","GBP"
"669","TECHTRONIC INDUSTRIES LTD","Industrie","Aktien","3.898.013,38","0,01","3.898.013,38","254.000,00","15,35","Hongkong","Hong Kong Exchanges And Clearing Ltd","HKD"
"BARN","BARRY CALLEBAUT AG","Nichtzyklische Konsumgüter","Aktien","3.893.922,48","0,01","3.893.922,48","2.558,00","1.522,25","Schweiz","SIX Swiss Exchange","CHF"
"DSCT","ISRAEL DISCOUNT BANK LTD","Financials","Aktien","3.875.844,54","0,01","3.875.844,54","366.494,00","10,58","Israel","Tel Aviv Stock Exchange","ILS"
"HEN3","HENKEL & KGAA PREF AG","Nichtzyklische Konsumgüter","Aktien","3.878.210,24","0,01","3.878.210,24","52.109,00","74,43","Deutschland","Xetra","EUR"
"316140","WOORI FINANCIAL GROUP INC","Financials","Aktien","3.863.434,99","0,01","3.863.434,99","181.138,00","21,33","Korea","Korea Exchange (Stock Market)","KRW"
"IAG","INSURANCE AUSTRALIA GROUP LTD","Financials","Aktien","3.861.666,43","0,01","3.861.666,43","678.048,00","5,70","Australien","Asx - All Markets","AUD"
"2368","GOLD CIRCUIT ELECTRONICS LTD","IT","Aktien","3.856.893,54","0,01","3.856.893,54","85.000,00","45,38","Taiwan","Taiwan Stock Exchange","TWD"
"G1A","GEA GROUP AG","Industrie","Aktien","3.841.506,80","0,01","3.841.506,80","59.314,00","64,77","Deutschland","Xetra","EUR"
"BBY","BEST BUY INC","Zyklische Konsumgüter ","Aktien","3.837.519,40","0,01","3.837.519,40","67.705,00","56,68","Vereinigte Staaten","New York Stock Exchange Inc.","USD"
"7202","ISUZU MOTORS LTD","Zyklische Konsumgüter ","Aktien","3.821.559,33","0,01","3.821.559,33","254.200,00","15,03","Japan","Tokyo Stock Exchange","JPY"
"2601","CHINA PACIFIC INSURANCE (GROUP) LT","Financials","Aktien","3.817.077,78","0,01","3.817.077,78","884.000,00","4,32","China","Hong Kong Exchanges And Clearing Ltd","HKD"
"SCG","SCENTRE GROUP","Immobilien","Aktien","3.816.202,13","0,01","3.816.202,13","1.442.654,00","2,65","Australien","Asx - All Markets","AUD"
"MZTF","MIZRAHI TEFAHOT BANK LTD","Financials","Aktien","3.812.438,66","0,01","3.812.438,66","49.502,00","77,02","Israel","Tel Aviv Stock Exchange","ILS"
"TEL","TELENOR","Kommunikation","Aktien","3.807.843,31","0,01","3.807.843,31","223.356,00","17,05","Norwegen","Oslo Bors Asa","NOK"
"FOX","FOX CORP CLASS B","Kommunikation","Aktien","3.800.620,20","0,01","3.800.620,20","64.857,00","58,60","Vereinigte Staaten","NASDAQ","USD"
"9503","KANSAI ELECTRIC POWER INC","Versorger","Aktien","3.798.302,51","0,01","3.798.302,51","256.100,00","14,83","Japan","Tokyo Stock Exchange","JPY"
"TW","TRADEWEB MARKETS INC CLASS A","Financials","Aktien","3.798.827,12","0,01","3.798.827,12","34.604,00","109,78","Vereinigte Staaten","NASDAQ","USD"
"6618","JD HEALTH INTERNATIONAL INC","Nichtzyklische Konsumgüter","Aktien","3.794.757,16","0,01","3.794.757,16","614.600,00","6,17","China","Hong Kong Exchanges And Clearing Ltd","HKD"
"FGR","EIFFAGE SA","Industrie","Aktien","3.796.758,32","0,01","3.796.758,32","24.487,00","155,05","Frankreich","Nyse Euronext - Euronext Paris","EUR"
"9766","KONAMI GROUP CORP","Kommunikation","Aktien","3.793.215,09","0,01","3.793.215,09","30.700,00","123,56","Japan","Tokyo Stock Exchange","JPY"
"1378","CHINA HONGQIAO GROUP LTD","Materialien","Aktien","3.784.862,88","0,01","3.784.862,88","886.500,00","4,27","China","Hong Kong Exchanges And Clearing Ltd","HKD"
"2886","MEGA FINANCIAL HOLDING LTD","Financials","Aktien","3.769.040,22","0,01","3.769.040,22","3.022.425,00","1,25","Taiwan","Taiwan Stock Exchange","TWD"
"4204","SEKISUI CHEMICAL LTD","Industrie","Aktien","3.761.780,64","0,01","3.761.780,64","252.400,00","14,90","Japan","Tokyo Stock Exchange","JPY"
"AC","ACCOR SA","Zyklische Konsumgüter ","Aktien","3.756.653,40","0,01","3.756.653,40","72.228,00","52,01","Frankreich","Nyse Euronext - Euronext Paris","EUR"
"BBRI","BANK RAKYAT INDONESIA (PERSERO)","Financials","Aktien","3.738.354,88","0,01","3.738.354,88","20.926.400,00","0,18","Indonesien","Indonesia Stock Exchange","IDR"
"1093","CSPC PHARMACEUTICAL GROUP LTD","Gesundheitsversorgung","Aktien","3.732.390,79","0,01","3.732.390,79","3.672.560,00","1,02","China","Hong Kong Exchanges And Clearing Ltd","HKD"
"ITRK","INTERTEK GROUP PLC","Industrie","Aktien","3.734.856,58","0,01","3.734.856,58","48.806,00","76,52","Vereinigtes Königreich","London Stock Exchange","GBP"
"PEO","BANK PEKAO SA","Financials","Aktien","3.728.923,88","0,01","3.728.923,88","56.750,00","65,71","Polen","Warsaw Stock Exchange/Equities/Main Market","PLN"
"GDDY","GODADDY INC CLASS A","IT","Aktien","3.715.738,10","0,01","3.715.738,10","43.730,00","84,97","Vereinigte Staaten","New York Stock Exchange Inc.","USD"
"SMIN","SMITHS GROUP PLC","Industrie","Aktien","3.716.381,57","0,01","3.716.381,57","108.591,00","34,22","Vereinigtes Königreich","London Stock Exchange","GBP"
"ENELCHILE","ENEL CHILE SA","Versorger","Aktien","3.717.747,17","0,01","3.717.747,17","41.396.650,00","0,09","Chile","Santiago Stock Exchange","CLP"
"KESKOB","KESKO CLASS B","Nichtzyklische Konsumgüter","Aktien","3.708.011,29","0,01","3.708.011,29","156.080,00","23,76","Finnland","Nasdaq Omx Helsinki Ltd.","EUR"
"BN4","KEPPEL LTD","Industrie","Aktien","3.696.081,28","0,01","3.696.081,28","440.300,00","8,39","Singapur","Singapore Exchange","SGD"
"NVR","NVR INC","Zyklische Konsumgüter ","Aktien","3.698.077,11","0,01","3.698.077,11","651,00","5.680,61","Vereinigte Staaten","New York Stock Exchange Inc.","USD"
"6869","YANGTZE OPTICAL FIBRE AND CABLE JO","IT","Aktien","3.694.040,14","0,01","3.694.040,14","114.000,00","32,40","China","Hong Kong Exchanges And Clearing Ltd","HKD"
"MONC","MONCLER","Zyklische Konsumgüter ","Aktien","3.689.563,80","0,01","3.689.563,80","62.036,00","59,47","Italien","Borsa Italiana","EUR"
"7259","AISIN CORP","Zyklische Konsumgüter ","Aktien","3.674.921,75","0,01","3.674.921,75","241.400,00","15,22","Japan","Tokyo Stock Exchange","JPY"
"KNIN","KUEHNE UND NAGEL INTERNATIONAL AG","Industrie","Aktien","3.671.743,06","0,01","3.671.743,06","16.486,00","222,72","Schweiz","SIX Swiss Exchange","CHF"
"2357","ASUSTEK COMPUTER INC","IT","Aktien","3.662.700,30","0,01","3.662.700,30","170.000,00","21,55","Taiwan","Taiwan Stock Exchange","TWD"
"FUNO11","FIBRA UNO ADMINISTRACION REIT","Immobilien","Aktien","3.652.574,07","0,01","3.652.574,07","2.113.275,00","1,73","Mexiko","Bolsa Mexicana De Valores","MXN"
"EVO","EVOLUTION","Zyklische Konsumgüter ","Aktien","3.643.435,25","0,01","3.643.435,25","53.169,00","68,53","Schweden","Nasdaq Omx Nordic","SEK"
"ADCB","ABU DHABI COMMERCIAL BANK","Financials","Aktien","3.643.475,78","0,01","3.643.475,78","969.719,00","3,76","Ver. Arabische Emirate","Abu Dhabi Securities Exchange","AED"
"SUN","SUNCORP GROUP LTD","Financials","Aktien","3.641.255,32","0,01","3.641.255,32","294.279,00","12,37","Australien","Asx - All Markets","AUD"
"PINS","PINTEREST INC CLASS A","Kommunikation","Aktien","3.636.823,30","0,01","3.636.823,30","191.110,00","19,03","Vereinigte Staaten","New York Stock Exchange Inc.","USD"
"TYL","TYLER TECHNOLOGIES INC","IT","Aktien","3.634.719,24","0,01","3.634.719,24","12.153,00","299,08","Vereinigte Staaten","New York Stock Exchange Inc.","USD"
"3653","JENTECH PRECISION INDUSTRIAL LTD","IT","Aktien","3.630.334,76","0,01","3.630.334,76","34.000,00","106,77","Taiwan","Taiwan Stock Exchange","TWD"
"SPSN","SWISS PRIME SITE AG","Immobilien","Aktien","3.633.043,61","0,01","3.633.043,61","22.019,00","165,00","Schweiz","SIX Swiss Exchange","CHF"
"4661","ORIENTAL LAND LTD","Zyklische Konsumgüter ","Aktien","3.625.490,53","0,01","3.625.490,53","266.800,00","13,59","Japan","Tokyo Stock Exchange","JPY"
"4911","SHISEIDO LTD","Nichtzyklische Konsumgüter","Aktien","3.616.061,84","0,01","3.616.061,84","186.700,00","19,37","Japan","Tokyo Stock Exchange","JPY"
"SGE","THE SAGE GROUP PLC","IT","Aktien","3.601.056,69","0,01","3.601.056,69","312.341,00","11,53","Vereinigtes Königreich","London Stock Exchange","GBP"
"METSO","METSO CORPORATION","Industrie","Aktien","3.597.871,93","0,01","3.597.871,93","203.998,00","17,64","Finnland","Nasdaq Omx Helsinki Ltd.","EUR"
"1326","FORMOSA CHEMICALS & FIBRE CORP","Materialien","Aktien","3.593.746,44","0,01","3.593.746,44","2.519.620,00","1,43","Taiwan","Taiwan Stock Exchange","TWD"
"6988","NITTO DENKO CORP","Materialien","Aktien","3.583.259,03","0,01","3.583.259,03","186.100,00","19,25","Japan","Tokyo Stock Exchange","JPY"
"ALA","ALTAGAS LTD","Versorger","Aktien","3.573.240,97","0,01","3.573.240,97","92.886,00","38,47","Kanada","Toronto Stock Exchange","CAD"
"KGF","KINGFISHER PLC","Zyklische Konsumgüter ","Aktien","3.568.421,79","0,01","3.568.421,79","927.880,00","3,85","Vereinigtes Königreich","London Stock Exchange","GBP"
"SMPH","SM PRIME HOLDINGS INC","Immobilien","Aktien","3.566.582,19","0,01","3.566.582,19","11.438.300,00","0,31","Philippinen","Philippine Stock Exchange Inc.","PHP"
"CPU","COMPUTERSHARE LTD","Industrie","Aktien","3.563.515,43","0,01","3.563.515,43","164.131,00","21,71","Australien","Asx - All Markets","AUD"
"HTHT","H WORLD GROUP ADR LTD","Zyklische Konsumgüter ","Aktien","3.533.676,00","0,01","3.533.676,00","77.800,00","45,42","China","NASDAQ","USD"
"2423","KE HOLDINGS INC","Immobilien","Aktien","3.497.322,09","0,01","3.497.322,09","546.755,00","6,40","China","Hong Kong Exchanges And Clearing Ltd","HKD"
"DPZ","DOMINOS PIZZA INC","Zyklische Konsumgüter ","Aktien","3.480.306,48","0,01","3.480.306,48","11.448,00","304,01","Vereinigte Staaten","NASDAQ","USD"
"DOC","HEALTHPEAK PROPERTIES INC","Immobilien","Aktien","3.470.354,76","0,01","3.470.354,76","177.421,00","19,56","Vereinigte Staaten","New York Stock Exchange Inc.","USD"
"6361","EBARA CORP","Industrie","Aktien","3.470.474,56","0,01","3.470.474,56","95.800,00","36,23","Japan","Tokyo Stock Exchange","JPY"
"TUPRS.E","TURKIYE PETROL RAFINERILERI A","Energie","Aktien","3.460.230,15","0,01","3.460.230,15","620.149,00","5,58","Türkei","Istanbul Stock Exchange","TRY"
"8697","JAPAN EXCHANGE GROUP INC","Financials","Aktien","3.459.454,93","0,01","3.459.454,93","303.100,00","11,41","Japan","Tokyo Stock Exchange","JPY"
"AKZA","AKZO NOBEL NV","Materialien","Aktien","3.440.852,78","0,01","3.440.852,78","59.096,00","58,23","Niederlande","Euronext Amsterdam","EUR"
"VER","VERBUND AG","Versorger","Aktien","3.427.662,38","0,01","3.427.662,38","47.679,00","71,89","Österreich","Wiener Boerse Ag","EUR"
"CICT","CAPITALAND INTEGRATED COMMERCIAL T","Immobilien","Aktien","3.426.582,50","0,01","3.426.582,50","1.924.094,00","1,78","Singapur","Singapore Exchange","SGD"
"2688","ENN ENERGY HOLDINGS LTD","Versorger","Aktien","3.404.383,71","0,01","3.404.383,71","443.300,00","7,68","China","Hong Kong Exchanges And Clearing Ltd","HKD"
"TOST","TOAST INC CLASS A","Financials","Aktien","3.397.888,02","0,01","3.397.888,02","147.286,00","23,07","Vereinigte Staaten","New York Stock Exchange Inc.","USD"
"SAP","SAPUTO INC","Nichtzyklische Konsumgüter","Aktien","3.399.072,90","0,01","3.399.072,90","116.765,00","29,11","Kanada","Toronto Stock Exchange","CAD"
"FSV","FIRSTSERVICE SUBORDINATE VOTING CO","Immobilien","Aktien","3.390.027,86","0,01","3.390.027,86","26.144,00","129,67","Kanada","Toronto Stock Exchange","CAD"
"APA","APA GROUP UNITS","Versorger","Aktien","3.370.455,65","0,01","3.370.455,65","437.465,00","7,70","Australien","Asx - All Markets","AUD"
"HM B","HENNES & MAURITZ","Zyklische Konsumgüter ","Aktien","3.362.893,74","0,01","3.362.893,74","199.859,00","16,83","Schweden","Nasdaq Omx Nordic","SEK"
"DKNG","DRAFTKINGS INC CLASS A","Zyklische Konsumgüter ","Aktien","3.363.208,90","0,01","3.363.208,90","133.726,00","25,15","Vereinigte Staaten","NASDAQ","USD"
"3665","BIZLINK HOLDING INC","Industrie","Aktien","3.355.544,98","0,01","3.355.544,98","47.000,00","71,39","Taiwan","Taiwan Stock Exchange","TWD"
"GWO","GREAT WEST LIFECO INC","Financials","Aktien","3.345.717,57","0,01","3.345.717,57","59.421,00","56,31","Kanada","Toronto Stock Exchange","CAD"
"SIG","SIGMA HEALTHCARE LTD","Gesundheitsversorgung","Aktien","3.334.973,73","0,01","3.334.973,73","1.613.386,00","2,07","Australien","Asx - All Markets","AUD"
"7272","YAMAHA MOTOR LTD","Zyklische Konsumgüter ","Aktien","3.329.637,99","0,01","3.329.637,99","451.600,00","7,37","Japan","Tokyo Stock Exchange","JPY"
"9868","XPENG CLASS A INC","Zyklische Konsumgüter ","Aktien","3.317.536,20","0,01","3.317.536,20","417.418,00","7,95","China","Hong Kong Exchanges And Clearing Ltd","HKD"
"NLY","ANNALY CAPITAL MANAGEMENT REIT INC","Financials","Aktien","3.317.829,21","0,01","3.317.829,21","150.879,00","21,99","Vereinigte Staaten","New York Stock Exchange Inc.","USD"
"PBBANK","PUBLIC BANK","Financials","Aktien","3.307.349,10","0,01","3.307.349,10","2.692.100,00","1,23","Malaysia","Bursa Malaysia","MYR"
"SOBI","SWEDISH ORPHAN BIOVITRUM","Gesundheitsversorgung","Aktien","3.307.492,34","0,01","3.307.492,34","70.452,00","46,95","Schweden","Nasdaq Omx Nordic","SEK"
"RIVN","RIVIAN AUTOMOTIVE INC CLASS A","Zyklische Konsumgüter ","Aktien","3.304.752,00","0,01","3.304.752,00","227.600,00","14,52","Vereinigte Staaten","NASDAQ","USD"
"STMN","STRAUMANN HOLDING AG","Gesundheitsversorgung","Aktien","3.299.352,58","0,01","3.299.352,58","30.926,00","106,69","Schweiz","SIX Swiss Exchange","CHF"
"FORTUM","FORTUM","Versorger","Aktien","3.289.621,45","0,01","3.289.621,45","139.153,00","23,64","Finnland","Nasdaq Omx Helsinki Ltd.","EUR"
"SOLV","SOLVENTUM CORP","Gesundheitsversorgung","Aktien","3.280.880,12","0,01","3.280.880,12","44.086,00","74,42","Vereinigte Staaten","New York Stock Exchange Inc.","USD"
"BNZL","BUNZL","Industrie","Aktien","3.277.073,98","0,01","3.277.073,98","103.415,00","31,69","Vereinigtes Königreich","London Stock Exchange","GBP"
"UHS","UNIVERSAL HEALTH SERVICES INC CLAS","Gesundheitsversorgung","Aktien","3.270.719,88","0,01","3.270.719,88","19.164,00","170,67","Vereinigte Staaten","New York Stock Exchange Inc.","USD"
"9502","CHUBU ELECTRIC POWER INC","Versorger","Aktien","3.267.631,92","0,01","3.267.631,92","190.300,00","17,17","Japan","Tokyo Stock Exchange","JPY"
"VCX","VICINITY CENTRES","Immobilien","Aktien","3.268.464,32","0,01","3.268.464,32","1.830.875,00","1,79","Australien","Asx - All Markets","AUD"
"024110","INDUSTRIAL BANK OF KOREA","Financials","Aktien","3.265.980,95","0,01","3.265.980,95","228.611,00","14,29","Korea","Korea Exchange (Stock Market)","KRW"
"SRG","SNAM","Versorger","Aktien","3.256.921,45","0,01","3.256.921,45","439.959,00","7,40","Italien","Borsa Italiana","EUR"
"035720","KAKAO CORP","Kommunikation","Aktien","3.245.516,35","0,01","3.245.516,35","105.308,00","30,82","Korea","Korea Exchange (Stock Market)","KRW"
"3402","TORAY INDUSTRIES INC","Materialien","Aktien","3.241.570,08","0,01","3.241.570,08","440.600,00","7,36","Japan","Tokyo Stock Exchange","JPY"
"VIPS","VIPSHOP HOLDINGS SPONSORED ADS REP","Zyklische Konsumgüter ","Aktien","3.233.529,70","0,01","3.233.529,70","228.518,00","14,15","China","New York Stock Exchange Inc.","USD"
"TM","TELEKOM MALAYSIA","Kommunikation","Aktien","3.230.577,64","0,01","3.230.577,64","1.666.800,00","1,94","Malaysia","Bursa Malaysia","MYR"
"5401","NIPPON STEEL CORP","Materialien","Aktien","3.218.430,05","0,01","3.218.430,05","915.100,00","3,52","Japan","Tokyo Stock Exchange","JPY"
"SDG","SD GUTHRIE","Nichtzyklische Konsumgüter","Aktien","3.219.602,19","0,01","3.219.602,19","2.116.700,00","1,52","Malaysia","Bursa Malaysia","MYR"
"RCI.B","ROGERS COMMUNICATIONS NON-VOTING I","Kommunikation","Aktien","3.214.745,20","0,01","3.214.745,20","90.045,00","35,70","Kanada","Toronto Stock Exchange","CAD"
"CHKP","CHECK POINT SOFTWARE TECHNOLOGIES","IT","Aktien","3.201.175,25","0,01","3.201.175,25","26.621,00","120,25","Israel","NASDAQ","USD"
"SCC.R","SIAM CEMENT NON-VOTING DR PCL","Materialien","Aktien","3.204.406,65","0,01","3.204.406,65","452.500,00","7,08","Thailand","Stock Exchange Of Thailand","THB"
"NWSA","NEWS CORP CLASS A","Kommunikation","Aktien","3.200.478,75","0,01","3.200.478,75","121.923,00","26,25","Vereinigte Staaten","NASDAQ","USD"
"PODD","INSULET CORP","Gesundheitsversorgung","Aktien","3.194.092,44","0,01","3.194.092,44","21.483,00","148,68","Vereinigte Staaten","NASDAQ","USD"
"NDSN","NORDSON CORP","Industrie","Aktien","3.190.707,52","0,01","3.190.707,52","11.384,00","280,28","Vereinigte Staaten","NASDAQ","USD"
"OMV","OMV AG","Energie","Aktien","3.179.534,27","0,01","3.179.534,27","44.120,00","72,07","Österreich","Wiener Boerse Ag","EUR"
"SOON","SONOVA HOLDING AG","Gesundheitsversorgung","Aktien","3.176.009,19","0,01","3.176.009,19","14.252,00","222,85","Schweiz","SIX Swiss Exchange","CHF"
"1177","SINO BIOPHARMACEUTICAL LTD","Gesundheitsversorgung","Aktien","3.177.579,99","0,01","3.177.579,99","4.452.250,00","0,71","China","Hong Kong Exchanges And Clearing Ltd","HKD"
"RXL","REXEL SA","Industrie","Aktien","3.152.889,18","0,01","3.152.889,18","70.906,00","44,47","Frankreich","Nyse Euronext - Euronext Paris","EUR"
"3481","INNOLUX CORP","IT","Aktien","3.154.155,16","0,01","3.154.155,16","2.808.000,00","1,12","Taiwan","Taiwan Stock Exchange","TWD"
"FRES","FRESNILLO PLC","Materialien","Aktien","3.139.586,10","0,01","3.139.586,10","62.808,00","49,99","Vereinigtes Königreich","London Stock Exchange","GBP"
"CNH","CNH INDUSTRIAL N.V. NV","Industrie","Aktien","3.136.115,73","0,01","3.136.115,73","293.919,00","10,67","Vereinigte Staaten","New York Stock Exchange Inc.","USD"
"003490","KOREAN AIR LINES LTD","Industrie","Aktien","3.136.162,92","0,01","3.136.162,92","171.277,00","18,31","Korea","Korea Exchange (Stock Market)","KRW"
"FNF","FIDELITY NATIONAL FINANCIAL INC","Financials","Aktien","3.133.590,30","0,01","3.133.590,30","65.570,00","47,79","Vereinigte Staaten","New York Stock Exchange Inc.","USD"
"9735","SECOM LTD","Industrie","Aktien","3.116.054,25","0,01","3.116.054,25","80.600,00","38,66","Japan","Tokyo Stock Exchange","JPY"
"196170","ALTEOGEN INC","Gesundheitsversorgung","Aktien","3.118.062,31","0,01","3.118.062,31","12.075,00","258,22","Korea","Korea Exchange (Kosdaq)","KRW"
"2883","KGI FINANCIAL HOLDING LTD","Financials","Aktien","3.112.814,63","0,01","3.112.814,63","4.438.930,00","0,70","Taiwan","Taiwan Stock Exchange","TWD"
"6504","FUJI ELECTRIC LTD","Industrie","Aktien","3.113.449,68","0,01","3.113.449,68","31.900,00","97,60","Japan","Tokyo Stock Exchange","JPY"
"3231","WISTRON CORP","IT","Aktien","3.108.995,72","0,01","3.108.995,72","710.000,00","4,38","Taiwan","Taiwan Stock Exchange","TWD"
"1339","THE PEOPLES INSURANCE CO (GROUP)","Financials","Aktien","3.104.476,28","0,01","3.104.476,28","4.421.000,00","0,70","China","Hong Kong Exchanges And Clearing Ltd","HKD"
"CA","CARREFOUR SA","Nichtzyklische Konsumgüter","Aktien","3.078.093,61","0,01","3.078.093,61","153.352,00","20,07","Frankreich","Nyse Euronext - Euronext Paris","EUR"
"ACM","AECOM","Industrie","Aktien","3.076.501,00","0,01","3.076.501,00","43.331,00","71,00","Vereinigte Staaten","New York Stock Exchange Inc.","USD"
"TTD","TRADE DESK INC CLASS A","Kommunikation","Aktien","3.068.276,12","0,01","3.068.276,12","150.332,00","20,41","Vereinigte Staaten","NASDAQ","USD"
"SCHN","SCHINDLER HOLDING AG","Industrie","Aktien","3.064.055,94","0,01","3.064.055,94","9.559,00","320,54","Schweiz","SIX Swiss Exchange","CHF"
"1803","SHIMIZU CORP","Industrie","Aktien","3.065.175,95","0,01","3.065.175,95","165.300,00","18,54","Japan","Tokyo Stock Exchange","JPY"
"FME","FRESENIUS MEDICAL CARE AG","Gesundheitsversorgung","Aktien","3.066.253,79","0,01","3.066.253,79","70.971,00","43,20","Deutschland","Xetra","EUR"
"LYC","LYNAS RARE EARTHS LTD","Materialien","Aktien","3.062.128,70","0,01","3.062.128,70","236.032,00","12,97","Australien","Asx - All Markets","AUD"
"EPI B","EPIROC CLASS B","Industrie","Aktien","3.050.226,04","0,01","3.050.226,04","121.366,00","25,13","Schweden","Nasdaq Omx Nordic","SEK"
"LISP","CHOCOLADEFABRIKEN LINDT & SPRUENGL","Nichtzyklische Konsumgüter","Aktien","3.044.403,29","0,01","3.044.403,29","258,00","11.800,01","Schweiz","SIX Swiss Exchange","CHF"
"EQH","EQUITABLE HOLDINGS INC","Financials","Aktien","3.046.515,48","0,01","3.046.515,48","71.649,00","42,52","Vereinigte Staaten","New York Stock Exchange Inc.","USD"
"3750","CONTEMPORARY AMPEREX TECHNOLOGY LT","Industrie","Aktien","3.039.196,16","0,01","3.039.196,16","34.700,00","87,58","China","Hong Kong Exchanges And Clearing Ltd","HKD"
"SLM","SANLAM LIMITED LTD","Financials","Aktien","3.021.905,82","0,01","3.021.905,82","572.559,00","5,28","Südafrika","Johannesburg Stock Exchange","ZAR"
"QIBK","QATAR ISLAMIC BANK","Financials","Aktien","3.022.163,14","0,01","3.022.163,14","500.168,00","6,04","Qatar","Qatar Exchange","QAR"
"6823","HKT TRUST AND HKT UNITS LTD","Kommunikation","Aktien","3.024.214,80","0,01","3.024.214,80","1.871.000,00","1,62","Hongkong","Hong Kong Exchanges And Clearing Ltd","HKD"
"2002","CHINA STEEL CORP","Materialien","Aktien","3.008.421,29","0,01","3.008.421,29","5.180.896,00","0,58","Taiwan","Taiwan Stock Exchange","TWD"
"3661","ALCHIP TECHNOLOGIES LTD","IT","Aktien","2.988.270,35","0,01","2.988.270,35","19.498,00","153,26","Taiwan","Taiwan Stock Exchange","TWD"
"3659","NEXON LTD","Kommunikation","Aktien","2.982.392,11","0,01","2.982.392,11","187.200,00","15,93","Japan","Tokyo Stock Exchange","JPY"
"QAN","QANTAS AIRWAYS LTD","Industrie","Aktien","2.979.589,59","0,01","2.979.589,59","479.927,00","6,21","Australien","Asx - All Markets","AUD"
"SHL","SIEMENS HEALTHINEERS AG","Gesundheitsversorgung","Aktien","2.957.597,87","0,01","2.957.597,87","74.236,00","39,84","Deutschland","Xetra","EUR"
"064350","HYUNDAI-ROTEM","Industrie","Aktien","2.943.316,34","0,01","2.943.316,34","20.651,00","142,53","Korea","Korea Exchange (Stock Market)","KRW"
"4188","MITSUBISHI CHEMICAL GROUP CORP","Materialien","Aktien","2.937.830,47","0,01","2.937.830,47","440.800,00","6,66","Japan","Tokyo Stock Exchange","JPY"
"MNG","M&G PLC","Financials","Aktien","2.930.370,09","0,01","2.930.370,09","704.193,00","4,16","Vereinigtes Königreich","London Stock Exchange","GBP"
"PE&OLES*","INDUST PENOLES","Materialien","Aktien","2.923.801,20","0,01","2.923.801,20","48.722,00","60,01","Mexiko","Bolsa Mexicana De Valores","MXN"
"AKRBP","AKER BP","Energie","Aktien","2.919.932,09","0,01","2.919.932,09","79.786,00","36,60","Norwegen","Oslo Bors Asa","NOK"
"SVT","SEVERN TRENT PLC","Versorger","Aktien","2.920.913,66","0,01","2.920.913,66","69.117,00","42,26","Vereinigtes Königreich","London Stock Exchange","GBP"
"XRO","XERO LTD","IT","Aktien","2.917.422,87","0,01","2.917.422,87","54.785,00","53,25","Australien","Asx - All Markets","AUD"
"6446","PHARMAESSENTIA CORP","Gesundheitsversorgung","Aktien","2.915.248,36","0,01","2.915.248,36","117.486,00","24,81","Taiwan","Taiwan Stock Exchange","TWD"
"CEZ","CEZ","Versorger","Aktien","2.909.542,96","0,01","2.909.542,96","48.957,00","59,43","Tschechien","Prague Stock Exchange","CZK"
"MRU","METRO INC","Nichtzyklische Konsumgüter","Aktien","2.897.242,18","0,01","2.897.242,18","44.803,00","64,67","Kanada","Toronto Stock Exchange","CAD"
"9697","CAPCOM LTD","Kommunikation","Aktien","2.897.750,17","0,01","2.897.750,17","150.300,00","19,28","Japan","Tokyo Stock Exchange","JPY"
"003550","LG CORP","Industrie","Aktien","2.875.032,03","0,01","2.875.032,03","36.637,00","78,47","Korea","Korea Exchange (Stock Market)","KRW"
"7270","SUBARU CORP","Zyklische Konsumgüter ","Aktien","2.876.719,47","0,01","2.876.719,47","189.400,00","15,19","Japan","Tokyo Stock Exchange","JPY"
"8113","UNICHARM CORP","Nichtzyklische Konsumgüter","Aktien","2.870.537,80","0,01","2.870.537,80","491.300,00","5,84","Japan","Tokyo Stock Exchange","JPY"
"CARL B","CARLSBERG AS CL B","Nichtzyklische Konsumgüter","Aktien","2.872.589,85","0,01","2.872.589,85","22.127,00","129,82","Dänemark","Omx Nordic Exchange Copenhagen A/S","DKK"
"IOT","SAMSARA INC CLASS A","IT","Aktien","2.873.173,50","0,01","2.873.173,50","102.650,00","27,99","Vereinigte Staaten","New York Stock Exchange Inc.","USD"
"4958","ZHEN DING TECHNOLOGY HOLDING LTD","IT","Aktien","2.867.063,30","0,01","2.867.063,30","207.000,00","13,85","Taiwan","Taiwan Stock Exchange","TWD"
"ICL","ICL GROUP LTD","Materialien","Aktien","2.863.044,48","0,01","2.863.044,48","436.603,00","6,56","Israel","Tel Aviv Stock Exchange","ILS"
"BVN","BUENAVENTURA ADR REPRESENTING","Materialien","Aktien","2.854.494,55","0,01","2.854.494,55","76.837,00","37,15","Peru","New York Stock Exchange Inc.","USD"
"F34","WILMAR INTERNATIONAL LTD","Nichtzyklische Konsumgüter","Aktien","2.843.180,48","0,01","2.843.180,48","953.700,00","2,98","Singapur","Singapore Exchange","SGD"
"HKD","HKD CASH","Cash und/oder Derivate","Geldmarkt","2.836.204,41","0,01","2.836.204,41","22.214.287,00","12,77","Hongkong","-","HKD"
"ADDT B","ADDTECH CLASS B","Industrie","Aktien","2.834.575,84","0,01","2.834.575,84","81.333,00","34,85","Schweden","Nasdaq Omx Nordic","SEK"
"NED","NEDBANK GROUP LTD","Financials","Aktien","2.835.471,33","0,01","2.835.471,33","180.435,00","15,71","Südafrika","Johannesburg Stock Exchange","ZAR"
"ASX","ASX LTD","Financials","Aktien","2.832.941,20","0,01","2.832.941,20","66.980,00","42,30","Australien","Asx - All Markets","AUD"
"9992","POP MART INTERNATIONAL GROUP LTD","Zyklische Konsumgüter ","Aktien","2.825.328,12","0,01","2.825.328,12","141.400,00","19,98","China","Hong Kong Exchanges And Clearing Ltd","HKD"
"AIA","AUCKLAND INTERNATIONAL AIRPORT LTD","Industrie","Aktien","2.825.703,48","0,01","2.825.703,48","568.573,00","4,97","Neuseeland","New Zealand Exchange Ltd","NZD"
"TREL B","TRELLEBORG B","Industrie","Aktien","2.821.309,07","0,01","2.821.309,07","67.240,00","41,96","Schweden","Nasdaq Omx Nordic","SEK"
"2890","SINOPAC FINANCIAL HOLDINGS LTD","Financials","Aktien","2.815.796,00","0,01","2.815.796,00","2.909.502,00","0,97","Taiwan","Taiwan Stock Exchange","TWD"
"086520","ECOPRO LTD","Industrie","Aktien","2.815.840,17","0,01","2.815.840,17","29.503,00","95,44","Korea","Korea Exchange (Kosdaq)","KRW"
"BDO","BDO UNIBANK INC","Financials","Aktien","2.816.478,26","0,01","2.816.478,26","1.446.731,00","1,95","Philippinen","Philippine Stock Exchange Inc.","PHP"
"7911","TOPPAN HOLDINGS INC","Industrie","Aktien","2.812.618,80","0,01","2.812.618,80","82.800,00","33,97","Japan","Tokyo Stock Exchange","JPY"
"BLDR","BUILDERS FIRSTSOURCE INC","Industrie","Aktien","2.809.652,30","0,01","2.809.652,30","38.185,00","73,58","Vereinigte Staaten","New York Stock Exchange Inc.","USD"
"4151","KYOWA KIRIN LTD","Gesundheitsversorgung","Aktien","2.806.104,52","0,01","2.806.104,52","187.800,00","14,94","Japan","Tokyo Stock Exchange","JPY"
"MOWI","MOWI","Nichtzyklische Konsumgüter","Aktien","2.803.595,30","0,01","2.803.595,30","134.550,00","20,84","Norwegen","Oslo Bors Asa","NOK"
"BVI","BUREAU VERITAS SA","Industrie","Aktien","2.804.209,90","0,01","2.804.209,90","90.394,00","31,02","Frankreich","Nyse Euronext - Euronext Paris","EUR"
"2359","WUXI APPTEC LTD H","Gesundheitsversorgung","Aktien","2.798.867,52","0,01","2.798.867,52","168.500,00","16,61","China","Hong Kong Exchanges And Clearing Ltd","HKD"
"1347","HUA HONG SEMICONDUCTOR LTD","IT","Aktien","2.772.713,34","0,01","2.772.713,34","171.000,00","16,21","China","Hong Kong Exchanges And Clearing Ltd","HKD"
"2449","KING YUAN ELECTRONICS LTD","IT","Aktien","2.770.744,09","0,01","2.770.744,09","295.000,00","9,39","Taiwan","Taiwan Stock Exchange","TWD"
"QIA","QIAGEN NV","Gesundheitsversorgung","Aktien","2.766.953,92","0,01","2.766.953,92","82.860,00","33,39","Deutschland","Deutsche Börse AG","EUR"
"259960","KRAFTON INC","Kommunikation","Aktien","2.756.748,38","0,01","2.756.748,38","14.004,00","196,85","Korea","Korea Exchange (Stock Market)","KRW"
"000720","HYUNDAI ENGINEERING & CONSTRUCTION","Industrie","Aktien","2.756.923,24","0,01","2.756.923,24","24.279,00","113,55","Korea","Korea Exchange (Stock Market)","KRW"
"HOT","HOCHTIEF AG","Industrie","Aktien","2.754.108,96","0,01","2.754.108,96","4.449,00","619,04","Deutschland","Xetra","EUR"
"1301","FORMOSA PLASTICS CORP","Materialien","Aktien","2.743.092,62","0,01","2.743.092,62","1.875.240,00","1,46","Taiwan","Taiwan Stock Exchange","TWD"
"9901","NEW ORIENTAL EDUCATION & TECHNOLOG","Zyklische Konsumgüter ","Aktien","2.745.240,39","0,01","2.745.240,39","528.560,00","5,19","China","Hong Kong Exchanges And Clearing Ltd","HKD"
"MRO","MELROSE INDUSTRIES PLC","Industrie","Aktien","2.740.695,41","0,01","2.740.695,41","417.261,00","6,57","Vereinigtes Königreich","London Stock Exchange","GBP"
"2603","EVERGREEN MARINE CORP (TAIWAN) LTD","Industrie","Aktien","2.736.782,48","0,01","2.736.782,48","407.800,00","6,71","Taiwan","Taiwan Stock Exchange","TWD"
"LI","KLEPIERRE REIT SA","Immobilien","Aktien","2.732.159,20","0,01","2.732.159,20","68.397,00","39,95","Frankreich","Nyse Euronext - Euronext Paris","EUR"
"BMRI","BANK MANDIRI (PERSERO)","Financials","Aktien","2.729.458,92","0,01","2.729.458,92","11.350.000,00","0,24","Indonesien","Indonesia Stock Exchange","IDR"
"HUBS","HUBSPOT INC","IT","Aktien","2.721.812,56","0,01","2.721.812,56","14.836,00","183,46","Vereinigte Staaten","New York Stock Exchange Inc.","USD"
"CON","CONTINENTAL AG","Zyklische Konsumgüter ","Aktien","2.715.878,26","0,01","2.715.878,26","33.592,00","80,85","Deutschland","Xetra","EUR"
"998","CHINA CITIC BANK CORP LTD H","Financials","Aktien","2.697.749,09","0,01","2.697.749,09","2.555.000,00","1,06","China","Hong Kong Exchanges And Clearing Ltd","HKD"
"LISN","CHOCOLADEFABRIKEN LINDT & SPRUENGL","Nichtzyklische Konsumgüter","Aktien","2.694.336,25","0,01","2.694.336,25","22,00","122.469,83","Schweiz","SIX Swiss Exchange","CHF"
"HEIO","HEINEKEN HOLDING NV","Nichtzyklische Konsumgüter","Aktien","2.673.605,67","0,01","2.673.605,67","38.119,00","70,14","Niederlande","Euronext Amsterdam","EUR"
"WTB","WHITBREAD PLC","Zyklische Konsumgüter ","Aktien","2.665.091,14","0,01","2.665.091,14","84.462,00","31,55","Vereinigtes Königreich","London Stock Exchange","GBP"
"LHA","DEUTSCHE LUFTHANSA AG","Industrie","Aktien","2.661.812,13","0,01","2.661.812,13","288.037,00","9,24","Deutschland","Xetra","EUR"
"STERV","STORA ENSO CLASS R","Materialien","Aktien","2.663.566,79","0,01","2.663.566,79","237.646,00","11,21","Finnland","Nasdaq Omx Helsinki Ltd.","EUR"
"000150","DOOSAN CORP","Industrie","Aktien","2.659.099,23","0,01","2.659.099,23","2.328,00","1.142,22","Korea","Korea Exchange (Stock Market)","KRW"
"2880","HUA NAN FINANCIAL HOLDINGS LTD","Financials","Aktien","2.654.683,74","0,01","2.654.683,74","2.566.330,00","1,03","Taiwan","Taiwan Stock Exchange","TWD"
"2395","ADVANTECH LTD","IT","Aktien","2.657.250,36","0,01","2.657.250,36","180.093,00","14,75","Taiwan","Taiwan Stock Exchange","TWD"
"3323","CHINA NATIONAL BUILDING MATERIAL L","Materialien","Aktien","2.626.528,27","0,01","2.626.528,27","3.654.000,00","0,72","China","Hong Kong Exchanges And Clearing Ltd","HKD"
"010140","SAMSUNG HEAVY INDUSTRIES LTD","Industrie","Aktien","2.618.790,23","0,01","2.618.790,23","129.502,00","20,22","Korea","Korea Exchange (Stock Market)","KRW"
"3529","EMEMORY TECHNOLOGY INC","IT","Aktien","2.612.089,48","0,01","2.612.089,48","21.000,00","124,39","Taiwan","Gretai Securities Market","TWD"
"2892","FIRST FINANCIAL HOLDING LTD","Financials","Aktien","2.600.375,15","0,01","2.600.375,15","2.777.994,00","0,94","Taiwan","Taiwan Stock Exchange","TWD"
"DHER","DELIVERY HERO","Zyklische Konsumgüter ","Aktien","2.600.612,74","0,01","2.600.612,74","78.816,00","33,00","Deutschland","Xetra","EUR"
"267250","HD HYUNDAI LTD","Energie","Aktien","2.594.356,62","0,01","2.594.356,62","13.864,00","187,13","Korea","Korea Exchange (Stock Market)","KRW"
"EXO","EXOR NV","Financials","Aktien","2.587.790,32","0,01","2.587.790,32","33.217,00","77,91","Niederlande","Euronext Amsterdam","EUR"
"AUTO","AUTOTRADER GROUP PLC","Kommunikation","Aktien","2.588.258,54","0,01","2.588.258,54","389.970,00","6,64","Vereinigtes Königreich","London Stock Exchange","GBP"
"ADM","ADMIRAL GROUP PLC","Financials","Aktien","2.581.348,76","0,01","2.581.348,76","58.115,00","44,42","Vereinigtes Königreich","London Stock Exchange","GBP"
"IFT","INFRATIL LTD","Financials","Aktien","2.575.067,18","0,01","2.575.067,18","285.437,00","9,02","Neuseeland","New Zealand Exchange Ltd","NZD"
"TLKM","TELEKOMUNIKASI INDONESIA","Kommunikation","Aktien","2.566.734,38","0,01","2.566.734,38","15.144.600,00","0,17","Indonesien","Indonesia Stock Exchange","IDR"
"HRL","HORMEL FOODS CORP","Nichtzyklische Konsumgüter","Aktien","2.559.860,00","0,01","2.559.860,00","127.993,00","20,00","Vereinigte Staaten","New York Stock Exchange Inc.","USD"
"REC","RECORDATI INDUSTRIA CHIMICA E FARM","Gesundheitsversorgung","Aktien","2.560.219,56","0,01","2.560.219,56","42.316,00","60,50","Italien","Borsa Italiana","EUR"
"OKLO","OKLO INC CLASS A","Versorger","Aktien","2.558.214,23","0,01","2.558.214,23","38.063,00","67,21","Vereinigte Staaten","New York Stock Exchange Inc.","USD"
"GFL","GFL ENVIRONMENTAL SUBORDINATE VOTI","Industrie","Aktien","2.555.068,82","0,01","2.555.068,82","68.762,00","37,16","Kanada","Toronto Stock Exchange","CAD"
"BVT","BIDVEST GROUP LTD","Industrie","Aktien","2.550.889,76","0,01","2.550.889,76","180.382,00","14,14","Südafrika","Johannesburg Stock Exchange","ZAR"
"2057","ZTO EXPRESS (CAYMAN) INC","Industrie","Aktien","2.549.051,06","0,01","2.549.051,06","106.481,00","23,94","China","Hong Kong Exchanges And Clearing Ltd","HKD"
"NOK","NOK CASH","Cash und/oder Derivate","Geldmarkt","2.542.131,40","0,01","2.542.131,40","23.485.354,00","10,82","Norwegen","-","NOK"
"329180","HD HYUNDAI HEAVY INDUSTRIES LTD","Industrie","Aktien","2.537.374,16","0,01","2.537.374,16","5.638,00","450,05","Korea","Korea Exchange (Stock Market)","KRW"
"INDU C","INDUSTRIVARDEN SERIES","Financials","Aktien","2.534.056,36","0,01","2.534.056,36","49.435,00","51,26","Schweden","Nasdaq Omx Nordic","SEK"
"NRP","NEPI ROCKCASTLE NV","Immobilien","Aktien","2.527.233,14","0,01","2.527.233,14","295.090,00","8,56","Südafrika","Johannesburg Stock Exchange","ZAR"
"5019","IDEMITSU KOSAN LTD","Energie","Aktien","2.518.685,38","0,01","2.518.685,38","281.000,00","8,96","Japan","Tokyo Stock Exchange","JPY"
"JKHY","JACK HENRY AND ASSOCIATES INC","Financials","Aktien","2.513.598,62","0,01","2.513.598,62","18.754,00","134,03","Vereinigte Staaten","NASDAQ","USD"
"NPH","NORTHAM PLATINUM HLDGS LTD","Materialien","Aktien","2.509.430,96","0,01","2.509.430,96","114.099,00","21,99","Südafrika","Johannesburg Stock Exchange","ZAR"
"SECU B","SECURITAS B","Industrie","Aktien","2.500.702,70","0,01","2.500.702,70","154.210,00","16,22","Schweden","Nasdaq Omx Nordic","SEK"
"EVK","EVONIK INDUSTRIES AG","Materialien","Aktien","2.496.613,55","0,01","2.496.613,55","120.220,00","20,77","Deutschland","Xetra","EUR"
"079550","LIG DEFENSE&AEROSPACE LTD","Industrie","Aktien","2.488.044,54","0,01","2.488.044,54","4.225,00","588,89","Korea","Korea Exchange (Stock Market)","KRW"
"8593","MITSUBISHI HC CAPITAL INC","Financials","Aktien","2.480.944,39","0,01","2.480.944,39","273.700,00","9,06","Japan","Tokyo Stock Exchange","JPY"
"3","HONG KONG AND CHINA GAS LTD","Versorger","Aktien","2.473.003,98","0,01","2.473.003,98","2.603.435,00","0,95","Hongkong","Hong Kong Exchanges And Clearing Ltd","HKD"
"AC*","ARCA CONTINENTAL","Nichtzyklische Konsumgüter","Aktien","2.469.348,32","0,01","2.469.348,32","197.471,00","12,50","Mexiko","Bolsa Mexicana De Valores","MXN"
"NTGY","NATURGY ENERGY GROUP SA","Versorger","Aktien","2.470.536,03","0,01","2.470.536,03","77.084,00","32,05","Spanien","Bolsa De Madrid","EUR"
"3898","ZHUZHOU CRRC TIMES ELECTRIC LTD H","Industrie","Aktien","2.467.240,69","0,01","2.467.240,69","441.600,00","5,59","China","Hong Kong Exchanges And Clearing Ltd","HKD"
"STN","STANTEC INC","Industrie","Aktien","2.463.823,31","0,01","2.463.823,31","33.860,00","72,77","Kanada","Toronto Stock Exchange","CAD"
"UHR","THE SWATCH GROUP AG","Zyklische Konsumgüter ","Aktien","2.449.460,44","0,01","2.449.460,44","9.500,00","257,84","Schweiz","SIX Swiss Exchange","CHF"
"4689","LY CORP","Kommunikation","Aktien","2.450.890,01","0,01","2.450.890,01","957.500,00","2,56","Japan","Tokyo Stock Exchange","JPY"
"CRBG","COREBRIDGE FINANCIAL INC","Financials","Aktien","2.438.809,86","0,01","2.438.809,86","88.171,00","27,66","Vereinigte Staaten","New York Stock Exchange Inc.","USD"
"BS6","YANGZIJIANG SHIPBUILDING (HOLDINGS","Industrie","Aktien","2.422.690,15","0,01","2.422.690,15","775.900,00","3,12","Singapur","Singapore Exchange","SGD"
"BEAN","BELIMO N AG","Industrie","Aktien","2.422.745,67","0,01","2.422.745,67","2.406,00","1.006,96","Schweiz","SIX Swiss Exchange","CHF"
"MARK","MASRAF AL RAYAN","Financials","Aktien","2.421.287,96","0,01","2.421.287,96","4.100.423,00","0,59","Qatar","Qatar Exchange","QAR"
"914","ANHUI CONCH CEMENT LTD H","Materialien","Aktien","2.416.420,25","0,01","2.416.420,25","930.500,00","2,60","China","Hong Kong Exchanges And Clearing Ltd","HKD"
"MINT.R","MINOR INTERNATIONAL PUBLIC NON-VOT","Zyklische Konsumgüter ","Aktien","2.407.166,73","0,01","2.407.166,73","3.554.418,00","0,68","Thailand","Stock Exchange Of Thailand","THB"
"FUTU","FUTU HOLDINGS ADR LTD","Financials","Aktien","2.404.396,41","0,01","2.404.396,41","16.991,00","141,51","Hongkong","NASDAQ","USD"
"SRT3","SARTORIUS PREF AG","Gesundheitsversorgung","Aktien","2.395.678,38","0,01","2.395.678,38","9.607,00","249,37","Deutschland","Xetra","EUR"
"3328","BANK OF COMMUNICATIONS LTD H","Financials","Aktien","2.393.381,34","0,01","2.393.381,34","2.547.000,00","0,94","China","Hong Kong Exchanges And Clearing Ltd","HKD"
"ANA","ACCIONA SA","Versorger","Aktien","2.389.395,35","0,01","2.389.395,35","7.844,00","304,62","Spanien","Bolsa De Madrid","EUR"
"ASII","ASTRA INTERNATIONAL","Industrie","Aktien","2.386.620,38","0,01","2.386.620,38","7.249.100,00","0,33","Indonesien","Indonesia Stock Exchange","IDR"
"9926","AKESO INC","Gesundheitsversorgung","Aktien","2.386.726,93","0,01","2.386.726,93","151.000,00","15,81","China","Hong Kong Exchanges And Clearing Ltd","HKD"
"3008","LARGAN PRECISION LTD","IT","Aktien","2.387.434,55","0,01","2.387.434,55","24.000,00","99,48","Taiwan","Taiwan Stock Exchange","TWD"
"BEI","BEIERSDORF AG","Nichtzyklische Konsumgüter","Aktien","2.374.280,71","0,01","2.374.280,71","28.801,00","82,44","Deutschland","Xetra","EUR"
"GBLB","GROUPE BRUXELLES LAMBERT NV","Financials","Aktien","2.374.436,08","0,01","2.374.436,08","26.248,00","90,46","Belgien","Nyse Euronext - Euronext Brussels","EUR"
"6690","HAIER SMART HOME CLASS H LTD H","Zyklische Konsumgüter ","Aktien","2.374.861,86","0,01","2.374.861,86","886.600,00","2,68","China","Hong Kong Exchanges And Clearing Ltd","HKD"
"KBX","KNORR BREMSE AG","Industrie","Aktien","2.367.417,33","0,01","2.367.417,33","19.452,00","121,71","Deutschland","Xetra","EUR"
"AVY","AVERY DENNISON CORP","Materialien","Aktien","2.358.964,86","0,01","2.358.964,86","14.826,00","159,11","Vereinigte Staaten","New York Stock Exchange Inc.","USD"
"GRAB","GRAB HOLDINGS LTD CLASS A","Industrie","Aktien","2.353.565,34","0,01","2.353.565,34","659.262,00","3,57","Singapur","NASDAQ","USD"
"GAPB","GRUPO AEROPORTUARIO DEL PACIFICO","Industrie","Aktien","2.354.702,57","0,01","2.354.702,57","96.678,00","24,36","Mexiko","Bolsa Mexicana De Valores","MXN"
"IG","ITALGAS","Versorger","Aktien","2.347.396,32","0,01","2.347.396,32","193.992,00","12,10","Italien","Borsa Italiana","EUR"
"151","WANT WANT CHINA HOLDINGS LTD","Nichtzyklische Konsumgüter","Aktien","2.349.498,24","0,01","2.349.498,24","4.413.000,00","0,53","China","Hong Kong Exchanges And Clearing Ltd","HKD"
"9CI","CAPITALAND INVESTMENT LTD","Immobilien","Aktien","2.345.572,51","0,01","2.345.572,51","1.136.800,00","2,06","Singapur","Singapore Exchange","SGD"
"MICC","MAGNUM ICE CREAM NV","Nichtzyklische Konsumgüter","Aktien","2.345.745,96","0,01","2.345.745,96","154.393,00","15,19","Niederlande","Euronext Amsterdam","EUR"
"9843","NITORI HOLDINGS LTD","Zyklische Konsumgüter ","Aktien","2.340.263,68","0,01","2.340.263,68","163.400,00","14,32","Japan","Tokyo Stock Exchange","JPY"
"FOXA","FOX CORP CLASS A","Kommunikation","Aktien","2.341.591,36","0,01","2.341.591,36","35.848,00","65,32","Vereinigte Staaten","NASDAQ","USD"
"PTTEP.R","PTT EXPLORATION AND PRODUCTION NON","Energie","Aktien","2.333.816,78","0,01","2.333.816,78","499.800,00","4,67","Thailand","Stock Exchange Of Thailand","THB"
"AUD","AUD CASH","Cash und/oder Derivate","Geldmarkt","2.333.312,79","0,01","2.333.312,79","3.228.382,00","72,28","Australien","-","AUD"
"PCHEM","PETRONAS CHEMICALS GROUP","Materialien","Aktien","2.322.276,48","0,01","2.322.276,48","1.651.000,00","1,41","Malaysia","Bursa Malaysia","MYR"
"TLX","TALANX AG","Financials","Aktien","2.322.819,82","0,01","2.322.819,82","19.049,00","121,94","Deutschland","Xetra","EUR"
"WCP","WHITECAP RESOURCES INC","Energie","Aktien","2.306.254,03","0,01","2.306.254,03","195.590,00","11,79","Kanada","Toronto Stock Exchange","CAD"
"042660","HANWHA OCEAN LTD","Industrie","Aktien","2.289.453,30","0,01","2.289.453,30","28.351,00","80,75","Korea","Korea Exchange (Stock Market)","KRW"
"5876","SHANGHAI COMMERCIAL LTD","Financials","Aktien","2.286.415,99","0,01","2.286.415,99","1.788.000,00","1,28","Taiwan","Taiwan Stock Exchange","TWD"
"2331","LI NING LTD","Zyklische Konsumgüter ","Aktien","2.287.271,46","0,01","2.287.271,46","935.500,00","2,44","China","Hong Kong Exchanges And Clearing Ltd","HKD"
"8331","CHIBA BANK LTD","Financials","Aktien","2.281.778,43","0,01","2.281.778,43","160.700,00","14,20","Japan","Tokyo Stock Exchange","JPY"
"SSW","SIBANYE STILLWATER LTD","Materialien","Aktien","2.272.182,75","0,01","2.272.182,75","691.265,00","3,29","Südafrika","Johannesburg Stock Exchange","ZAR"
"NIBE B","NIBE INDUSTRIER CLASS B","Industrie","Aktien","2.274.084,72","0,01","2.274.084,72","510.467,00","4,45","Schweden","Nasdaq Omx Nordic","SEK"
"KRW","KRW CASH","Cash und/oder Derivate","Geldmarkt","2.230.500,67","0,01","2.230.500,67","3.325.564.977,00","0,07","Korea","-","KRW"
"SOL","WASHINGTON H SOUL PATTINSON & COMP","Financials","Aktien","2.230.549,29","0,01","2.230.549,29","73.098,00","30,51","Australien","Asx - All Markets","AUD"
"047810","KOREA AEROSPACE INDUSTRIES LTD","Industrie","Aktien","2.231.283,28","0,01","2.231.283,28","19.319,00","115,50","Korea","Korea Exchange (Stock Market)","KRW"
"2059","KING SLIDE WORKS LTD","IT","Aktien","2.225.606,85","0,01","2.225.606,85","14.000,00","158,97","Taiwan","Taiwan Stock Exchange","TWD"
"9104","MITSUI OSK LINES LTD","Industrie","Aktien","2.216.443,14","0,01","2.216.443,14","59.400,00","37,31","Japan","Tokyo Stock Exchange","JPY"
"4755","RAKUTEN GROUP INC","Zyklische Konsumgüter ","Aktien","2.212.083,85","0,01","2.212.083,85","460.000,00","4,81","Japan","Tokyo Stock Exchange","JPY"
"HEN","HENKEL AG","Nichtzyklische Konsumgüter","Aktien","2.204.039,13","0,01","2.204.039,13","31.398,00","70,20","Deutschland","Xetra","EUR"
"ERF","EUROFINS SCIENTIFIC","Gesundheitsversorgung","Aktien","2.190.231,96","0,01","2.190.231,96","31.569,00","69,38","Frankreich","Nyse Euronext - Euronext Paris","EUR"
"3908","CHINA INTERNATIONAL CAPITAL CORP L","Financials","Aktien","2.176.877,59","0,01","2.176.877,59","809.600,00","2,69","China","Hong Kong Exchanges And Clearing Ltd","HKD"
"C6L","SINGAPORE AIRLINES LTD","Industrie","Aktien","2.174.196,84","0,01","2.174.196,84","442.000,00","4,92","Singapur","Singapore Exchange","SGD"
"688","CHINA OVERSEAS LAND INVESTMENT LTD","Immobilien","Aktien","2.172.164,98","0,01","2.172.164,98","1.035.500,00","2,10","China","Hong Kong Exchanges And Clearing Ltd","HKD"
"DIM","SARTORIUS STEDIM BIOTECH SA","Gesundheitsversorgung","Aktien","2.163.517,59","0,01","2.163.517,59","11.357,00","190,50","Frankreich","Nyse Euronext - Euronext Paris","EUR"
"278470","APR LTD","Nichtzyklische Konsumgüter","Aktien","2.160.417,85","0,01","2.160.417,85","7.579,00","285,05","Korea","Korea Exchange (Stock Market)","KRW"
"2382","SUNNY OPTICAL TECHNOLOGY LTD","IT","Aktien","2.157.550,69","0,01","2.157.550,69","254.500,00","8,48","China","Hong Kong Exchanges And Clearing Ltd","HKD"
"LIFCO B","LIFCO CLASS B","Industrie","Aktien","2.154.188,58","0,01","2.154.188,58","72.238,00","29,82","Schweden","Nasdaq Omx Nordic","SEK"
"RBI","RAIFFEISEN BANK INTERNATIONAL AG","Financials","Aktien","2.140.588,39","0,01","2.140.588,39","38.779,00","55,20","Österreich","Wiener Boerse Ag","EUR"
"ALO","ALSTOM SA","Industrie","Aktien","2.141.724,84","0,01","2.141.724,84","103.189,00","20,76","Frankreich","Nyse Euronext - Euronext Paris","EUR"
"20","SENSETIME GROUP CLASS B INC","IT","Aktien","2.137.627,04","0,01","2.137.627,04","8.675.000,00","0,25","China","Hong Kong Exchanges And Clearing Ltd","HKD"
"7735","SCREEN HOLDINGS LTD","IT","Aktien","2.130.057,86","0,01","2.130.057,86","27.600,00","77,18","Japan","Tokyo Stock Exchange","JPY"
"CAR","CAR GROUP LTD","Kommunikation","Aktien","2.119.979,05","0,01","2.119.979,05","112.083,00","18,91","Australien","Asx - All Markets","AUD"
"241","ALIBABA HEALTH INFORMATION TECH LT","Nichtzyklische Konsumgüter","Aktien","2.116.858,18","0,01","2.116.858,18","3.652.000,00","0,58","China","Hong Kong Exchanges And Clearing Ltd","HKD"
"7186","YOKOHAMA FINANCIAL GROUP INC","Financials","Aktien","2.105.362,80","0,01","2.105.362,80","209.800,00","10,04","Japan","Tokyo Stock Exchange","JPY"
"PNDORA","PANDORA","Zyklische Konsumgüter ","Aktien","2.100.961,71","0,01","2.100.961,71","26.040,00","80,68","Dänemark","Omx Nordic Exchange Copenhagen A/S","DKK"
"3993","CMOC GROUP LTD","Materialien","Aktien","2.102.857,36","0,01","2.102.857,36","831.000,00","2,53","China","Hong Kong Exchanges And Clearing Ltd","HKD"
"3045","TAIWAN MOBILE LTD","Kommunikation","Aktien","2.098.207,20","0,01","2.098.207,20","575.000,00","3,65","Taiwan","Taiwan Stock Exchange","TWD"
"5411","JFE HOLDINGS INC","Materialien","Aktien","2.089.808,40","0,01","2.089.808,40","195.500,00","10,69","Japan","Tokyo Stock Exchange","JPY"
"G24","SCOUT24 N","Kommunikation","Aktien","2.079.886,80","0,01","2.079.886,80","23.743,00","87,60","Deutschland","Xetra","EUR"
"CAD","CAD CASH","Cash und/oder Derivate","Geldmarkt","2.074.652,39","0,01","2.074.652,39","2.848.601,00","72,83","Kanada","-","CAD"
"ELISA","ELISA","Kommunikation","Aktien","2.072.706,64","0,01","2.072.706,64","43.580,00","47,56","Finnland","Nasdaq Omx Helsinki Ltd.","EUR"
"1928","SANDS CHINA LTD","Zyklische Konsumgüter ","Aktien","2.071.311,48","0,01","2.071.311,48","1.010.800,00","2,05","Hongkong","Hong Kong Exchanges And Clearing Ltd","HKD"
"247540","ECOPRO BM LTD","Industrie","Aktien","2.053.623,53","0,01","2.053.623,53","14.650,00","140,18","Korea","Korea Exchange (Kosdaq)","KRW"
"015760","KOREA ELECTRIC POWER CORP","Versorger","Aktien","2.032.509,61","0,01","2.032.509,61","76.428,00","26,59","Korea","Korea Exchange (Stock Market)","KRW"
"268","KINGDEE INT L SOFTWARE GROUP LTD","IT","Aktien","2.021.266,79","0,01","2.021.266,79","1.843.000,00","1,10","China","Hong Kong Exchanges And Clearing Ltd","HKD"
"4684","OBIC LTD","IT","Aktien","2.021.936,83","0,01","2.021.936,83","80.100,00","25,24","Japan","Tokyo Stock Exchange","JPY"
"5880","TAIWAN COOPERATIVE FINANCIAL HOLDI","Financials","Aktien","2.014.610,50","0,01","2.014.610,50","2.790.789,00","0,72","Taiwan","Taiwan Stock Exchange","TWD"
"SCA B","SVENSKA CELLULOSA B","Materialien","Aktien","2.009.389,57","0,01","2.009.389,57","188.519,00","10,66","Schweden","Nasdaq Omx Nordic","SEK"
"TME","TENCENT MUSIC ENTERTAINMENT GROUP","Kommunikation","Aktien","2.009.845,80","0,01","2.009.845,80","233.703,00","8,60","China","New York Stock Exchange Inc.","USD"
"NEM","NEMETSCHEK","IT","Aktien","1.999.724,04","0,01","1.999.724,04","29.142,00","68,62","Deutschland","Xetra","EUR"
"PHOE","PHOENIX FINANCIAL LTD","Financials","Aktien","2.002.503,10","0,01","2.002.503,10","30.267,00","66,16","Israel","Tel Aviv Stock Exchange","ILS"
"UAL","UNITED AIRLINES HOLDINGS INC","Industrie","Aktien","1.995.391,62","0,01","1.995.391,62","20.781,00","96,02","Vereinigte Staaten","NASDAQ","USD"
"9626","BILIBILI INC","Kommunikation","Aktien","1.991.445,79","0,01","1.991.445,79","93.400,00","21,32","China","Hong Kong Exchanges And Clearing Ltd","HKD"
"SNAP","SNAP INC CLASS A","Kommunikation","Aktien","1.991.942,16","0,01","1.991.942,16","371.631,00","5,36","Vereinigte Staaten","New York Stock Exchange Inc.","USD"
"9005","TOKYU CORP","Industrie","Aktien","1.988.895,00","0,01","1.988.895,00","188.400,00","10,56","Japan","Tokyo Stock Exchange","JPY"
"HAR","HARMONY GOLD MINING COMPANY LIMITE","Materialien","Aktien","1.964.359,06","0,01","1.964.359,06","113.214,00","17,35","Südafrika","Johannesburg Stock Exchange","ZAR"
"SYENS","SYENSQO NV","Materialien","Aktien","1.964.408,28","0,01","1.964.408,28","28.603,00","68,68","Belgien","Nyse Euronext - Euronext Brussels","EUR"
"J36","JARDINE MATHESON HOLDINGS LTD","Industrie","Aktien","1.948.320,00","0,01","1.948.320,00","27.000,00","72,16","Hongkong","Singapore Exchange","USD"
"CDR","CD PROJEKT SA","Kommunikation","Aktien","1.948.411,22","0,01","1.948.411,22","27.274,00","71,44","Polen","Warsaw Stock Exchange/Equities/Main Market","PLN"
"RAND","RANDSTAD HOLDING","Industrie","Aktien","1.923.190,65","0,01","1.923.190,65","67.427,00","28,52","Niederlande","Euronext Amsterdam","EUR"
"REA","REA GROUP LTD","Kommunikation","Aktien","1.913.641,10","0,01","1.913.641,10","16.421,00","116,54","Australien","Asx - All Markets","AUD"
"1816","CGN POWER LTD H","Versorger","Aktien","1.906.054,34","0,01","1.906.054,34","4.378.000,00","0,44","China","Hong Kong Exchanges And Clearing Ltd","HKD"
"2333","GREAT WALL MOTOR COMPANY LTD H","Zyklische Konsumgüter ","Aktien","1.902.430,93","0,01","1.902.430,93","1.302.500,00","1,46","China","Hong Kong Exchanges And Clearing Ltd","HKD"
"SOF","SOFINA SA","Financials","Aktien","1.900.174,35","0,01","1.900.174,35","7.449,00","255,09","Belgien","Nyse Euronext - Euronext Brussels","EUR"
"CAE","CAE INC","Industrie","Aktien","1.897.521,58","0,01","1.897.521,58","73.350,00","25,87","Kanada","Toronto Stock Exchange","CAD"
"788","CHINA TOWER CORP LTD H","Kommunikation","Aktien","1.894.481,39","0,01","1.894.481,39","1.329.600,00","1,42","China","Hong Kong Exchanges And Clearing Ltd","HKD"
"VOD","VODACOM GROUP LTD","Kommunikation","Aktien","1.884.773,73","0,01","1.884.773,73","198.596,00","9,49","Südafrika","Johannesburg Stock Exchange","ZAR"
"P911","DR ING HC F PORSCHE PRF AG","Zyklische Konsumgüter ","Aktien","1.879.968,42","0,01","1.879.968,42","34.246,00","54,90","Deutschland","Xetra","EUR"
"272210","HANWHA SYSTEMS LTD","Industrie","Aktien","1.872.223,95","0,01","1.872.223,95","24.043,00","77,87","Korea","Korea Exchange (Stock Market)","KRW"
"JMT","JERONIMO MARTINS SA","Nichtzyklische Konsumgüter","Aktien","1.857.725,21","0,01","1.857.725,21","86.724,00","21,42","Portugal","Nyse Euronext - Euronext Lisbon","EUR"
"LUG","LUNDIN GOLD INC","Materialien","Aktien","1.843.530,83","0,01","1.843.530,83","26.800,00","68,79","Kanada","Toronto Stock Exchange","CAD"
"1208","MMG LTD","Materialien","Aktien","1.844.721,92","0,01","1.844.721,92","1.396.000,00","1,32","China","Hong Kong Exchanges And Clearing Ltd","HKD"
"SGD","SGD CASH","Cash und/oder Derivate","Geldmarkt","1.840.579,97","0,01","1.840.579,97","2.346.095,00","78,45","Singapur","-","SGD"
"1919","COSCO SHIPPING HOLDINGS LTD H","Industrie","Aktien","1.836.868,01","0,01","1.836.868,01","958.500,00","1,92","China","Hong Kong Exchanges And Clearing Ltd","HKD"
"096770","SK INNOVATION LTD","Energie","Aktien","1.825.951,84","0,01","1.825.951,84","21.487,00","84,98","Korea","Korea Exchange (Stock Market)","KRW"
"SGH","SGH LTD","Industrie","Aktien","1.826.216,88","0,01","1.826.216,88","63.791,00","28,63","Australien","Asx - All Markets","AUD"
"SHL","SONIC HEALTHCARE LTD","Gesundheitsversorgung","Aktien","1.826.713,01","0,01","1.826.713,01","136.545,00","13,38","Australien","Asx - All Markets","AUD"
"EREGL.E","EREGLI DEMIR VE CELIK FABRIKALARI","Materialien","Aktien","1.807.614,46","0,01","1.807.614,46","2.066.555,00","0,87","Türkei","Istanbul Stock Exchange","TRY"
"MKS","MARKS AND SPENCER GROUP PLC","Nichtzyklische Konsumgüter","Aktien","1.809.158,55","0,01","1.809.158,55","418.614,00","4,32","Vereinigtes Königreich","London Stock Exchange","GBP"
"ALPHA","ALPHA BANK SA","Financials","Aktien","1.795.330,84","0,01","1.795.330,84","413.866,00","4,34","Griechenland","Athens Exchange S.A. Cash Market","EUR"
"8729","SONY FINANCIAL GROUP INC","Financials","Aktien","1.790.478,36","0,01","1.790.478,36","1.932.800,00","0,93","Japan","Tokyo Stock Exchange","JPY"
"ASURB","GRUPO AEROPORTUARIO DEL SURESTE B","Industrie","Aktien","1.789.062,46","0,01","1.789.062,46","59.469,00","30,08","Mexiko","Bolsa Mexicana De Valores","MXN"
"SGRO","SEGRO REIT PLC","Immobilien","Aktien","1.780.952,07","0,01","1.780.952,07","187.872,00","9,48","Vereinigtes Königreich","London Stock Exchange","GBP"
"RNO","RENAULT SA","Zyklische Konsumgüter ","Aktien","1.778.591,38","0,01","1.778.591,38","53.789,00","33,07","Frankreich","Nyse Euronext - Euronext Paris","EUR"
"TAL","TAL EDUCATION GROUP ADR REPTG","Zyklische Konsumgüter ","Aktien","1.769.681,34","0,01","1.769.681,34","160.734,00","11,01","China","New York Stock Exchange Inc.","USD"
"9698","GDS HOLDINGS LTD CLASS A","IT","Aktien","1.761.510,14","0,01","1.761.510,14","310.600,00","5,67","China","Hong Kong Exchanges And Clearing Ltd","HKD"
"ADNOCGAS","ADNOC GAS PLC","Energie","Aktien","1.756.938,01","0,01","1.756.938,01","1.955.472,00","0,90","Ver. Arabische Emirate","Abu Dhabi Securities Exchange","AED"
"SCB.R","SCB X PUBLIC COMPANY LIMITED NON-V","Financials","Aktien","1.752.083,49","0,01","1.752.083,49","426.000,00","4,11","Thailand","Stock Exchange Of Thailand","THB"
"DSG","DESCARTES SYSTEMS GROUP INC","IT","Aktien","1.752.587,26","0,01","1.752.587,26","26.046,00","67,29","Kanada","Toronto Stock Exchange","CAD"
"2324","COMPAL ELECTRONICS INC","IT","Aktien","1.752.705,06","0,01","1.752.705,06","1.826.000,00","0,96","Taiwan","Taiwan Stock Exchange","TWD"
"003670","POSCO FUTURE M LTD","Industrie","Aktien","1.740.789,76","0,01","1.740.789,76","10.361,00","168,01","Korea","Korea Exchange (Stock Market)","KRW"
"1101","TAIWAN CEMENT LTD","Materialien","Aktien","1.741.051,88","0,01","1.741.051,88","2.235.000,00","0,78","Taiwan","Taiwan Stock Exchange","TWD"
"SOL","SASOL LTD","Materialien","Aktien","1.736.653,29","0,01","1.736.653,29","132.238,00","13,13","Südafrika","Johannesburg Stock Exchange","ZAR"
"INDT","INDUTRADE","Industrie","Aktien","1.724.605,41","0,01","1.724.605,41","83.830,00","20,57","Schweden","Nasdaq Omx Nordic","SEK"
"PAH3","PORSCHE AUTOMOBIL HOLDING PREF","Zyklische Konsumgüter ","Aktien","1.717.996,13","0,01","1.717.996,13","45.765,00","37,54","Deutschland","Xetra","EUR"
"Z","ZILLOW GROUP INC CLASS C","Immobilien","Aktien","1.715.694,07","0,01","1.715.694,07","45.911,00","37,37","Vereinigte Staaten","NASDAQ","USD"
"1099","SINOPHARM GROUP LTD H","Gesundheitsversorgung","Aktien","1.712.002,45","0,01","1.712.002,45","739.200,00","2,32","China","Hong Kong Exchanges And Clearing Ltd","HKD"
"7309","SHIMANO INC","Zyklische Konsumgüter ","Aktien","1.686.553,48","0,01","1.686.553,48","16.000,00","105,41","Japan","Tokyo Stock Exchange","JPY"
"SM","SM INVESTMENTS CORP","Industrie","Aktien","1.688.030,18","0,01","1.688.030,18","165.685,00","10,19","Philippinen","Philippine Stock Exchange Inc.","PHP"
"SGP","STOCKLAND STAPLED UNITS LTD","Immobilien","Aktien","1.683.650,20","0,01","1.683.650,20","588.259,00","2,86","Australien","Asx - All Markets","AUD"
"090430","AMOREPACIFIC CORP","Nichtzyklische Konsumgüter","Aktien","1.676.413,96","0,01","1.676.413,96","19.197,00","87,33","Korea","Korea Exchange (Stock Market)","KRW"
"BMW3","BMW PREF AG","Zyklische Konsumgüter ","Aktien","1.673.051,55","0,01","1.673.051,55","18.639,00","89,76","Deutschland","Xetra","EUR"
"916","CHINA LONGYUAN POWER GROUP CORP LT","Versorger","Aktien","1.664.125,94","0,01","1.664.125,94","1.889.000,00","0,88","China","Hong Kong Exchanges And Clearing Ltd","HKD"
"BCE","BCE INC","Kommunikation","Aktien","1.660.157,17","0,01","1.660.157,17","68.659,00","24,18","Kanada","Toronto Stock Exchange","CAD"
"TPEIR","PIRAEUS BANK SA","Financials","Aktien","1.660.581,86","0,01","1.660.581,86","164.286,00","10,11","Griechenland","Athens Exchange S.A. Cash Market","EUR"
"BEPC","BROOKFIELD RENEWABLE SUBORDINATE V","Versorger","Aktien","1.652.371,77","0,01","1.652.371,77","45.186,00","36,57","Kanada","Toronto Stock Exchange","CAD"
"BDMS.R","BANGKOK DUSIT MEDICAL SERVICES NON","Gesundheitsversorgung","Aktien","1.653.114,80","0,01","1.653.114,80","2.889.600,00","0,57","Thailand","Stock Exchange Of Thailand","THB"
"BCP","BANCO COMERCIAL PORTUGUES SA","Financials","Aktien","1.653.922,85","0,01","1.653.922,85","1.508.019,00","1,10","Portugal","Nyse Euronext - Euronext Lisbon","EUR"
"27","GALAXY ENTERTAINMENT GROUP LTD","Zyklische Konsumgüter ","Aktien","1.649.461,21","0,01","1.649.461,21","382.000,00","4,32","Hongkong","Hong Kong Exchanges And Clearing Ltd","HKD"
"COLO B","COLOPLAST B","Gesundheitsversorgung","Aktien","1.647.702,67","0,01","1.647.702,67","26.401,00","62,41","Dänemark","Omx Nordic Exchange Copenhagen A/S","DKK"
"ABF","ASSOCIATED BRITISH FOODS PLC","Nichtzyklische Konsumgüter","Aktien","1.648.335,48","0,01","1.648.335,48","67.873,00","24,29","Vereinigtes Königreich","London Stock Exchange","GBP"
"ATRL","ATKINSREALIS GROUP INC","Industrie","Aktien","1.641.990,46","0,01","1.641.990,46","26.375,00","62,26","Kanada","Toronto Stock Exchange","CAD"
"SW","SODEXO SA","Zyklische Konsumgüter ","Aktien","1.636.814,64","0,01","1.636.814,64","29.590,00","55,32","Frankreich","Nyse Euronext - Euronext Paris","EUR"
"5347","VANGUARD INTERNATIONAL SEMICONDUCT","IT","Aktien","1.638.108,84","0,01","1.638.108,84","295.000,00","5,55","Taiwan","Gretai Securities Market","TWD"
"ERIE","ERIE INDEMNITY CLASS A","Financials","Aktien","1.632.674,74","0,00","1.632.674,74","7.654,00","213,31","Vereinigte Staaten","NASDAQ","USD"
"3034","NOVATEK MICROELECTRONICS CORP","IT","Aktien","1.611.264,48","0,00","1.611.264,48","103.000,00","15,64","Taiwan","Taiwan Stock Exchange","TWD"
"AVOL","AVOLTA AG","Zyklische Konsumgüter ","Aktien","1.605.979,44","0,00","1.605.979,44","28.555,00","56,24","Schweiz","SIX Swiss Exchange","CHF"
"BEIJ B","BEIJER REF CLASS B","Industrie","Aktien","1.599.627,19","0,00","1.599.627,19","120.715,00","13,25","Schweden","Nasdaq Omx Nordic","SEK"
"LTM","LATAM AIRLINES GROUP SA","Industrie","Aktien","1.587.888,76","0,00","1.587.888,76","64.003.413,00","0,02","Chile","Santiago Stock Exchange","CLP"
"GOTO","GOTO GOJEK TOKOPEDIA","Zyklische Konsumgüter ","Aktien","1.580.709,13","0,00","1.580.709,13","552.141.700,00","0,00","Indonesien","Indonesia Stock Exchange","IDR"
"ZAL","ZALANDO","Zyklische Konsumgüter ","Aktien","1.582.778,49","0,00","1.582.778,49","69.654,00","22,72","Deutschland","Xetra","EUR"
"9602","TOHO (TOKYO) LTD","Kommunikation","Aktien","1.582.803,12","0,00","1.582.803,12","192.400,00","8,23","Japan","Tokyo Stock Exchange","JPY"
"006800","MIRAE ASSET SECURITIES CO LTD","Financials","Aktien","1.571.304,81","0,00","1.571.304,81","32.403,00","48,49","Korea","Korea Exchange (Stock Market)","KRW"
"1658","POSTAL SAVINGS BANK OF CHINA LTD H","Financials","Aktien","1.567.948,52","0,00","1.567.948,52","2.408.000,00","0,65","China","Hong Kong Exchanges And Clearing Ltd","HKD"
"2413","M3 INC","Gesundheitsversorgung","Aktien","1.564.788,01","0,00","1.564.788,01","188.400,00","8,31","Japan","Tokyo Stock Exchange","JPY"
"H","HYATT HOTELS CORP CLASS A","Zyklische Konsumgüter ","Aktien","1.560.926,34","0,00","1.560.926,34","9.183,00","169,98","Vereinigte Staaten","New York Stock Exchange Inc.","USD"
"BKT","BANKINTER SA","Financials","Aktien","1.557.237,50","0,00","1.557.237,50","96.368,00","16,16","Spanien","Bolsa De Madrid","EUR"
"2338","WEICHAI POWER LTD H","Industrie","Aktien","1.558.538,89","0,00","1.558.538,89","295.000,00","5,28","China","Hong Kong Exchanges And Clearing Ltd","HKD"
"2313","SHENZHOU INTERNATIONAL GROUP LTD","Zyklische Konsumgüter ","Aktien","1.547.893,37","0,00","1.547.893,37","254.700,00","6,08","China","Hong Kong Exchanges And Clearing Ltd","HKD"
"IDR","INDRA SISTEMAS SA","IT","Aktien","1.548.262,49","0,00","1.548.262,49","26.135,00","59,24","Spanien","Bolsa De Madrid","EUR"
"358","JIANGXI COPPER LTD H","Materialien","Aktien","1.544.328,69","0,00","1.544.328,69","307.000,00","5,03","China","Hong Kong Exchanges And Clearing Ltd","HKD"
"4523","EISAI LTD","Gesundheitsversorgung","Aktien","1.537.396,06","0,00","1.537.396,06","51.500,00","29,85","Japan","Tokyo Stock Exchange","JPY"
"PME","PRO MEDICUS LTD","Gesundheitsversorgung","Aktien","1.531.068,97","0,00","1.531.068,97","17.421,00","87,89","Australien","Asx - All Markets","AUD"
"3606","FUYAO GLASS INDUSTRY GROUP LTD H","Zyklische Konsumgüter ","Aktien","1.532.102,55","0,00","1.532.102,55","196.400,00","7,80","China","Hong Kong Exchanges And Clearing Ltd","HKD"
"6841","YOKOGAWA ELECTRIC CORP","IT","Aktien","1.532.940,02","0,00","1.532.940,02","47.600,00","32,20","Japan","Tokyo Stock Exchange","JPY"
"8136","SANRIO LTD","Zyklische Konsumgüter ","Aktien","1.530.978,28","0,00","1.530.978,28","286.800,00","5,34","Japan","Tokyo Stock Exchange","JPY"
"EDPR","EDP RENEWABLES SA","Versorger","Aktien","1.527.282,87","0,00","1.527.282,87","92.345,00","16,54","Portugal","Nyse Euronext - Euronext Lisbon","EUR"
"PPH","PEPKOR HOLDINGS SHS LTD","Zyklische Konsumgüter ","Aktien","1.511.389,15","0,00","1.511.389,15","1.128.054,00","1,34","Südafrika","Johannesburg Stock Exchange","ZAR"
"2379","REALTEK SEMICONDUCTOR CORP","IT","Aktien","1.511.724,58","0,00","1.511.724,58","83.000,00","18,21","Taiwan","Taiwan Stock Exchange","TWD"
"BIMBOA","GRUPO BIMBO A","Nichtzyklische Konsumgüter","Aktien","1.506.212,40","0,00","1.506.212,40","439.195,00","3,43","Mexiko","Bolsa Mexicana De Valores","MXN"
"1113","CK ASSET HOLDINGS LTD","Immobilien","Aktien","1.506.363,82","0,00","1.506.363,82","229.096,00","6,58","Hongkong","Hong Kong Exchanges And Clearing Ltd","HKD"
"COH","COCHLEAR LTD","Gesundheitsversorgung","Aktien","1.495.156,97","0,00","1.495.156,97","21.680,00","68,97","Australien","Asx - All Markets","AUD"
"TUB","FINANCIERE DE TUBIZE SA","Gesundheitsversorgung","Aktien","1.497.141,47","0,00","1.497.141,47","6.333,00","236,40","Belgien","Nyse Euronext - Euronext Brussels","EUR"
"DIE","DIETEREN (D) SA","Zyklische Konsumgüter ","Aktien","1.488.709,44","0,00","1.488.709,44","7.300,00","203,93","Belgien","Nyse Euronext - Euronext Brussels","EUR"
"003230","SAM YANG FOODS INC","Nichtzyklische Konsumgüter","Aktien","1.486.340,92","0,00","1.486.340,92","1.540,00","965,16","Korea","Korea Exchange (Stock Market)","KRW"
"6869","SYSMEX CORP","Gesundheitsversorgung","Aktien","1.480.191,60","0,00","1.480.191,60","174.300,00","8,49","Japan","Tokyo Stock Exchange","JPY"
"IAG","INTERNATIONAL AIRLINES GROUP SA","Industrie","Aktien","1.474.470,71","0,00","1.474.470,71","284.066,00","5,19","Spanien","Bolsa De Madrid","EUR"
"CEN","CONTACT ENERGY LTD","Versorger","Aktien","1.466.435,70","0,00","1.466.435,70","250.063,00","5,86","Neuseeland","New Zealand Exchange Ltd","NZD"
"ADNOCDRILL","ADNOC DRILLING COMPANY","Energie","Aktien","1.467.937,46","0,00","1.467.937,46","862.654,00","1,70","Ver. Arabische Emirate","Abu Dhabi Securities Exchange","AED"
"HAG","HENSOLDT AG","Industrie","Aktien","1.461.731,44","0,00","1.461.731,44","16.554,00","88,30","Deutschland","Xetra","EUR"
"2099","CHINA GOLD INTERNATIONAL RESOURCES","Materialien","Aktien","1.456.358,20","0,00","1.456.358,20","69.300,00","21,02","China","Hong Kong Exchanges And Clearing Ltd","HKD"
"028300","HLB INC","Gesundheitsversorgung","Aktien","1.457.536,20","0,00","1.457.536,20","40.848,00","35,68","Korea","Korea Exchange (Kosdaq)","KRW"
"968","XINYI SOLAR HOLDINGS LTD","IT","Aktien","1.454.971,66","0,00","1.454.971,66","3.688.000,00","0,39","China","Hong Kong Exchanges And Clearing Ltd","HKD"
"SALM","SALMAR","Nichtzyklische Konsumgüter","Aktien","1.439.755,15","0,00","1.439.755,15","24.361,00","59,10","Norwegen","Oslo Bors Asa","NOK"
"966","CHINA TAIPING INSURANCE HLDGS LTD","Financials","Aktien","1.436.370,97","0,00","1.436.370,97","508.600,00","2,82","China","Hong Kong Exchanges And Clearing Ltd","HKD"
"MEL","MERIDIAN ENERGY LTD","Versorger","Aktien","1.439.139,14","0,00","1.439.139,14","411.090,00","3,50","Neuseeland","New Zealand Exchange Ltd","NZD"
"ENT","ENTAIN PLC","Zyklische Konsumgüter ","Aktien","1.424.729,14","0,00","1.424.729,14","199.052,00","7,16","Vereinigtes Königreich","London Stock Exchange","GBP"
"1336","NEW CHINA LIFE INSURANCE COMPANY L","Financials","Aktien","1.419.954,29","0,00","1.419.954,29","218.500,00","6,50","China","Hong Kong Exchanges And Clearing Ltd","HKD"
"BTRW","BARRATT REDROW PLC","Zyklische Konsumgüter ","Aktien","1.416.478,23","0,00","1.416.478,23","419.341,00","3,38","Vereinigtes Königreich","London Stock Exchange","GBP"
"9042","HANKYU HANSHIN HOLDINGS INC","Industrie","Aktien","1.412.359,54","0,00","1.412.359,54","48.800,00","28,94","Japan","Tokyo Stock Exchange","JPY"
"018260","SAMSUNG SDS LTD","IT","Aktien","1.406.819,28","0,00","1.406.819,28","11.468,00","122,67","Korea","Korea Exchange (Stock Market)","KRW"
"7181","JAPAN POST INSURANCE LTD","Financials","Aktien","1.403.486,67","0,00","1.403.486,67","139.200,00","10,08","Japan","Tokyo Stock Exchange","JPY"
"3533","LOTES LTD","IT","Aktien","1.399.333,65","0,00","1.399.333,65","18.000,00","77,74","Taiwan","Taiwan Stock Exchange","TWD"
"WTC","WISETECH GLOBAL LTD","IT","Aktien","1.391.870,79","0,00","1.391.870,79","52.517,00","26,50","Australien","Asx - All Markets","AUD"
"ALI","AYALA LAND INC","Immobilien","Aktien","1.379.521,87","0,00","1.379.521,87","5.450.880,00","0,25","Philippinen","Philippine Stock Exchange Inc.","PHP"
"SEK","SEK CASH","Cash und/oder Derivate","Geldmarkt","1.368.652,86","0,00","1.368.652,86","12.786.639,00","10,70","Schweden","-","SEK"
"1519","FORTUNE ELECTRIC LTD","Industrie","Aktien","1.366.492,15","0,00","1.366.492,15","49.500,00","27,61","Taiwan","Taiwan Stock Exchange","TWD"
"KCHOL.E","KOC HOLDING A","Industrie","Aktien","1.366.614,68","0,00","1.366.614,68","303.614,00","4,50","Türkei","Istanbul Stock Exchange","TRY"
"WISE","WISE PLC CLASS A","Industrie","Aktien","1.352.174,10","0,00","1.352.174,10","100.176,00","13,50","Vereinigtes Königreich","London Stock Exchange","GBP"
"1787","SHANDONG GOLD MINING LTD H","Materialien","Aktien","1.349.059,68","0,00","1.349.059,68","370.750,00","3,64","China","Hong Kong Exchanges And Clearing Ltd","HKD"
"YKBNK.E","YAPI VE KREDI BANKASI A","Financials","Aktien","1.344.813,78","0,00","1.344.813,78","1.615.510,00","0,83","Türkei","Istanbul Stock Exchange","TRY"
"6488","GLOBALWAFERS LTD","IT","Aktien","1.325.210,22","0,00","1.325.210,22","53.000,00","25,00","Taiwan","Gretai Securities Market","TWD"
"BZU","BUZZI","Materialien","Aktien","1.312.218,44","0,00","1.312.218,44","24.011,00","54,65","Italien","Borsa Italiana","EUR"
"BKW","BKW N AG","Versorger","Aktien","1.313.562,10","0,00","1.313.562,10","6.894,00","190,54","Schweiz","SIX Swiss Exchange","CHF"
"2618","JD LOGISTICS INC","Industrie","Aktien","1.310.571,47","0,00","1.310.571,47","678.000,00","1,93","China","Hong Kong Exchanges And Clearing Ltd","HKD"
"9863","ZHEJIANG LEAPMOTOR TECHNOLOGY LTD","Zyklische Konsumgüter ","Aktien","1.308.066,00","0,00","1.308.066,00","228.282,00","5,73","China","Hong Kong Exchanges And Clearing Ltd","HKD"
"8951","NIPPON BUILDING FUND REIT INC","Immobilien","Aktien","1.303.424,71","0,00","1.303.424,71","1.661,00","784,72","Japan","Tokyo Stock Exchange","JPY"
"ADIB","ABU DHABI ISLAMIC BANK","Financials","Aktien","1.291.766,38","0,00","1.291.766,38","240.351,00","5,37","Ver. Arabische Emirate","Abu Dhabi Securities Exchange","AED"
"NICE","NICE LTD","IT","Aktien","1.288.177,74","0,00","1.288.177,74","14.683,00","87,73","Israel","Tel Aviv Stock Exchange","ILS"
"6881","CHINA GALAXY SECURITIES LTD H","Financials","Aktien","1.278.305,50","0,00","1.278.305,50","1.230.000,00","1,04","China","Hong Kong Exchanges And Clearing Ltd","HKD"
"IDR","IDR CASH","Cash und/oder Derivate","Geldmarkt","1.272.543,53","0,00","1.272.543,53","22.224.972.732,00","0,01","Indonesien","-","IDR"
"COMI","COMMERCIAL INTERNATIONAL BANK EGYP","Financials","Aktien","1.271.742,70","0,00","1.271.742,70","499.961,00","2,54","Ägypten","Egyptian Exchange","EGP"
"EVD","CTS EVENTIM AG","Kommunikation","Aktien","1.262.666,52","0,00","1.262.666,52","19.339,00","65,29","Deutschland","Xetra","EUR"
"9880","UBTECH ROBOTICS CORP LTD H","Industrie","Aktien","1.264.344,26","0,00","1.264.344,26","92.550,00","13,66","China","Hong Kong Exchanges And Clearing Ltd","HKD"
"3888","KINGSOFT LTD","Kommunikation","Aktien","1.265.144,78","0,00","1.265.144,78","416.000,00","3,04","China","Hong Kong Exchanges And Clearing Ltd","HKD"
"011200","HMM LTD","Industrie","Aktien","1.256.878,57","0,00","1.256.878,57","93.231,00","13,48","Korea","Korea Exchange (Stock Market)","KRW"
"RAA","RATIONAL AG","Industrie","Aktien","1.247.003,52","0,00","1.247.003,52","1.640,00","760,37","Deutschland","Xetra","EUR"
"EFN","ELEMENT FLEET MANAGEMENT CORP","Industrie","Aktien","1.241.642,44","0,00","1.241.642,44","62.107,00","19,99","Kanada","Toronto Stock Exchange","CAD"
"QGTS","QATAR GAS TRANSPORT COMPANY LTD","Energie","Aktien","1.238.780,69","0,00","1.238.780,69","1.037.828,00","1,19","Qatar","Qatar Exchange","QAR"
"INPST","INPOST SA","Industrie","Aktien","1.234.246,92","0,00","1.234.246,92","69.293,00","17,81","Niederlande","Euronext Amsterdam","EUR"
"U96","SEMBCORP INDUSTRIES LTD","Versorger","Aktien","1.235.426,20","0,00","1.235.426,20","254.400,00","4,86","Singapur","Singapore Exchange","SGD"
"6030","CITIC SECURITIES COMPANY LTD H","Financials","Aktien","1.229.986,21","0,00","1.229.986,21","357.600,00","3,44","China","Hong Kong Exchanges And Clearing Ltd","HKD"
"2600","ALUMINUM CORPORATION OF CHINA LTD","Materialien","Aktien","1.232.426,84","0,00","1.232.426,84","846.000,00","1,46","China","Hong Kong Exchanges And Clearing Ltd","HKD"
"LOTB","LOTUS BAKERIES NV","Nichtzyklische Konsumgüter","Aktien","1.219.064,96","0,00","1.219.064,96","97,00","12.567,74","Belgien","Nyse Euronext - Euronext Brussels","EUR"
"DKK","DKK CASH","Cash und/oder Derivate","Geldmarkt","1.213.573,14","0,00","1.213.573,14","7.764.380,00","15,63","Dänemark","-","DKK"
"1929","CHOW TAI FOOK JEWELLERY GROUP LTD","Zyklische Konsumgüter ","Aktien","1.215.271,95","0,00","1.215.271,95","841.600,00","1,44","China","Hong Kong Exchanges And Clearing Ltd","HKD"
"19","SWIRE PACIFIC LTD A","Industrie","Aktien","1.203.551,91","0,00","1.203.551,91","107.000,00","11,25","Hongkong","Hong Kong Exchanges And Clearing Ltd","HKD"
"EMAARDEV","EMAAR DEVELOPMENT","Immobilien","Aktien","1.199.611,37","0,00","1.199.611,37","312.486,00","3,84","Ver. Arabische Emirate","Dubai Financial Market","AED"
"1530","3SBIO INC","Gesundheitsversorgung","Aktien","1.195.587,56","0,00","1.195.587,56","464.500,00","2,57","China","Hong Kong Exchanges And Clearing Ltd","HKD"
"1818","ZHAOJIN MINING INDUSTRY LTD H","Materialien","Aktien","1.193.548,59","0,00","1.193.548,59","369.500,00","3,23","China","Hong Kong Exchanges And Clearing Ltd","HKD"
"CBQK","COMMERCIAL BANK OF QATAR","Financials","Aktien","1.187.137,01","0,00","1.187.137,01","1.019.907,00","1,16","Qatar","Qatar Exchange","QAR"
"2615","WAN HAI LINES LTD","Industrie","Aktien","1.186.736,47","0,00","1.186.736,47","500.000,00","2,37","Taiwan","Taiwan Stock Exchange","TWD"
"DNP","DINO POLSKA SA","Nichtzyklische Konsumgüter","Aktien","1.180.204,84","0,00","1.180.204,84","146.856,00","8,04","Polen","Warsaw Stock Exchange/Equities/Main Market","PLN"
"3293","INTERNATIONAL GAMES SYSTEM LTD","Kommunikation","Aktien","1.171.632,56","0,00","1.171.632,56","51.000,00","22,97","Taiwan","Gretai Securities Market","TWD"
"2259","ZIJIN GOLD INTERNATIONAL LTD","Materialien","Aktien","1.172.565,24","0,00","1.172.565,24","57.400,00","20,43","China","Hong Kong Exchanges And Clearing Ltd","HKD"
"SPX","SPIRAX GROUP PLC","Industrie","Aktien","1.173.696,14","0,00","1.173.696,14","12.182,00","96,35","Vereinigtes Königreich","London Stock Exchange","GBP"
"2018","AAC TECHNOLOGIES HOLDINGS INC","IT","Aktien","1.167.649,76","0,00","1.167.649,76","201.000,00","5,81","China","Hong Kong Exchanges And Clearing Ltd","HKD"
"1772","GANFENG LITHIUM LTD H","Materialien","Aktien","1.169.434,66","0,00","1.169.434,66","118.800,00","9,84","China","Hong Kong Exchanges And Clearing Ltd","HKD"
"4612","NIPPON PAINT HOLDINGS LTD","Materialien","Aktien","1.166.878,50","0,00","1.166.878,50","186.400,00","6,26","Japan","Tokyo Stock Exchange","JPY"
"DEMANT","DEMANT","Gesundheitsversorgung","Aktien","1.164.119,57","0,00","1.164.119,57","31.586,00","36,86","Dänemark","Omx Nordic Exchange Copenhagen A/S","DKK"
"9660","HORIZON ROBOTICS","IT","Aktien","1.153.309,33","0,00","1.153.309,33","1.443.000,00","0,80","China","Hong Kong Exchanges And Clearing Ltd","HKD"
"017670","SK TELECOM LTD","Kommunikation","Aktien","1.146.476,27","0,00","1.146.476,27","16.644,00","68,88","Korea","Korea Exchange (Stock Market)","KRW"
"KWD","KWD CASH","Cash und/oder Derivate","Geldmarkt","1.143.090,60","0,00","1.143.090,60","352.643,00","324,15","Kuwait","-","KWD"
"EMP.A","EMPIRE LTD CLASS A","Nichtzyklische Konsumgüter","Aktien","1.136.686,38","0,00","1.136.686,38","33.356,00","34,08","Kanada","Toronto Stock Exchange","CAD"
"66","MTR CORPORATION CORP LTD","Industrie","Aktien","1.128.479,14","0,00","1.128.479,14","261.500,00","4,32","Hongkong","Hong Kong Exchanges And Clearing Ltd","HKD"
"IVN","IVANHOE MINES LTD CLASS A","Materialien","Aktien","1.128.772,27","0,00","1.128.772,27","123.692,00","9,13","Kanada","Toronto Stock Exchange","CAD"
"1038","CHEUNG KONG INFRASTRUCTURE HOLDING","Versorger","Aktien","1.130.908,15","0,00","1.130.908,15","133.500,00","8,47","Hongkong","Hong Kong Exchanges And Clearing Ltd","HKD"
"OTEX","OPEN TEXT CORP","IT","Aktien","1.122.286,73","0,00","1.122.286,73","50.194,00","22,36","Kanada","Toronto Stock Exchange","CAD"
"SAGA B","SAGAX CLASS B","Immobilien","Aktien","1.122.889,39","0,00","1.122.889,39","60.187,00","18,66","Schweden","Nasdaq Omx Nordic","SEK"
"2912","PRESIDENT CHAIN STORE CORP","Nichtzyklische Konsumgüter","Aktien","1.121.180,39","0,00","1.121.180,39","156.000,00","7,19","Taiwan","Taiwan Stock Exchange","TWD"
"9896","MINISO GROUP HOLDING LTD","Zyklische Konsumgüter ","Aktien","1.121.538,23","0,00","1.121.538,23","304.800,00","3,68","China","Hong Kong Exchanges And Clearing Ltd","HKD"
"1171","YANKUANG ENERGY GROUP COMPANY LTD","Energie","Aktien","1.113.116,29","0,00","1.113.116,29","608.400,00","1,83","China","Hong Kong Exchanges And Clearing Ltd","HKD"
"TCELL.E","TURKCELL ILETISIM HIZMETLERI A","Kommunikation","Aktien","1.113.455,81","0,00","1.113.455,81","441.811,00","2,52","Türkei","Istanbul Stock Exchange","TRY"
"763","ZTE CORP H","IT","Aktien","1.111.360,50","0,00","1.111.360,50","333.000,00","3,34","China","Hong Kong Exchanges And Clearing Ltd","HKD"
"3626","TIS INC","IT","Aktien","1.107.578,49","0,00","1.107.578,49","52.600,00","21,06","Japan","Tokyo Stock Exchange","JPY"
"ZAR","ZAR CASH","Cash und/oder Derivate","Geldmarkt","1.100.948,34","0,00","1.100.948,34","18.127.004,00","6,07","Südafrika","-","ZAR"
"6186","CHINA FEIHE LTD","Nichtzyklische Konsumgüter","Aktien","1.094.458,91","0,00","1.094.458,91","2.582.000,00","0,42","China","Hong Kong Exchanges And Clearing Ltd","HKD"
"4091","NIPPON SANSO HOLDINGS CORP","Materialien","Aktien","1.090.340,51","0,00","1.090.340,51","28.300,00","38,53","Japan","Tokyo Stock Exchange","JPY"
"KIMBERA","KIMBERLY-CLARK DE MEXICO CLASS A","Nichtzyklische Konsumgüter","Aktien","1.086.309,11","0,00","1.086.309,11","485.791,00","2,24","Mexiko","Bolsa Mexicana De Valores","MXN"
"6990","SICHUAN KELUN-BIOTECH BIOPHARM LTD","Gesundheitsversorgung","Aktien","1.082.503,45","0,00","1.082.503,45","19.500,00","55,51","China","Hong Kong Exchanges And Clearing Ltd","HKD"
"BRPT","BARITO PACIFIC","Materialien","Aktien","1.064.256,38","0,00","1.064.256,38","8.936.172,00","0,12","Indonesien","Indonesia Stock Exchange","IDR"
"4904","FAR EASTONE TELECOMMUNICATIONS LTD","Kommunikation","Aktien","1.049.014,75","0,00","1.049.014,75","337.000,00","3,11","Taiwan","Taiwan Stock Exchange","TWD"
"9107","KAWASAKI KISEN LTD","Industrie","Aktien","1.043.808,85","0,00","1.043.808,85","64.900,00","16,08","Japan","Tokyo Stock Exchange","JPY"
"2356","INVENTEC CORP","IT","Aktien","1.041.548,47","0,00","1.041.548,47","617.000,00","1,69","Taiwan","Taiwan Stock Exchange","TWD"
"136","CHINA RUYI HOLDINGS LTD","Kommunikation","Aktien","1.034.175,99","0,00","1.034.175,99","5.548.000,00","0,19","China","Hong Kong Exchanges And Clearing Ltd","HKD"
"DIB","DB ISLAMIC BANK","Financials","Aktien","1.030.219,64","0,00","1.030.219,64","524.085,00","1,97","Ver. Arabische Emirate","Dubai Financial Market","AED"
"CVC","CVC CAPITAL PARTNERS PLC","Financials","Aktien","1.030.416,16","0,00","1.030.416,16","66.986,00","15,38","Niederlande","Euronext Amsterdam","EUR"
"OMAB","GRUPO AEROPORTUARIO DEL CENTRO NOR","Industrie","Aktien","1.032.296,65","0,00","1.032.296,65","79.136,00","13,04","Mexiko","Bolsa Mexicana De Valores","MXN"
"270","GUANGDONG INVESTMENT LTD","Versorger","Aktien","1.027.335,17","0,00","1.027.335,17","950.000,00","1,08","China","Hong Kong Exchanges And Clearing Ltd","HKD"
"7201","NISSAN MOTOR LTD","Zyklische Konsumgüter ","Aktien","1.029.033,48","0,00","1.029.033,48","445.000,00","2,31","Japan","Tokyo Stock Exchange","JPY"
"BIM","BIOMERIEUX SA","Gesundheitsversorgung","Aktien","1.026.544,63","0,00","1.026.544,63","12.131,00","84,62","Frankreich","Nyse Euronext - Euronext Paris","EUR"
"BALD B","FASTIGHETS BALDER CLASS B","Immobilien","Aktien","1.017.066,52","0,00","1.017.066,52","178.206,00","5,71","Schweden","Nasdaq Omx Nordic","SEK"
"LEG","LEG IMMOBILIEN N","Immobilien","Aktien","1.001.955,13","0,00","1.001.955,13","14.971,00","66,93","Deutschland","Xetra","EUR"
"ISCTR.E","TURKIYE IS BANKASI C","Financials","Aktien","1.002.572,95","0,00","1.002.572,95","3.203.210,00","0,31","Türkei","Istanbul Stock Exchange","TRY"
"2611","GUOTAI HAITONG SECURITIES CO LTD H","Financials","Aktien","997.480,47","0,00","997.480,47","582.600,00","1,71","China","Hong Kong Exchanges And Clearing Ltd","HKD"
"SAHOL.E","HACI OMER SABANCI HOLDING A","Financials","Aktien","999.621,44","0,00","999.621,44","473.819,00","2,11","Türkei","Istanbul Stock Exchange","TRY"
"8069","E INK HOLDINGS INC","IT","Aktien","996.795,18","0,00","996.795,18","139.000,00","7,17","Taiwan","Gretai Securities Market","TWD"
"1988","CHINA MINSHENG BANKING CORP LTD H","Financials","Aktien","993.775,85","0,00","993.775,85","2.205.000,00","0,45","China","Hong Kong Exchanges And Clearing Ltd","HKD"
"902","HUANENG POWER INTERNATIONAL INC H","Versorger","Aktien","985.710,64","0,00","985.710,64","1.168.000,00","0,84","China","Hong Kong Exchanges And Clearing Ltd","HKD"
"GRF","GRIFOLS SA CLASS A","Gesundheitsversorgung","Aktien","982.747,40","0,00","982.747,40","91.695,00","10,72","Spanien","Bolsa De Madrid","EUR"
"MYR","MYR CASH","Cash und/oder Derivate","Geldmarkt","978.431,87","0,00","978.431,87","3.846.705,00","25,44","Malaysia","-","MYR"
"SWB","SUNWAY BHD","Industrie","Aktien","977.545,97","0,00","977.545,97","702.600,00","1,39","Malaysia","Bursa Malaysia","MYR"
"ADNOCDIST","ABU DHABI NATIONAL OIL COMPANY FOR","Zyklische Konsumgüter ","Aktien","979.878,27","0,00","979.878,27","927.576,00","1,06","Ver. Arabische Emirate","Abu Dhabi Securities Exchange","AED"
"WN","GEORGE WESTON LTD","Nichtzyklische Konsumgüter","Aktien","974.491,68","0,00","974.491,68","13.980,00","69,71","Kanada","Toronto Stock Exchange","CAD"
"2228","XTALPI HOLDINGS LTD","Gesundheitsversorgung","Aktien","968.224,30","0,00","968.224,30","888.000,00","1,09","China","Hong Kong Exchanges And Clearing Ltd","HKD"
"ROCK B","ROCKWOOL CLASS B","Industrie","Aktien","965.701,36","0,00","965.701,36","32.013,00","30,17","Dänemark","Omx Nordic Exchange Copenhagen A/S","DKK"
"1519","J&T GLOBAL EXPRESS LTD","Industrie","Aktien","941.876,05","0,00","941.876,05","789.000,00","1,19","China","Hong Kong Exchanges And Clearing Ltd","HKD"
"2207","HOTAI MOTOR LTD","Zyklische Konsumgüter ","Aktien","940.121,85","0,00","940.121,85","63.240,00","14,87","Taiwan","Taiwan Stock Exchange","TWD"
"CDB","CELCOMDIGI","Kommunikation","Aktien","935.067,99","0,00","935.067,99","1.152.420,00","0,81","Malaysia","Bursa Malaysia","MYR"
"MIL","BANK MILLENNIUM SA","Financials","Aktien","937.067,59","0,00","937.067,59","183.456,00","5,11","Polen","Warsaw Stock Exchange/Equities/Main Market","PLN"
"6181","LAOPU GOLD LTD H","Zyklische Konsumgüter ","Aktien","922.986,57","0,00","922.986,57","12.400,00","74,43","China","Hong Kong Exchanges And Clearing Ltd","HKD"
"4768","OTSUKA CORP","IT","Aktien","910.378,45","0,00","910.378,45","49.800,00","18,28","Japan","Tokyo Stock Exchange","JPY"
"9201","JAPAN AIRLINES LTD","Industrie","Aktien","897.097,60","0,00","897.097,60","55.800,00","16,08","Japan","Tokyo Stock Exchange","JPY"
"9202","ANA HOLDINGS INC","Industrie","Aktien","892.971,64","0,00","892.971,64","51.000,00","17,51","Japan","Tokyo Stock Exchange","JPY"
"9024","SEIBU HOLDINGS INC","Industrie","Aktien","885.701,73","0,00","885.701,73","40.100,00","22,09","Japan","Tokyo Stock Exchange","JPY"
"000100","YUHAN CORP","Gesundheitsversorgung","Aktien","879.938,97","0,00","879.938,97","14.675,00","59,96","Korea","Korea Exchange (Stock Market)","KRW"
"384","CHINA GAS HOLDINGS LTD","Versorger","Aktien","842.191,67","0,00","842.191,67","890.200,00","0,95","China","Hong Kong Exchanges And Clearing Ltd","HKD"
"CSG","CSG CLASS A NV","Industrie","Aktien","827.252,35","0,00","827.252,35","43.720,00","18,92","Niederlande","Euronext Amsterdam","EUR"
"0126Z0","SAMSUNG EPIS HOLDINGS LTD","Gesundheitsversorgung","Aktien","823.929,04","0,00","823.929,04","2.331,00","353,47","Korea","Korea Exchange (Stock Market)","KRW"
"MNDY","MONDAYCOM LTD","IT","Aktien","809.146,92","0,00","809.146,92","11.604,00","69,73","Israel","NASDAQ","USD"
"IQCD","INDUSTRIES QATAR","Industrie","Aktien","801.338,25","0,00","801.338,25","236.632,00","3,39","Qatar","Qatar Exchange","QAR"
"6919","CALIWAY BIOPHARMACEUTICALS LTD","Gesundheitsversorgung","Aktien","803.553,86","0,00","803.553,86","260.000,00","3,09","Taiwan","Taiwan Stock Exchange","TWD"
"BRMS","BUMI RESOURCES MINERALS","Materialien","Aktien","797.281,76","0,00","797.281,76","18.083.800,00","0,04","Indonesien","Indonesia Stock Exchange","IDR"
"PLN","PLN CASH","Cash und/oder Derivate","Geldmarkt","793.594,11","0,00","793.594,11","2.880.509,00","27,55","Polen","-","PLN"
"BDX","BUDIMEX SA","Industrie","Aktien","786.027,27","0,00","786.027,27","4.176,00","188,22","Polen","Warsaw Stock Exchange/Equities/Main Market","PLN"
"3800","GCL TECHNOLOGY HOLDINGS LTD","IT","Aktien","781.829,32","0,00","781.829,32","6.804.000,00","0,11","China","Hong Kong Exchanges And Clearing Ltd","HKD"
"9435","HIKARI TSUSHIN INC","Industrie","Aktien","771.545,10","0,00","771.545,10","3.200,00","241,11","Japan","Tokyo Stock Exchange","JPY"
"2525","HESAI GROUP CLASS B","Zyklische Konsumgüter ","Aktien","774.050,10","0,00","774.050,10","32.860,00","23,56","China","Hong Kong Exchanges And Clearing Ltd","HKD"
"2609","YANG MING MARINE TRANSPORT CORP","Industrie","Aktien","764.892,91","0,00","764.892,91","496.000,00","1,54","Taiwan","Taiwan Stock Exchange","TWD"
"2618","EVA AIRWAYS CORP","Industrie","Aktien","765.191,18","0,00","765.191,18","689.000,00","1,11","Taiwan","Taiwan Stock Exchange","TWD"
"BZ","KANZHUN AMERICAN DEPOSITORY SHARES","Industrie","Aktien","764.666,16","0,00","764.666,16","53.324,00","14,34","China","NASDAQ","USD"
"900948","INNER MONGOLIA YITAI COAL LTD B","Energie","Aktien","755.384,00","0,00","755.384,00","263.200,00","2,87","China","Shanghai Stock Exchange","USD"
"1590","AIRTAC INTERNATIONAL GROUP","Industrie","Aktien","743.772,81","0,00","743.772,81","16.000,00","46,49","Taiwan","Taiwan Stock Exchange","TWD"
"1504","TECO ELECTRIC & MACHINERY LTD","Industrie","Aktien","730.547,36","0,00","730.547,36","318.000,00","2,30","Taiwan","Taiwan Stock Exchange","TWD"
"443060","HD HYUNDAI MARINE SOLUTION LTD","Industrie","Aktien","731.239,81","0,00","731.239,81","4.911,00","148,90","Korea","Korea Exchange (Stock Market)","KRW"
"T","TELUS","Kommunikation","Aktien","715.323,55","0,00","715.323,55","57.775,00","12,38","Kanada","Toronto Stock Exchange","CAD"
"5871","CHAILEASE HOLDING LTD","Financials","Aktien","708.900,14","0,00","708.900,14","206.861,00","3,43","Taiwan","Taiwan Stock Exchange","TWD"
"4938","PEGATRON CORP","IT","Aktien","703.664,92","0,00","703.664,92","288.000,00","2,44","Taiwan","Taiwan Stock Exchange","TWD"
"1878","DAITO TRUST CONSTRUCTION LTD","Immobilien","Aktien","697.344,21","0,00","697.344,21","31.500,00","22,14","Japan","Tokyo Stock Exchange","JPY"
"2376","GIGABYTE TECHNOLOGY LTD","IT","Aktien","695.192,77","0,00","695.192,77","67.000,00","10,38","Taiwan","Taiwan Stock Exchange","TWD"
"CHF","CHF CASH","Cash und/oder Derivate","Geldmarkt","683.908,65","0,00","683.908,65","535.535,00","127,71","Schweiz","-","CHF"
"TPIA","CHANDRA ASRI PACIFIC","Materialien","Aktien","671.947,32","0,00","671.947,32","2.729.200,00","0,25","Indonesien","Indonesia Stock Exchange","IDR"
"CUAN","PETRINDO JAYA KREASI","Energie","Aktien","665.618,38","0,00","665.618,38","13.676.500,00","0,05","Indonesien","Indonesia Stock Exchange","IDR"
"YTL","YTL CORPORATION","Versorger","Aktien","661.625,08","0,00","661.625,08","1.198.700,00","0,55","Malaysia","Bursa Malaysia","MYR"
"1776","GF SECURITIES LTD H","Financials","Aktien","654.907,31","0,00","654.907,31","298.400,00","2,19","China","Hong Kong Exchanges And Clearing Ltd","HKD"
"291","CHINA RESOURCES BEER HOLDINGS LTD","Nichtzyklische Konsumgüter","Aktien","651.437,62","0,00","651.437,62","188.000,00","3,47","China","Hong Kong Exchanges And Clearing Ltd","HKD"
"1357","MEITU INC","Kommunikation","Aktien","653.161,87","0,00","653.161,87","1.072.500,00","0,61","China","Hong Kong Exchanges And Clearing Ltd","HKD"
"1997","WHARF REAL ESTATE INVESTMENT COMPA","Immobilien","Aktien","642.010,11","0,00","642.010,11","194.000,00","3,31","Hongkong","Hong Kong Exchanges And Clearing Ltd","HKD"
"ILS","ILS CASH","Cash und/oder Derivate","Geldmarkt","639.062,44","0,00","639.062,44","1.854.559,00","34,46","Israel","-","ILS"
"180640","HANJIN KAL","Zyklische Konsumgüter ","Aktien","624.520,21","0,00","624.520,21","7.564,00","82,56","Korea","Korea Exchange (Stock Market)","KRW"
"836","CHINA RESOURCES POWER LTD","Versorger","Aktien","625.003,32","0,00","625.003,32","240.200,00","2,60","China","Hong Kong Exchanges And Clearing Ltd","HKD"
"7550","ZENSHO HOLDINGS LTD","Zyklische Konsumgüter ","Aktien","616.846,56","0,00","616.846,56","12.200,00","50,56","Japan","Tokyo Stock Exchange","JPY"
"LEGN","LEGEND BIOTECH ADR REP CORP","Gesundheitsversorgung","Aktien","610.324,00","0,00","610.324,00","21.340,00","28,60","China","NASDAQ","USD"
"2367","GIANT BIOGENE HOLDING LTD","Nichtzyklische Konsumgüter","Aktien","598.368,32","0,00","598.368,32","157.800,00","3,79","China","Hong Kong Exchanges And Clearing Ltd","HKD"
"2801","KIKKOMAN CORP","Nichtzyklische Konsumgüter","Aktien","596.092,19","0,00","596.092,19","67.000,00","8,90","Japan","Tokyo Stock Exchange","JPY"
"-","CYBERARK SOFTWARE CONTRA","IT","Aktien","596.700,00","0,00","596.700,00","13.260,00","45,00","Israel","NO MARKET (E.G. UNLISTED)","USD"
"ZAB","ZABKA GROUP SOCIETE ANONYME SA","Nichtzyklische Konsumgüter","Aktien","590.816,51","0,00","590.816,51","93.974,00","6,29","Polen","Warsaw Stock Exchange/Equities/Main Market","PLN"
"MXN","MXN CASH","Cash und/oder Derivate","Geldmarkt","586.340,61","0,00","586.340,61","10.092.388,00","5,81","Mexiko","-","MXN"
"3064","MONOTARO LTD","Industrie","Aktien","575.750,10","0,00","575.750,10","51.500,00","11,18","Japan","Tokyo Stock Exchange","JPY"
"9995","REMEGEN LTD H","Gesundheitsversorgung","Aktien","574.217,35","0,00","574.217,35","50.000,00","11,48","China","Hong Kong Exchanges And Clearing Ltd","HKD"
"AED","AED CASH","Cash und/oder Derivate","Geldmarkt","543.833,06","0,00","543.833,06","1.997.444,00","27,23","Ver. Arabische Emirate","-","AED"
"4716","ORACLE JAPAN CORP","IT","Aktien","542.345,32","0,00","542.345,32","10.100,00","53,70","Japan","Tokyo Stock Exchange","JPY"
"1308","SITC INTERNATIONAL HOLDINGS LTD","Industrie","Aktien","541.744,55","0,00","541.744,55","122.000,00","4,44","Hongkong","Hong Kong Exchanges And Clearing Ltd","HKD"
"AKBNK.E","AKBANK A","Financials","Aktien","533.007,12","0,00","533.007,12","334.706,00","1,59","Türkei","Istanbul Stock Exchange","TRY"
"2268","WUXI XDC CAYMAN INC","Gesundheitsversorgung","Aktien","535.308,46","0,00","535.308,46","77.500,00","6,91","China","Hong Kong Exchanges And Clearing Ltd","HKD"
"9021","WEST JAPAN RAILWAY","Industrie","Aktien","531.221,35","0,00","531.221,35","31.000,00","17,14","Japan","Tokyo Stock Exchange","JPY"
"005387","HYUNDAI MOTOR S2 PREF","Zyklische Konsumgüter ","Aktien","501.044,30","0,00","501.044,30","2.612,00","191,82","Korea","Korea Exchange (Stock Market)","KRW"
"TRY","TRY CASH","Cash und/oder Derivate","Geldmarkt","496.755,04","0,00","496.755,04","22.568.948,00","2,20","Türkei","-","TRY"
"QAR","QAR CASH","Cash und/oder Derivate","Geldmarkt","493.287,71","0,00","493.287,71","1.796.061,00","27,46","Qatar","-","QAR"
"3618","CHONGQING RURAL COMMERCIAL BANK LT","Financials","Aktien","486.337,52","0,00","486.337,52","561.000,00","0,87","China","Hong Kong Exchanges And Clearing Ltd","HKD"
"2026","PONY AI INC","IT","Aktien","488.011,34","0,00","488.011,34","55.800,00","8,75","China","Hong Kong Exchanges And Clearing Ltd","HKD"
"CLP","CLP CASH","Cash und/oder Derivate","Geldmarkt","452.617,87","0,00","452.617,87","403.187.475,00","0,11","Chile","-","CLP"
"780","TONGCHENG TRAVEL HOLDINGS LTD","Zyklische Konsumgüter ","Aktien","447.572,65","0,00","447.572,65","202.400,00","2,21","China","Hong Kong Exchanges And Clearing Ltd","HKD"
"SALIK","SALIK COMPANY P.J.S.C","Industrie","Aktien","449.317,67","0,00","449.317,67","291.058,00","1,54","Ver. Arabische Emirate","Dubai Financial Market","AED"
"285","BYD ELECTRONIC (INTERNATIONAL) LTD","IT","Aktien","438.795,26","0,00","438.795,26","119.500,00","3,67","China","Hong Kong Exchanges And Clearing Ltd","HKD"
"3088","MATSUKIYOKARA","Nichtzyklische Konsumgüter","Aktien","427.620,22","0,00","427.620,22","30.600,00","13,97","Japan","Tokyo Stock Exchange","JPY"
"6862","HAIDILAO INTERNATIONAL HOLDING LTD","Zyklische Konsumgüter ","Aktien","427.072,16","0,00","427.072,16","223.000,00","1,92","China","Hong Kong Exchanges And Clearing Ltd","HKD"
"BREN","BARITO RENEWABLES ENERGY","Versorger","Aktien","418.665,90","0,00","418.665,90","2.285.000,00","0,18","Indonesien","Indonesia Stock Exchange","IDR"
"BBNI","BANK NEGARA INDONESIA","Financials","Aktien","419.462,35","0,00","419.462,35","1.893.000,00","0,22","Indonesien","Indonesia Stock Exchange","IDR"
"2799","CHINA CITIC FIN ASSET MGT LTD H","Financials","Aktien","416.522,39","0,00","416.522,39","4.469.000,00","0,09","China","Hong Kong Exchanges And Clearing Ltd","HKD"
"5201","AGC INC","Industrie","Aktien","400.559,61","0,00","400.559,61","10.500,00","38,15","Japan","Tokyo Stock Exchange","JPY"
"PHP","PHP CASH","Cash und/oder Derivate","Geldmarkt","395.575,09","0,00","395.575,09","24.383.249,00","1,62","Philippinen","-","PHP"
"168","TSINGTAO BREWERY LTD H","Nichtzyklische Konsumgüter","Aktien","390.991,27","0,00","390.991,27","58.000,00","6,74","China","Hong Kong Exchanges And Clearing Ltd","HKD"
"AMMN","AMMAN MINERAL INTERNASIONAL","Materialien","Aktien","385.867,74","0,00","385.867,74","1.821.400,00","0,21","Indonesien","Indonesia Stock Exchange","IDR"
"THB","THB CASH","Cash und/oder Derivate","Geldmarkt","381.795,72","0,00","381.795,72","12.346.319,00","3,09","Thailand","-","THB"
"83","SINO LAND LTD","Immobilien","Aktien","331.040,29","0,00","331.040,29","204.000,00","1,62","Hongkong","Hong Kong Exchanges And Clearing Ltd","HKD"
"CHDRAUIB","GRUPO COMERCIAL CHEDRAUI","Nichtzyklische Konsumgüter","Aktien","328.334,35","0,00","328.334,35","58.900,00","5,57","Mexiko","Bolsa Mexicana De Valores","MXN"
"1066","SHANDONG WEIGAO GP MEDICAL POLYMER","Gesundheitsversorgung","Aktien","319.266,13","0,00","319.266,13","704.400,00","0,45","China","Hong Kong Exchanges And Clearing Ltd","HKD"
"DSSA","DIAN SWASTATIKA SENTOSA","Energie","Aktien","304.455,34","0,00","304.455,34","5.137.500,00","0,06","Indonesien","Indonesia Stock Exchange","IDR"
"1585","YADEA GROUP HOLDINGS LTD","Zyklische Konsumgüter ","Aktien","268.750,32","0,00","268.750,32","176.000,00","1,53","China","Hong Kong Exchanges And Clearing Ltd","HKD"
"NZD","NZD CASH","Cash und/oder Derivate","Geldmarkt","251.001,09","0,00","251.001,09","423.738,00","59,24","Neuseeland","-","NZD"
"THYAO.E","TURK HAVA YOLLARI AO A","Industrie","Aktien","245.312,01","0,00","245.312,01","36.452,00","6,73","Türkei","Istanbul Stock Exchange","TRY"
"316","ORIENT OVERSEAS (INTERNATIONAL) LT","Industrie","Aktien","240.666,97","0,00","240.666,97","13.000,00","18,51","China","Hong Kong Exchanges And Clearing Ltd","HKD"
"CNH","CNH CASH","Cash und/oder Derivate","Geldmarkt","227.146,00","0,00","227.146,00","1.540.890,00","14,74","China","-","CNH"
"MRDIY","MR D.I.Y. GROUP (M)","Zyklische Konsumgüter ","Aktien","218.595,45","0,00","218.595,45","488.300,00","0,45","Malaysia","Bursa Malaysia","MYR"
"BRL","BRL CASH","Cash und/oder Derivate","Geldmarkt","216.618,10","0,00","216.618,10","1.078.791,00","20,08","Brasilien","-","BRL"
"CZK","CZK CASH","Cash und/oder Derivate","Geldmarkt","198.254,33","0,00","198.254,33","4.126.505,00","4,80","Tschechien","-","CZK"
"HUF","HUF CASH","Cash und/oder Derivate","Geldmarkt","192.777,51","0,00","192.777,51","58.967.972,00","0,33","Ungarn","-","HUF"
"3692","HANSOH PHARMACEUTICAL GROUP LTD","Gesundheitsversorgung","Aktien","191.435,58","0,00","191.435,58","42.000,00","4,56","China","Hong Kong Exchanges And Clearing Ltd","HKD"
"3092","ZOZO INC","Zyklische Konsumgüter ","Aktien","165.275,54","0,00","165.275,54","25.500,00","6,48","Japan","Tokyo Stock Exchange","JPY"
"1193","CHINA RESOURCES GAS GROUP LTD","Versorger","Aktien","131.118,94","0,00","131.118,94","53.600,00","2,45","China","Hong Kong Exchanges And Clearing Ltd","HKD"
"3998","BOSIDENG INTERNATIONAL LTD","Zyklische Konsumgüter ","Aktien","128.961,75","0,00","128.961,75","236.000,00","0,55","China","Hong Kong Exchanges And Clearing Ltd","HKD"
"960","LONGFOR GROUP HOLDINGS LTD","Immobilien","Aktien","123.822,20","0,00","123.822,20","100.500,00","1,23","China","Hong Kong Exchanges And Clearing Ltd","HKD"
"SSBSW","CASH COLLATERAL USD SSBSW","Cash und/oder Derivate","Cash Collateral and Margins","120.000,00","0,00","120.000,00","120.000,00","100,00","Vereinigte Staaten","-","USD"
"1548","GENSCRIPT BIOTECH CORP","Gesundheitsversorgung","Aktien","115.096,27","0,00","115.096,27","62.000,00","1,86","China","Hong Kong Exchanges And Clearing Ltd","HKD"
"RED","REDEIA CORPORACION SA","Versorger","Aktien","107.114,02","0,00","107.114,02","6.329,00","16,92","Spanien","Bolsa De Madrid","EUR"
"2474","CATCHER TECHNOLOGY LTD","IT","Aktien","96.715,85","0,00","96.715,85","16.000,00","6,04","Taiwan","Taiwan Stock Exchange","TWD"
"AMRZ","AMRIZE AG","Materialien","Aktien","94.093,61","0,00","94.093,61","1.842,00","51,08","Vereinigte Staaten","SIX Swiss Exchange","CHF"
"6969","SMOORE INTERNATIONAL HOLDINGS LTD","Nichtzyklische Konsumgüter","Aktien","89.152,75","0,00","89.152,75","66.000,00","1,35","China","Hong Kong Exchanges And Clearing Ltd","HKD"
"NORION","NORION BANK","Financials","Aktien","75.512,46","0,00","75.512,46","13.672,00","5,52","Schweden","Nasdaq Omx Nordic","SEK"
"EBP","ERSTE BANK POLSKA SA","Financials","Aktien","70.706,01","0,00","70.706,01","421,00","167,95","Polen","Warsaw Stock Exchange/Equities/Main Market","PLN"
"2587","SUNTORY BEVERAGE & FOOD LTD","Nichtzyklische Konsumgüter","Aktien","68.327,17","0,00","68.327,17","2.600,00","26,28","Japan","Tokyo Stock Exchange","JPY"
"1044","HENGAN INTERNATIONAL GROUP LTD","Nichtzyklische Konsumgüter","Aktien","48.984,99","0,00","48.984,99","14.500,00","3,38","China","Hong Kong Exchanges And Clearing Ltd","HKD"
"INR","INR CASH","Cash und/oder Derivate","Geldmarkt","26.574,06","0,00","26.574,06","2.544.899,00","1,04","Indien","-","INR"
"VALT","VALTERRA PLATINUM LTD","Materialien","Aktien","13.523,81","0,00","13.523,81","153,00","88,39","Südafrika","London Stock Exchange","GBP"
"DIEDU","EDP RENOVAVEIS RIGHTS SA","Versorger","Aktien","13.344,82","0,00","13.344,82","92.140,00","0,14","Portugal","Nyse Euronext - Euronext Lisbon","EUR"
"CCL","CARNIVAL CORP","Zyklische Konsumgüter ","Aktien","7.540,48","0,00","7.540,48","274,00","27,52","Vereinigte Staaten","New York Stock Exchange Inc.","USD"
"TWD","TWD/USD","Cash und/oder Derivate","FX","2.305,10","0,00","2.305,10","300.000.000,00","1,00","Vereinigte Staaten","-","USD"
"COP","COP CASH","Cash und/oder Derivate","Geldmarkt","0,00","0,00","0,00","0,00","0,03","Kolumbien","-","COP"
"SAR","SAR CASH(COMMITTED)","Cash und/oder Derivate","Geldmarkt","42,30","0,00","42,30","159,00","26,65","Saudi-Arabien","-","SAR"
"VTBR","BANK VTB","Financials","Aktien","0,02","0,00","0,02","182.378,00","0,00","Russland","Standard-Classica-Forts","RUB"
"PLZL","POLYUS","Materialien","Aktien","0,22","0,00","0,22","15.760,00","0,00","Russland","Standard-Classica-Forts","RUB"
"GMKN","GMK NORILSKIY NIKEL","Materialien","Aktien","0,84","0,00","0,84","612.800,00","0,00","Russland","Standard-Classica-Forts","RUB"
"TCSG","TCS GROUP HOLDING REPR CLASS A RE","Financials","Aktien","1,53","0,00","1,53","11.210,00","0,00","Russland","Standard-Classica-Forts","RUB"
"LKOH","NK LUKOIL","Energie","Aktien","4,35","0,00","4,35","31.838,00","0,00","Russland","Standard-Classica-Forts","RUB"
"ROSN","NK ROSNEFT","Energie","Aktien","5,25","0,00","5,25","38.440,00","0,00","Russland","Standard-Classica-Forts","RUB"
"NVTK","NOVATEK","Energie","Aktien","11,77","0,00","11,77","86.250,00","0,00","Russland","Standard-Classica-Forts","RUB"
"TATN","TATNEFT","Energie","Aktien","15,49","0,00","15,49","113.455,00","0,00","Russland","Standard-Classica-Forts","RUB"
"MTSS","MOBILNYE TELESISTEMY","Kommunikation","Aktien","28,54","0,00","28,54","209.064,00","0,00","Russland","Standard-Classica-Forts","RUB"
"SBER","SBERBANK ROSSII","Financials","Aktien","85,80","0,00","85,80","628.476,00","0,00","Russland","Standard-Classica-Forts","RUB"
"GAZP","GAZPROM","Energie","Aktien","120,31","0,00","120,31","881.266,00","0,00","Russland","Standard-Classica-Forts","RUB"
"-","HOLOGIC INC","Gesundheitsversorgung","Aktien","718,24","0,00","718,24","71.824,00","0,01","Vereinigte Staaten","NO MARKET (E.G. UNLISTED)","USD"
"DKK","DKK/USD","Cash und/oder Derivate","FX","-1.208,31","0,00","-1.208,31","1.592.039,00","1,00","Vereinigte Staaten","-","USD"
"NOK","NOK/USD","Cash und/oder Derivate","FX","-623,88","0,00","-623,88","978.098,00","1,00","Vereinigte Staaten","-","USD"
"IDR","IDR/USD","Cash und/oder Derivate","FX","203,39","0,00","203,39","932.900.000,00","1,00","Vereinigte Staaten","-","USD"
"ZAR","ZAR/USD","Cash und/oder Derivate","FX","1.267,04","0,00","1.267,04","4.235.836,00","1,00","Vereinigte Staaten","-","USD"
"2299955D","CONSTELLATION SOFTWARE INC","IT","Aktien","0,02","0,00","0,02","2.379,00","0,00","Kanada","Toronto Stock Exchange","CAD"
"-","ESSILORLUXOTTICA SA COUPON","Gesundheitsversorgung","Aktien","1,06","0,00","1,06","90.417,00","0,00","Frankreich","Nyse Euronext - Euronext Paris","EUR"
"MESM6","MSCI EMER MKT INDEX (ICE) JUN 26","Cash und/oder Derivate","Futures","0,00","0,00","15.669.290,00","182,00","1.721,90","-","Ice Futures U.S.","USD"
"MFSM6","MSCI EAFE INDEX JUN 26","Cash und/oder Derivate","Futures","0,00","0,00","59.853.485,00","389,00","3.077,30","-","Ice Futures U.S.","USD"
"ESM6","S&P500 EMINI JUN 26","Cash und/oder Derivate","Futures","0,00","0,00","76.760.100,00","204,00","7.525,50","-","Index And Options Market","USD"
"CHF","CHF/USD","Cash und/oder Derivate","FX","-3.376,76","0,00","-3.376,76","1.001.998,00","1,00","Vereinigte Staaten","-","USD"
"SEK","SEK/USD","Cash und/oder Derivate","FX","-2.214,25","0,00","-2.214,25","4.446.713,00","1,00","Vereinigte Staaten","-","USD"
"TWD","TWD CASH","Cash und/oder Derivate","Geldmarkt","-8.331.345,44","-0,03","-8.331.345,44","-262.562.352,00","3,17","Taiwan","-","TWD"
 