date,volume,open,high,low,close,adjclose
2020-06-19,378900,40.040000915527344,40.15999984741211,39.36000061035156,39.380001068115234,39.380001068115234
2020-06-18,752300,39.619998931884766,39.88999938964844,39.61000061035156,39.77000045776367,39.77000045776367
2020-06-17,698600,39.959999084472656,40.130001068115234,39.79999923706055,39.880001068115234,39.880001068115234
2020-06-16,692000,40.2599983215332,40.310001373291016,39.34000015258789,39.77000045776367,39.77000045776367
2020-06-15,474700,38.63999938964844,39.599998474121094,38.43000030517578,39.5099983215332,39.5099983215332
2020-06-12,3099100,40.29999923706055,40.29999923706055,39.150001525878906,39.84000015258789,39.297000885009766
2020-06-11,663200,40.2400016784668,40.41999816894531,39.130001068115234,39.189998626708984,38.65585708618164
2020-06-10,283500,41.900001525878906,42.15999984741211,41.65999984741211,41.810001373291016,41.240150451660156
2020-06-09,398000,41.630001068115234,41.900001525878906,41.560001373291016,41.72999954223633,41.16123962402344
2020-06-08,528700,41.83000183105469,42.209999084472656,41.63999938964844,42.18000030517578,41.605106353759766
2020-06-05,651000,41.619998931884766,41.959999084472656,41.529998779296875,41.630001068115234,41.06260681152344
2020-06-04,3754300,40.439998626708984,40.779998779296875,40.349998474121094,40.52000045776367,39.96773147583008
2020-06-03,1004200,40.189998626708984,40.70000076293945,40.189998626708984,40.58000183105469,40.02691650390625
2020-06-02,833700,39.29999923706055,39.58000183105469,39.15999984741211,39.459999084472656,38.92218017578125
2020-06-01,706400,38.0099983215332,38.70000076293945,38.0099983215332,38.70000076293945,38.17253875732422
2020-05-29,646200,37.029998779296875,37.209999084472656,36.689998626708984,37.13999938964844,36.6338005065918
2020-05-28,587200,37.790000915527344,37.970001220703125,37.54999923706055,37.630001068115234,37.117122650146484
2020-05-27,533800,37.61000061035156,37.619998931884766,37.11000061035156,37.47999954223633,36.96916580200195
2020-05-26,431600,37.56999969482422,37.650001525878906,37.34000015258789,37.369998931884766,36.86066436767578
2020-05-22,630800,36.06999969482422,36.15999984741211,35.93000030517578,36.15999984741211,35.66715621948242
2020-05-21,692400,37.119998931884766,37.209999084472656,36.66999816894531,36.810001373291016,36.30830001831055
2020-05-20,475700,37.5099983215332,37.79999923706055,37.5,37.63999938964844,37.126983642578125
2020-05-19,652600,37.18000030517578,37.29999923706055,36.849998474121094,36.849998474121094,36.34775161743164
2020-05-18,808700,36.689998626708984,37.33000183105469,36.599998474121094,37.220001220703125,36.712711334228516
2020-05-15,414900,35.54999923706055,35.84000015258789,35.52000045776367,35.79999923706055,35.31206512451172
2020-05-14,988000,35.25,35.79999923706055,35.08000183105469,35.790000915527344,35.30220031738281
2020-05-13,925000,36.349998474121094,36.38999938964844,35.61000061035156,35.79999923706055,35.31206512451172
2020-05-12,661200,36.650001525878906,36.720001220703125,36.04999923706055,36.099998474121094,35.607975006103516
2020-05-11,644600,36.5099983215332,36.849998474121094,36.470001220703125,36.65999984741211,36.160343170166016
2020-05-08,698700,36.400001525878906,36.650001525878906,36.36000061035156,36.619998931884766,36.120887756347656
2020-05-07,702200,36.08000183105469,36.33000183105469,36,36.150001525878906,35.65729522705078
2020-05-06,454500,36.209999084472656,36.33000183105469,35.72999954223633,35.7599983215332,35.272605895996094
2020-05-05,680200,36.220001220703125,36.369998931884766,36.029998779296875,36.06999969482422,35.57838439941406
2020-05-04,561900,35.41999816894531,35.880001068115234,35.310001373291016,35.84000015258789,35.35152053833008
2020-05-01,1345300,35.47999954223633,35.5099983215332,35.02000045776367,35.2599983215332,34.779422760009766
2020-04-30,1518200,37.119998931884766,37.2400016784668,36.56999969482422,36.650001525878906,36.150482177734375
2020-04-29,637500,36.869998931884766,37.2400016784668,36.84000015258789,37.08000183105469,36.57461929321289
2020-04-28,659700,36.63999938964844,36.650001525878906,36.209999084472656,36.279998779296875,35.7855224609375
2020-04-27,1499000,35.97999954223633,36.209999084472656,35.91999816894531,36.130001068115234,35.63756561279297
2020-04-24,524700,35.47999954223633,35.77000045776367,35.290000915527344,35.72999954223633,35.243019104003906
2020-04-23,696900,35.43000030517578,35.84000015258789,35.25,35.349998474121094,34.868194580078125
2020-04-22,693300,35.470001220703125,35.54999923706055,35.310001373291016,35.400001525878906,34.917518615722656
2020-04-21,585500,34.599998474121094,34.810001373291016,34.2599983215332,34.38999938964844,33.92127990722656
2020-04-20,600400,35.77000045776367,36.29999923706055,35.7400016784668,35.7599983215332,35.272605895996094
2020-04-17,947400,36.470001220703125,36.709999084472656,36.20000076293945,36.630001068115234,36.13075256347656
2020-04-16,971400,35.93000030517578,35.93000030517578,35.45000076293945,35.790000915527344,35.30220031738281
2020-04-15,1136500,35.77000045776367,35.97999954223633,35.54999923706055,35.70000076293945,35.21342849731445
2020-04-14,1312300,36.65999984741211,37.130001068115234,36.61000061035156,37.08000183105469,36.57461929321289
2020-04-13,574600,36.08000183105469,36.130001068115234,35.630001068115234,36.060001373291016,35.56852340698242
2020-04-09,923000,35.83000183105469,36.38999938964844,35.779998779296875,36.02000045776367,35.5290641784668
2020-04-08,637100,34.84000015258789,35.209999084472656,34.61000061035156,35.02000045776367,34.542694091796875
2020-04-07,766500,35.689998626708984,35.720001220703125,34.720001220703125,34.779998779296875,34.305965423583984
2020-04-06,988500,34.33000183105469,35.2400016784668,34.279998779296875,35.130001068115234,34.65119552612305
2020-04-03,1055300,33.18000030517578,33.38999938964844,32.650001525878906,32.91999816894531,32.4713134765625
2020-04-02,907700,33.130001068115234,34.02000045776367,33.0099983215332,33.959999084472656,33.49714279174805
2020-04-01,1066600,33.36000061035156,33.900001525878906,32.709999084472656,32.81999969482422,32.3726806640625
2020-03-31,1359100,33.779998779296875,34.29999923706055,33.52000045776367,33.90999984741211,33.44782257080078
2020-03-30,1456800,33.45000076293945,34.18000030517578,33.290000915527344,34.18000030517578,33.71414566040039
2020-03-27,1276800,32.38999938964844,32.97999954223633,32,32.38999938964844,31.94853973388672
2020-03-26,1084100,33.5,34.70000076293945,33.400001525878906,34.52000045776367,34.04951095581055
2020-03-25,1440000,32.959999084472656,33.709999084472656,32.439998626708984,33.130001068115234,32.6784553527832
2020-03-24,1638000,31.389999389648438,32.060001373291016,31.06999969482422,32,31.56385612487793
2020-03-23,1355500,29.649999618530273,29.940000534057617,28.860000610351562,29.209999084472656,28.81188201904297
2020-03-20,1371500,31.6299991607666,31.770000457763672,30.110000610351562,30.280000686645508,29.867300033569336
2020-03-19,979500,30.459999084472656,31.59000015258789,30.100000381469727,30.940000534057617,30.5183048248291
2020-03-18,1609600,30.959999084472656,32.16999816894531,30.360000610351562,31.350000381469727,30.92271614074707
2020-03-17,2364100,33.20000076293945,34.2400016784668,32.52000045776367,34.02000045776367,33.55632400512695
2020-03-16,1113800,32.08000183105469,33.34000015258789,31.40999984741211,32.09000015258789,31.652629852294922
2020-03-13,1435500,36.91999816894531,37.18000030517578,35.04999923706055,37.029998779296875,36.525299072265625
2020-03-12,1929500,34.77000045776367,34.81999969482422,33.04999923706055,33.45000076293945,32.99409484863281
2020-03-11,1917600,38.709999084472656,38.7599983215332,37.599998474121094,37.77000045776367,37.25521469116211
2020-03-10,1129500,40.15999984741211,40.33000183105469,39.040000915527344,40.060001373291016,39.51400375366211
2020-03-09,741800,37.63999938964844,38.58000183105469,37.15999984741211,37.66999816894531,37.15657424926758
2020-03-06,919900,41.150001525878906,41.4900016784668,40.93000030517578,41.38999938964844,40.82587432861328
2020-03-05,851900,42.22999954223633,42.459999084472656,41.86000061035156,42,41.42756271362305
2020-03-04,1020000,42.380001068115234,42.790000915527344,42.20000076293945,42.7400016784668,42.15747833251953
2020-03-03,1451300,42.4900016784668,43.040000915527344,41.650001525878906,41.97999954223633,41.407833099365234
2020-03-02,2138000,41.849998474121094,42.38999938964844,41.58000183105469,42.38999938964844,41.8122444152832
2020-02-28,885900,41.68000030517578,42.20000076293945,41.209999084472656,42.13999938964844,41.565650939941406
2020-02-27,689800,43.38999938964844,43.61000061035156,42.779998779296875,42.779998779296875,42.196929931640625
2020-02-26,591800,43.869998931884766,44.130001068115234,43.54999923706055,43.54999923706055,42.95643615722656
2020-02-25,288600,44.560001373291016,44.599998474121094,43.619998931884766,43.66999816894531,43.074798583984375
2020-02-24,276100,44.22999954223633,44.529998779296875,44.15999984741211,44.18000030517578,43.577850341796875
2020-02-21,257300,45.869998931884766,45.97999954223633,45.72999954223633,45.869998931884766,45.244815826416016
2020-02-20,256300,46.220001220703125,46.29999923706055,45.83000183105469,46,45.373043060302734
2020-02-19,175300,46.5099983215332,46.61000061035156,46.5099983215332,46.560001373291016,45.925411224365234
2020-02-18,274300,46.29999923706055,46.41999816894531,46.22999954223633,46.310001373291016,45.67881774902344
2020-02-14,280000,46.63999938964844,46.63999938964844,46.380001068115234,46.54999923706055,45.91554641723633
2020-02-13,339000,46.40999984741211,46.560001373291016,46.34000015258789,46.41999816894531,45.787315368652344
2020-02-12,361600,46.619998931884766,46.810001373291016,46.59000015258789,46.810001373291016,46.17200469970703
2020-02-11,386200,46.02000045776367,46.18000030517578,46.02000045776367,46.18000030517578,45.55059051513672
2020-02-10,299500,45.599998474121094,45.83000183105469,45.58000183105469,45.83000183105469,45.205360412597656
2020-02-07,381100,45.720001220703125,45.779998779296875,45.58000183105469,45.58000183105469,44.958770751953125
2020-02-06,412400,46.279998779296875,46.279998779296875,46.130001068115234,46.20000076293945,45.570316314697266
2020-02-05,355300,46.06999969482422,46.15999984741211,45.869998931884766,45.939998626708984,45.31385803222656
2020-02-04,359700,45.650001525878906,45.86000061035156,45.630001068115234,45.75,45.12644958496094
2020-02-03,1626500,45.130001068115234,45.189998626708984,44.970001220703125,45.0099983215332,44.39653396606445
2020-01-31,503800,45.25,45.34000015258789,44.68000030517578,44.84000015258789,44.22885513305664
2020-01-30,409000,45.599998474121094,45.93000030517578,45.40999984741211,45.91999816894531,45.294132232666016
2020-01-29,240500,46.150001525878906,46.16999816894531,45.95000076293945,46.060001373291016,45.432228088378906
2020-01-28,614300,45.93000030517578,46.09000015258789,45.84000015258789,46.08000183105469,45.45195388793945
2020-01-27,512900,45.5099983215332,45.90999984741211,45.5099983215332,45.720001220703125,45.096858978271484
2020-01-24,338800,47.34000015258789,47.34000015258789,46.77000045776367,46.959999084472656,46.3199577331543
2020-01-23,361900,47.189998626708984,47.36000061035156,46.97999954223633,47.33000183105469,46.68491744995117
2020-01-22,345500,47.56999969482422,47.619998931884766,47.400001525878906,47.4900016784668,46.842735290527344
2020-01-21,427200,47.36000061035156,47.439998626708984,47.22999954223633,47.27000045776367,46.625732421875
2020-01-17,291400,48.06999969482422,48.130001068115234,47.9900016784668,48.06999969482422,47.41482925415039
2020-01-16,1494100,47.959999084472656,48.119998931884766,47.91999816894531,48.119998931884766,47.464149475097656
2020-01-15,196600,47.630001068115234,47.72999954223633,47.56999969482422,47.61000061035156,46.96110153198242
2020-01-14,1013200,47.459999084472656,47.63999938964844,47.459999084472656,47.560001373291016,46.911781311035156
2020-01-13,262800,47.11000061035156,47.459999084472656,47.040000915527344,47.459999084472656,46.81314468383789
2020-01-10,348000,47.08000183105469,47.099998474121094,46.900001525878906,46.93000030517578,46.290367126464844
2020-01-09,363000,46.65999984741211,46.77000045776367,46.599998474121094,46.77000045776367,46.13254928588867
2020-01-08,424300,46.41999816894531,46.77000045776367,46.41999816894531,46.599998474121094,45.96486282348633
2020-01-07,358200,46.470001220703125,46.5099983215332,46.349998474121094,46.369998931884766,45.737998962402344
2020-01-06,423800,46.16999816894531,46.439998626708984,46.15999984741211,46.400001525878906,45.76759338378906
2020-01-03,411500,46.22999954223633,46.529998779296875,46.16999816894531,46.290000915527344,45.65909194946289
2020-01-02,492900,46.61000061035156,46.790000915527344,46.540000915527344,46.77000045776367,46.13254928588867
2019-12-31,378900,46.130001068115234,46.310001373291016,46.04999923706055,46.29999923706055,45.66895294189453
2019-12-30,381400,46.59000015258789,46.619998931884766,46.25,46.34000015258789,45.70840835571289
2019-12-27,256300,46.459999084472656,46.4900016784668,46.369998931884766,46.45000076293945,45.81690979003906
2019-12-26,434700,46.130001068115234,46.36000061035156,46.130001068115234,46.36000061035156,45.7281379699707
2019-12-24,116600,46.040000915527344,46.119998931884766,46.02000045776367,46.099998474121094,45.4716796875
2019-12-23,232500,45.959999084472656,46.060001373291016,45.93000030517578,46.029998779296875,45.40263366699219
2019-12-20,296800,46.15999984741211,46.16999816894531,46.029998779296875,46.08000183105469,45.45195388793945
2019-12-19,163800,45.93000030517578,46.060001373291016,45.880001068115234,46.02000045776367,45.39277267456055
2019-12-18,326000,46.099998474121094,46.119998931884766,46.029998779296875,46.11000061035156,45.481544494628906
2019-12-17,875300,46.099998474121094,46.209999084472656,46.02000045776367,46.060001373291016,45.432228088378906
2019-12-16,186200,46.29999923706055,46.41999816894531,46.2599983215332,46.310001373291016,45.67881774902344
2019-12-13,343200,46.810001373291016,47.130001068115234,46.689998626708984,46.70000076293945,45.12053298950195
2019-12-12,739200,46.16999816894531,46.650001525878906,46.11000061035156,46.63999938964844,45.06256103515625
2019-12-11,273000,45.91999816894531,46.13999938964844,45.869998931884766,46.099998474121094,44.54082489013672
2019-12-10,255100,45.650001525878906,45.720001220703125,45.560001373291016,45.66999816894531,44.1253662109375
2019-12-09,1004900,45.83000183105469,45.959999084472656,45.72999954223633,45.75,44.202659606933594
2019-12-06,754900,46.02000045776367,46.04999923706055,45.91999816894531,46.029998779296875,44.47319412231445
2019-12-05,300200,45.650001525878906,45.650001525878906,45.4900016784668,45.630001068115234,44.08671951293945
2019-12-04,425300,45.52000045776367,45.619998931884766,45.5,45.58000183105469,44.038414001464844
2019-12-03,984900,45.220001220703125,45.40999984741211,45.029998779296875,45.380001068115234,43.845176696777344
2019-12-02,509700,46.06999969482422,46.099998474121094,45.83000183105469,45.970001220703125,44.415225982666016
2019-11-29,128400,46.16999816894531,46.209999084472656,46.119998931884766,46.15999984741211,44.59879684448242
2019-11-27,230800,46.45000076293945,46.59000015258789,46.45000076293945,46.56999969482422,44.994930267333984
2019-11-26,265400,46.20000076293945,46.2599983215332,46.130001068115234,46.25,44.685752868652344
2019-11-25,246900,46.09000015258789,46.27000045776367,46.04999923706055,46.27000045776367,44.705078125
2019-11-22,160800,45.83000183105469,45.849998474121094,45.70000076293945,45.83000183105469,44.27995681762695
2019-11-21,207500,45.68000030517578,45.70000076293945,45.54999923706055,45.70000076293945,44.154354095458984
2019-11-20,267800,45.959999084472656,46.02000045776367,45.66999816894531,45.81999969482422,44.270294189453125
2019-11-19,354500,46.5099983215332,46.52000045776367,46.290000915527344,46.380001068115234,44.81135940551758
2019-11-18,150800,46.08000183105469,46.189998626708984,46.0099983215332,46.150001525878906,44.58913803100586
2019-11-15,176900,45.97999954223633,46.150001525878906,45.939998626708984,46.150001525878906,44.58913803100586
2019-11-14,339400,45.720001220703125,45.849998474121094,45.650001525878906,45.849998474121094,44.299278259277344
2019-11-13,392500,45.790000915527344,45.9900016784668,45.779998779296875,45.900001525878906,44.34758758544922
2019-11-12,360300,46.459999084472656,46.540000915527344,46.400001525878906,46.470001220703125,44.8983154296875
2019-11-11,173600,46.47999954223633,46.70000076293945,46.459999084472656,46.66999816894531,45.09154510498047
2019-11-08,933000,46.720001220703125,46.790000915527344,46.61000061035156,46.7400016784668,45.159183502197266
2019-11-07,266200,47.06999969482422,47.15999984741211,46.959999084472656,46.9900016784668,45.400726318359375
2019-11-06,296100,46.619998931884766,46.709999084472656,46.5099983215332,46.61000061035156,45.03357696533203
2019-11-05,355900,46.65999984741211,46.70000076293945,46.54999923706055,46.650001525878906,45.072227478027344
2019-11-04,308000,46.70000076293945,46.70000076293945,46.56999969482422,46.65999984741211,45.081886291503906
2019-11-01,371900,46.33000183105469,46.529998779296875,46.33000183105469,46.52000045776367,44.94662094116211
2019-10-31,362900,46.040000915527344,46.040000915527344,45.7400016784668,45.88999938964844,44.33792495727539
2019-10-30,360500,45.900001525878906,46.119998931884766,45.709999084472656,46.119998931884766,44.560150146484375
2019-10-29,299900,45.959999084472656,46.08000183105469,45.95000076293945,46.0099983215332,44.4538688659668
2019-10-28,320200,46.119998931884766,46.27000045776367,46.11000061035156,46.22999954223633,44.66642761230469
2019-10-25,315600,45.72999954223633,46.0099983215332,45.72999954223633,45.91999816894531,44.366912841796875
2019-10-24,428000,45.79999923706055,45.810001373291016,45.619998931884766,45.709999084472656,44.16401290893555
2019-10-23,213700,45.439998626708984,45.619998931884766,45.40999984741211,45.599998474121094,44.05773162841797
2019-10-22,1961700,45.599998474121094,45.709999084472656,45.5099983215332,45.58000183105469,44.038414001464844
2019-10-21,366700,45.439998626708984,45.5099983215332,45.380001068115234,45.47999954223633,43.94179153442383
2019-10-18,313900,45.130001068115234,45.20000076293945,44.97999954223633,45.08000183105469,43.55532455444336
2019-10-17,201000,45.380001068115234,45.38999938964844,45.220001220703125,45.34000015258789,43.8065299987793
2019-10-16,551400,45.040000915527344,45.290000915527344,45.040000915527344,45.20000076293945,43.6712646484375
2019-10-15,355100,44.720001220703125,45.04999923706055,44.689998626708984,44.900001525878906,43.381412506103516
2019-10-14,171400,44.59000015258789,44.65999984741211,44.560001373291016,44.59000015258789,43.08189392089844
2019-10-11,830100,44.709999084472656,44.9900016784668,44.70000076293945,44.77000045776367,43.25580596923828
2019-10-10,458700,43.75,44.099998474121094,43.75,44.099998474121094,42.60846710205078
2019-10-09,467000,43.790000915527344,43.869998931884766,43.689998626708984,43.810001373291016,42.328277587890625
2019-10-08,972900,43.869998931884766,43.88999938964844,43.650001525878906,43.650001525878906,42.17369079589844
2019-10-07,796900,44.040000915527344,44.20000076293945,43.97999954223633,44.02000045776367,42.53117370605469
2019-10-04,582900,43.869998931884766,44.119998931884766,43.779998779296875,44.119998931884766,42.62779235839844
2019-10-03,1100000,43.790000915527344,44.04999923706055,43.56999969482422,44.02000045776367,42.53117370605469
2019-10-02,882100,43.959999084472656,43.959999084472656,43.5099983215332,43.720001220703125,42.2413215637207
2019-10-01,1076300,44.59000015258789,44.599998474121094,44.13999938964844,44.220001220703125,42.72441101074219
2019-09-30,765100,44.66999816894531,44.790000915527344,44.650001525878906,44.72999954223633,43.217159271240234
2019-09-27,494900,44.90999984741211,44.970001220703125,44.540000915527344,44.63999938964844,43.13020324707031
2019-09-26,574300,44.779998779296875,44.779998779296875,44.59000015258789,44.7400016784668,43.22682189941406
2019-09-25,1501500,44.720001220703125,44.90999984741211,44.61000061035156,44.84000015258789,43.32344055175781
2019-09-24,869200,45.290000915527344,45.34000015258789,44.90999984741211,44.95000076293945,43.429718017578125
2019-09-23,1301400,45.0099983215332,45.220001220703125,45,45.189998626708984,43.66160202026367
2019-09-20,439500,45.41999816894531,45.43000030517578,45.130001068115234,45.130001068115234,43.60363006591797
2019-09-19,201300,45.5099983215332,45.599998474121094,45.40999984741211,45.45000076293945,43.91280746459961
2019-09-18,345300,45.630001068115234,45.65999984741211,45.29999923706055,45.58000183105469,44.038414001464844
2019-09-17,233900,45.650001525878906,45.91999816894531,45.63999938964844,45.880001068115234,44.32826614379883
2019-09-16,553400,45.84000015258789,45.95000076293945,45.790000915527344,45.810001373291016,44.2606315612793
2019-09-13,409200,46.099998474121094,46.20000076293945,46.029998779296875,46.11000061035156,44.55048751831055
2019-09-12,466700,45.83000183105469,46,45.68000030517578,45.869998931884766,44.318599700927734
2019-09-11,530500,45.720001220703125,45.84000015258789,45.70000076293945,45.84000015258789,44.289615631103516
2019-09-10,272600,45.45000076293945,45.599998474121094,45.349998474121094,45.560001373291016,44.01908874511719
2019-09-09,455900,45.4900016784668,45.560001373291016,45.41999816894531,45.5099983215332,43.97077560424805
2019-09-06,442900,45.33000183105469,45.470001220703125,45.2599983215332,45.38999938964844,43.854835510253906
2019-09-05,405300,45.09000015258789,45.2400016784668,45.09000015258789,45.150001525878906,43.622955322265625
2019-09-04,590100,44.68000030517578,44.81999969482422,44.59000015258789,44.81999969482422,43.304115295410156
2019-09-03,998500,43.61000061035156,43.810001373291016,43.54999923706055,43.810001373291016,42.328277587890625
2019-08-30,1117000,44.11000061035156,44.150001525878906,43.849998474121094,44.08000183105469,42.58914566040039
2019-08-29,455000,44,44.060001373291016,43.84000015258789,43.9900016784668,42.50218963623047
2019-08-28,520500,43.45000076293945,43.709999084472656,43.380001068115234,43.61000061035156,42.135040283203125
2019-08-27,765200,43.7400016784668,43.79999923706055,43.470001220703125,43.4900016784668,42.019100189208984
2019-08-26,384600,43.59000015258789,43.63999938964844,43.380001068115234,43.58000183105469,42.106056213378906
2019-08-23,497900,43.79999923706055,44.13999938964844,43.310001373291016,43.349998474121094,41.88383483886719
2019-08-22,372500,44.08000183105469,44.16999816894531,43.84000015258789,43.9900016784668,42.50218963623047
2019-08-21,656700,44.47999954223633,44.47999954223633,44.31999969482422,44.349998474121094,42.85000991821289
2019-08-20,440600,44.43000030517578,44.459999084472656,44.2599983215332,44.279998779296875,42.782379150390625
2019-08-19,373400,44.349998474121094,44.36000061035156,44.209999084472656,44.2400016784668,42.743736267089844
2019-08-16,447100,43.56999969482422,43.84000015258789,43.56999969482422,43.77000045776367,42.28963088989258
2019-08-15,710100,43.209999084472656,43.31999969482422,43.04999923706055,43.22999954223633,41.76789474487305
2019-08-14,827000,43.150001525878906,43.33000183105469,42.93000030517578,42.939998626708984,41.487701416015625
2019-08-13,909900,43.439998626708984,44.34000015258789,43.400001525878906,44.060001373291016,42.56982421875
2019-08-12,923300,43.619998931884766,43.75,43.439998626708984,43.4900016784668,42.019100189208984
2019-08-09,418900,44.36000061035156,44.43000030517578,44.040000915527344,44.15999984741211,42.666439056396484
2019-08-08,477700,44.310001373291016,44.68000030517578,44.290000915527344,44.650001525878906,43.13986587524414
2019-08-07,708100,43.61000061035156,44.060001373291016,43.400001525878906,44.0099983215332,42.52151107788086
2019-08-06,878800,44.040000915527344,44.119998931884766,43.54999923706055,43.869998931884766,42.38624572753906
2019-08-05,1240800,44.52000045776367,44.52000045776367,43.619998931884766,43.84000015258789,42.357261657714844
2019-08-02,636500,45.779998779296875,45.849998474121094,45.529998779296875,45.61000061035156,44.06739807128906
2019-08-01,1067300,46.31999969482422,46.779998779296875,45.7599983215332,45.849998474121094,44.299278259277344
2019-07-31,1032500,46.810001373291016,46.849998474121094,46.150001525878906,46.439998626708984,44.869327545166016
2019-07-30,550400,46.97999954223633,46.9900016784668,46.88999938964844,46.939998626708984,45.352413177490234
2019-07-29,294900,47.33000183105469,47.34000015258789,47.220001220703125,47.310001373291016,45.709903717041016
2019-07-26,288200,47.45000076293945,47.459999084472656,47.349998474121094,47.369998931884766,45.76787185668945
2019-07-25,268100,47.810001373291016,47.83000183105469,47.459999084472656,47.470001220703125,45.8644905090332
2019-07-24,339400,47.70000076293945,47.810001373291016,47.68000030517578,47.810001373291016,46.1929931640625
2019-07-23,217800,47.77000045776367,47.849998474121094,47.689998626708984,47.849998474121094,46.23163604736328
2019-07-22,354300,47.720001220703125,47.83000183105469,47.619998931884766,47.650001525878906,46.03840255737305
2019-07-19,386000,48.029998779296875,48.04999923706055,47.79999923706055,47.83000183105469,46.21231460571289
2019-07-18,423200,47.470001220703125,47.72999954223633,47.349998474121094,47.72999954223633,46.11569595336914
2019-07-17,647300,47.56999969482422,47.59000015258789,47.40999984741211,47.43000030517578,45.825843811035156
2019-07-16,376800,47.5099983215332,47.599998474121094,47.38999938964844,47.400001525878906,45.79685974121094
2019-07-15,264800,47.560001373291016,47.59000015258789,47.470001220703125,47.58000183105469,45.97077178955078
2019-07-12,213600,47.459999084472656,47.529998779296875,47.400001525878906,47.529998779296875,45.92245864868164
2019-07-11,360200,47.439998626708984,47.4900016784668,47.2400016784668,47.34000015258789,45.738887786865234
2019-07-10,280900,47.369998931884766,47.400001525878906,47.209999084472656,47.27000045776367,45.6712532043457
2019-07-09,135100,46.9900016784668,47.130001068115234,46.959999084472656,47.099998474121094,45.50700378417969
2019-07-08,355300,47.279998779296875,47.369998931884766,47.25,47.349998474121094,45.7485466003418
2019-07-05,258000,47.65999984741211,47.81999969482422,47.5,47.81999969482422,46.20265197753906
2019-07-03,241300,47.810001373291016,47.939998626708984,47.790000915527344,47.90999984741211,46.289608001708984
2019-07-02,418600,47.4900016784668,47.5099983215332,47.380001068115234,47.5099983215332,45.90313720703125
2019-07-01,648400,47.47999954223633,47.560001373291016,47.209999084472656,47.31999969482422,45.71956253051758
2019-06-28,428200,47.2599983215332,47.279998779296875,47.16999816894531,47.22999954223633,45.632606506347656
2019-06-27,530000,47.25,47.36000061035156,47.220001220703125,47.349998474121094,45.7485466003418
2019-06-26,1160400,47.040000915527344,47.04999923706055,46.90999984741211,46.939998626708984,45.352413177490234
2019-06-25,217900,47,47.02000045776367,46.68000030517578,46.689998626708984,45.110870361328125
2019-06-24,270600,46.970001220703125,47.029998779296875,46.93000030517578,46.97999954223633,45.39106369018555
2019-06-21,186000,46.7599983215332,46.900001525878906,46.72999954223633,46.72999954223633,45.14951705932617
2019-06-20,182700,47.099998474121094,47.15999984741211,46.90999984741211,47.040000915527344,45.44903564453125
2019-06-19,299800,46.349998474121094,46.63999938964844,46.310001373291016,46.45000076293945,44.878990173339844
2019-06-18,422600,45.66999816894531,46.09000015258789,45.66999816894531,46.09000015258789,44.531166076660156
2019-06-17,162700,45.189998626708984,45.27000045776367,45.119998931884766,45.16999816894531,43.642276763916016
2019-06-14,187000,46.04999923706055,46.04999923706055,45.93000030517578,46,43.63068389892578
2019-06-13,424000,46.41999816894531,46.439998626708984,46.209999084472656,46.29999923706055,43.91523361206055
2019-06-12,209900,46.41999816894531,46.41999816894531,46.209999084472656,46.22999954223633,43.84883499145508
2019-06-11,272100,46.91999816894531,46.97999954223633,46.75,46.849998474121094,44.4369010925293
2019-06-10,236000,46.459999084472656,46.59000015258789,46.400001525878906,46.470001220703125,44.076480865478516
2019-06-07,254500,46.04999923706055,46.43000030517578,46.04999923706055,46.27000045776367,43.88677978515625
2019-06-06,329000,45.68000030517578,45.86000061035156,45.63999938964844,45.790000915527344,43.43150329589844
2019-06-05,366600,45.619998931884766,45.63999938964844,45.36000061035156,45.43000030517578,43.09004592895508
2019-06-04,509000,45.290000915527344,45.599998474121094,45.25,45.599998474121094,43.251285552978516
2019-06-03,752000,45.060001373291016,45.18000030517578,44.959999084472656,45.08000183105469,42.75807189941406
2019-05-31,512900,45.040000915527344,45.220001220703125,45,45.15999984741211,42.83395004272461
2019-05-30,375800,45.310001373291016,45.38999938964844,45.220001220703125,45.349998474121094,43.014163970947266
2019-05-29,399400,45.52000045776367,45.54999923706055,45.34000015258789,45.540000915527344,43.19437789916992
2019-05-28,531500,45.91999816894531,45.97999954223633,45.61000061035156,45.61000061035156,43.260772705078125
2019-05-24,268500,45.880001068115234,45.880001068115234,45.66999816894531,45.7599983215332,43.403045654296875
2019-05-23,502300,45.56999969482422,45.689998626708984,45.470001220703125,45.650001525878906,43.29871368408203
2019-05-22,286400,45.970001220703125,46.029998779296875,45.900001525878906,45.959999084472656,43.592742919921875
2019-05-21,411600,45.86000061035156,45.959999084472656,45.7400016784668,45.959999084472656,43.592742919921875
2019-05-20,530600,45.65999984741211,45.84000015258789,45.56999969482422,45.63999938964844,43.28922653198242
2019-05-17,582100,45.130001068115234,45.400001525878906,45.130001068115234,45.20000076293945,42.871891021728516
2019-05-16,5817200,45.72999954223633,46,45.56999969482422,45.630001068115234,43.27974319458008
2019-05-15,587800,45.13999938964844,45.540000915527344,45.130001068115234,45.459999084472656,43.118499755859375
2019-05-14,330600,45.189998626708984,45.38999938964844,45.130001068115234,45.20000076293945,42.871891021728516
2019-05-13,1211900,45.13999938964844,45.2599983215332,44.84000015258789,45.0099983215332,42.691673278808594
2019-05-10,1601100,45.849998474121094,46.130001068115234,45.470001220703125,46.11000061035156,43.735015869140625
2019-05-09,543100,45.349998474121094,45.709999084472656,45.13999938964844,45.58000183105469,43.23231887817383
2019-05-08,1374700,45.75,45.970001220703125,45.72999954223633,45.81999969482422,43.459957122802734
2019-05-07,751600,46.119998931884766,46.130001068115234,45.650001525878906,45.81999969482422,43.459957122802734
2019-05-06,1391100,45.95000076293945,46.36000061035156,45.95000076293945,46.290000915527344,43.90574645996094
2019-05-03,568700,46.959999084472656,47.209999084472656,46.959999084472656,47.18000030517578,44.74990463256836
2019-05-02,445200,46.779998779296875,46.900001525878906,46.63999938964844,46.7400016784668,44.33257293701172
2019-05-01,623800,46.91999816894531,47.040000915527344,46.58000183105469,46.599998474121094,44.19977951049805
2019-04-30,469600,46.77000045776367,46.790000915527344,46.560001373291016,46.72999954223633,44.323081970214844
2019-04-29,315000,46.88999938964844,47.02000045776367,46.880001068115234,47.02000045776367,44.598148345947266
2019-04-26,824500,46.880001068115234,46.970001220703125,46.849998474121094,46.970001220703125,44.550724029541016
2019-04-25,316200,46.65999984741211,46.79999923706055,46.58000183105469,46.79999923706055,44.38948059082031
2019-04-24,282900,46.86000061035156,46.86000061035156,46.630001068115234,46.7400016784668,44.33257293701172
2019-04-23,347000,46.84000015258789,47.060001373291016,46.83000183105469,47.029998779296875,44.60763168334961
2019-04-22,421700,46.56999969482422,46.81999969482422,46.56999969482422,46.7599983215332,44.35153579711914
2019-04-18,340100,46.95000076293945,47.0099983215332,46.86000061035156,46.880001068115234,44.46535873413086
2019-04-17,432800,47.08000183105469,47.08000183105469,46.810001373291016,46.900001525878906,44.48432922363281
2019-04-16,241400,47.040000915527344,47.040000915527344,46.900001525878906,46.93000030517578,44.51278305053711
2019-04-15,315600,46.880001068115234,46.880001068115234,46.68000030517578,46.7599983215332,44.35153579711914
2019-04-12,416300,47.0099983215332,47.04999923706055,46.90999984741211,46.9900016784668,44.56969451904297
2019-04-11,296100,46.63999938964844,46.650001525878906,46.47999954223633,46.58000183105469,44.18081283569336
2019-04-10,5369900,46.61000061035156,46.900001525878906,46.58000183105469,46.900001525878906,44.48432922363281
2019-04-09,302100,46.619998931884766,46.650001525878906,46.5,46.56999969482422,44.17132568359375
2019-04-08,194100,46.619998931884766,46.79999923706055,46.58000183105469,46.79999923706055,44.38948059082031
2019-04-05,349600,46.59000015258789,46.77000045776367,46.560001373291016,46.709999084472656,44.304115295410156
2019-04-04,473900,46.72999954223633,46.79999923706055,46.63999938964844,46.79999923706055,44.38948059082031
2019-04-03,703200,46.91999816894531,47.11000061035156,46.869998931884766,46.93000030517578,44.51278305053711
2019-04-02,416200,46.65999984741211,46.68000030517578,46.459999084472656,46.68000030517578,44.27566146850586
2019-04-01,723900,46.47999954223633,46.650001525878906,46.439998626708984,46.619998931884766,44.21875
2019-03-29,340800,45.91999816894531,45.959999084472656,45.790000915527344,45.900001525878906,43.53583526611328
2019-03-28,177900,45.54999923706055,45.630001068115234,45.43000030517578,45.54999923706055,43.203861236572266
2019-03-27,197900,45.33000183105469,45.34000015258789,44.97999954223633,45.209999084472656,42.88137435913086
2019-03-26,225700,45.43000030517578,45.54999923706055,45.349998474121094,45.45000076293945,43.109012603759766
2019-03-25,500700,45.119998931884766,45.33000183105469,45.04999923706055,45.31999969482422,42.98571014404297
2019-03-22,385700,45.5,45.56999969482422,45.099998474121094,45.099998474121094,42.777034759521484
2019-03-21,630200,45.540000915527344,45.86000061035156,45.540000915527344,45.86000061035156,43.497894287109375
2019-03-20,415500,45.5,45.88999938964844,45.369998931884766,45.63999938964844,43.28922653198242
2019-03-19,465700,45.970001220703125,45.970001220703125,45.65999984741211,45.790000915527344,43.43150329589844
2019-03-18,453300,45.709999084472656,45.84000015258789,45.630001068115234,45.84000015258789,43.47892379760742
2019-03-15,1573400,45.41999816894531,45.59000015258789,45.41999816894531,45.58000183105469,43.23231887817383
2019-03-14,176800,45.369998931884766,45.38999938964844,45.27000045776367,45.38999938964844,43.052101135253906
2019-03-13,334700,45.459999084472656,45.61000061035156,45.41999816894531,45.5099983215332,43.16592025756836
2019-03-12,589900,45.38999938964844,45.5,45.38999938964844,45.439998626708984,43.099525451660156
2019-03-11,380300,45.189998626708984,45.529998779296875,45.189998626708984,45.5,43.156436920166016
2019-03-08,525700,44.90999984741211,45.040000915527344,44.849998474121094,45.040000915527344,42.720130920410156
2019-03-07,565800,45.61000061035156,45.630001068115234,45.209999084472656,45.209999084472656,42.88137435913086
2019-03-06,204200,45.7599983215332,45.7599983215332,45.540000915527344,45.540000915527344,43.19437789916992
2019-03-05,708900,45.540000915527344,45.68000030517578,45.459999084472656,45.56999969482422,43.22283172607422
2019-03-04,1654500,45.77000045776367,45.77000045776367,45.33000183105469,45.56999969482422,43.22283172607422
2019-03-01,487700,45.68000030517578,45.720001220703125,45.470001220703125,45.630001068115234,43.27974319458008
2019-02-28,304700,45.52000045776367,45.540000915527344,45.349998474121094,45.380001068115234,43.04261779785156
2019-02-27,273100,45.52000045776367,45.630001068115234,45.40999984741211,45.459999084472656,43.118499755859375
2019-02-26,443500,45.4900016784668,45.7400016784668,45.439998626708984,45.65999984741211,43.30819320678711
2019-02-25,266600,45.7400016784668,45.86000061035156,45.689998626708984,45.689998626708984,43.336647033691406
2019-02-22,203100,45.5,45.66999816894531,45.45000076293945,45.529998779296875,43.18489074707031
2019-02-21,155900,45.209999084472656,45.290000915527344,45.040000915527344,45.13999938964844,42.814979553222656
2019-02-20,296400,45.189998626708984,45.400001525878906,45.15999984741211,45.20000076293945,42.871891021728516
2019-02-19,560200,44.72999954223633,45.189998626708984,44.72999954223633,45.13999938964844,42.814979553222656
2019-02-15,241200,44.59000015258789,44.810001373291016,44.56999969482422,44.810001373291016,42.50197982788086
2019-02-14,519900,44.38999938964844,44.58000183105469,44.29999923706055,44.45000076293945,42.1605224609375
2019-02-13,360800,44.58000183105469,44.72999954223633,44.369998931884766,44.400001525878906,42.113094329833984
2019-02-12,343700,44.29999923706055,44.459999084472656,44.27000045776367,44.380001068115234,42.09412384033203
2019-02-11,275600,44.15999984741211,44.2400016784668,44.060001373291016,44.150001525878906,41.875972747802734
2019-02-08,302800,44.09000015258789,44.18000030517578,43.93000030517578,44.18000030517578,41.90442657470703
2019-02-07,406900,44.16999816894531,44.25,43.84000015258789,44,41.73370361328125
2019-02-06,230100,44.47999954223633,44.47999954223633,44.13999938964844,44.209999084472656,41.93288040161133
2019-02-05,346300,44.47999954223633,44.66999816894531,44.439998626708984,44.66999816894531,42.36918640136719
2019-02-04,316400,43.75,44,43.720001220703125,43.9900016784668,41.72421646118164
2019-02-01,442400,43.689998626708984,43.81999969482422,43.560001373291016,43.63999938964844,41.392242431640625
2019-01-31,626400,43.79999923706055,43.97999954223633,43.72999954223633,43.900001525878906,41.638851165771484
2019-01-30,640600,43.4900016784668,44.0099983215332,43.40999984741211,43.90999984741211,41.64833450317383
2019-01-29,1102100,43.31999969482422,43.369998931884766,43.220001220703125,43.31999969482422,41.08872604370117
2019-01-28,468200,43.27000045776367,43.29999923706055,43.13999938964844,43.29999923706055,41.06975555419922
2019-01-25,382600,43.38999938964844,43.599998474121094,43.31999969482422,43.56999969482422,41.32584762573242
2019-01-24,412700,42.790000915527344,42.97999954223633,42.77000045776367,42.88999938964844,40.680870056152344
2019-01-23,215800,42.84000015258789,42.900001525878906,42.560001373291016,42.7599983215332,40.55756759643555
2019-01-22,677000,42.849998474121094,42.86000061035156,42.45000076293945,42.5099983215332,40.32044219970703
2019-01-18,574100,43.34000015258789,43.47999954223633,43.27000045776367,43.40999984741211,41.17409133911133
2019-01-17,281200,42.7599983215332,43.34000015258789,42.7400016784668,43.189998626708984,40.96541976928711
2019-01-16,371300,42.900001525878906,43.11000061035156,42.900001525878906,43.02000045776367,40.80418014526367
2019-01-15,427400,42.689998626708984,42.86000061035156,42.619998931884766,42.7599983215332,40.55756759643555
2019-01-14,462000,42.31999969482422,42.560001373291016,42.29999923706055,42.41999816894531,40.235076904296875
2019-01-11,342400,42.40999984741211,42.689998626708984,42.40999984741211,42.630001068115234,40.43426513671875
2019-01-10,368900,42.439998626708984,42.75,42.400001525878906,42.72999954223633,40.52911376953125
2019-01-09,718000,42.349998474121094,42.630001068115234,42.2400016784668,42.4900016784668,40.30147933959961
2019-01-08,463700,41.84000015258789,41.93000030517578,41.650001525878906,41.880001068115234,39.72289276123047
2019-01-07,568200,41.27000045776367,41.619998931884766,41.20000076293945,41.470001220703125,39.33401107788086
2019-01-04,478700,40.810001373291016,41.439998626708984,40.7599983215332,41.369998931884766,39.23916244506836
2019-01-03,197300,40.119998931884766,40.16999816894531,39.86000061035156,39.959999084472656,37.90178680419922
2019-01-02,519000,39.97999954223633,40.41999816894531,39.849998474121094,40.36000061035156,38.281185150146484
2018-12-31,554900,40.7400016784668,40.849998474121094,40.56999969482422,40.70000076293945,38.60367202758789
2018-12-28,1558000,40.91999816894531,40.93000030517578,40.650001525878906,40.790000915527344,38.68903732299805
2018-12-27,727600,39.97999954223633,40.5,39.81999969482422,40.47999954223633,38.39500045776367
2018-12-26,955100,39.599998474121094,40.58000183105469,39.41999816894531,40.560001373291016,38.470882415771484
2018-12-24,394400,39.619998931884766,40,39.459999084472656,39.459999084472656,37.42753982543945
2018-12-21,1110800,40.0099983215332,40.27000045776367,39.5099983215332,39.619998931884766,37.57929611206055
2018-12-20,876000,40.459999084472656,40.599998474121094,40.060001373291016,40.25,38.176849365234375
2018-12-19,609300,41.18000030517578,41.41999816894531,40.310001373291016,40.45000076293945,38.366546630859375
2018-12-18,781000,41,41.20000076293945,40.7400016784668,40.91999816894531,38.812339782714844
2018-12-17,517200,42.38999938964844,42.52000045776367,41.939998626708984,42.119998931884766,38.8436393737793
2018-12-14,413700,42.20000076293945,42.400001525878906,42.15999984741211,42.220001220703125,38.93586349487305
2018-12-13,440600,42.790000915527344,42.869998931884766,42.63999938964844,42.7400016784668,39.4154167175293
2018-12-12,447600,42.709999084472656,42.9900016784668,42.630001068115234,42.630001068115234,39.31397247314453
2018-12-11,823800,42.369998931884766,42.41999816894531,41.91999816894531,42.16999816894531,38.889747619628906
2018-12-10,542600,41.880001068115234,42.029998779296875,41.47999954223633,41.88999938964844,38.63153076171875
2018-12-07,453500,42.86000061035156,43.029998779296875,42.16999816894531,42.34000015258789,39.04652404785156
2018-12-06,693100,42.34000015258789,42.77000045776367,42.040000915527344,42.709999084472656,39.38774490356445
2018-12-04,592400,43.849998474121094,43.93000030517578,43.04999923706055,43.06999969482422,39.71974182128906
2018-12-03,619700,44.150001525878906,44.18000030517578,43.81999969482422,44,40.57740020751953
2018-11-30,373200,42.959999084472656,43.130001068115234,42.84000015258789,43.11000061035156,39.756629943847656
2018-11-29,284800,43.279998779296875,43.5,43.20000076293945,43.34000015258789,39.96874237060547
2018-11-28,283200,42.97999954223633,43.689998626708984,42.81999969482422,43.68000030517578,40.282291412353516
2018-11-27,350900,42.7599983215332,43.0099983215332,42.689998626708984,43.0099983215332,39.66440963745117
2018-11-26,355100,42.86000061035156,43.04999923706055,42.83000183105469,43.029998779296875,39.6828498840332
2018-11-23,119900,42.349998474121094,42.540000915527344,42.349998474121094,42.369998931884766,39.074188232421875
2018-11-21,491300,42.400001525878906,42.599998474121094,42.279998779296875,42.45000076293945,39.147972106933594
2018-11-20,474700,42.029998779296875,42.08000183105469,41.619998931884766,41.709999084472656,38.46553421020508
2018-11-19,386700,42.849998474121094,42.880001068115234,42.43000030517578,42.58000183105469,39.26786422729492
2018-11-16,288500,42.79999923706055,43.209999084472656,42.7599983215332,43.13999938964844,39.784297943115234
2018-11-15,669300,42.529998779296875,43.150001525878906,42.43000030517578,43.0099983215332,39.66440963745117
2018-11-14,508100,42.720001220703125,42.720001220703125,42.16999816894531,42.5,39.1940803527832
2018-11-13,471000,42.7400016784668,43.08000183105469,42.619998931884766,42.779998779296875,39.452301025390625
2018-11-12,297700,42.93000030517578,42.97999954223633,42.459999084472656,42.52000045776367,39.212528228759766
2018-11-09,469700,42.88999938964844,42.939998626708984,42.630001068115234,42.779998779296875,39.452301025390625
2018-11-08,570700,43.43000030517578,43.540000915527344,43.11000061035156,43.209999084472656,39.848854064941406
2018-11-07,380700,43.43000030517578,43.689998626708984,43.33000183105469,43.65999984741211,40.263851165771484
2018-11-06,440800,42.83000183105469,43,42.790000915527344,42.959999084472656,39.6182975769043
2018-11-05,765800,42.70000076293945,42.810001373291016,42.59000015258789,42.77000045776367,39.443077087402344
2018-11-02,400400,42.9900016784668,43.13999938964844,42.459999084472656,42.7400016784668,39.4154167175293
2018-11-01,421400,42.220001220703125,42.619998931884766,42.150001525878906,42.58000183105469,39.26786422729492
2018-10-31,437700,41.65999984741211,41.810001373291016,41.54999923706055,41.68000030517578,38.437870025634766
2018-10-30,424300,41.0099983215332,41.40999984741211,40.970001220703125,41.400001525878906,38.17964553833008
2018-10-29,681300,41.400001525878906,41.43000030517578,40.43000030517578,40.709999084472656,37.54331588745117
2018-10-26,822400,40.650001525878906,41.150001525878906,40.470001220703125,40.900001525878906,37.71854019165039
2018-10-25,511700,40.939998626708984,41.400001525878906,40.849998474121094,41.209999084472656,38.004425048828125
2018-10-24,429300,41.790000915527344,41.83000183105469,41,41.02000045776367,37.82920455932617
2018-10-23,716200,41.68000030517578,42.13999938964844,41.470001220703125,41.970001220703125,38.70530700683594
2018-10-22,465300,42.68000030517578,42.720001220703125,42.439998626708984,42.599998474121094,39.28630065917969
2018-10-19,465900,42.599998474121094,42.79999923706055,42.43000030517578,42.52000045776367,39.212528228759766
2018-10-18,423900,42.58000183105469,42.619998931884766,42.02000045776367,42.189998626708984,38.9081916809082
2018-10-17,350900,42.709999084472656,42.7400016784668,42.34000015258789,42.560001373291016,39.249412536621094
2018-10-16,602300,42.439998626708984,42.7400016784668,42.34000015258789,42.68000030517578,39.36008071899414
2018-10-15,358700,42.27000045776367,42.40999984741211,42.18000030517578,42.2400016784668,38.95430374145508
2018-10-12,594000,42.470001220703125,42.470001220703125,41.91999816894531,42.29999923706055,39.00963592529297
2018-10-11,766500,42.189998626708984,42.369998931884766,41.59000015258789,41.939998626708984,38.67763900756836
2018-10-10,677400,43.380001068115234,43.38999938964844,42.5099983215332,42.529998779296875,39.22174835205078
2018-10-09,383200,43.25,43.529998779296875,43.209999084472656,43.470001220703125,40.08863067626953
2018-10-08,374700,43.400001525878906,43.63999938964844,43.310001373291016,43.630001068115234,40.236183166503906
2018-10-05,244400,44.11000061035156,44.16999816894531,43.7400016784668,43.90999984741211,40.49440383911133
2018-10-04,492600,44.31999969482422,44.369998931884766,43.900001525878906,44.06999969482422,40.6419563293457
2018-10-03,246100,44.779998779296875,44.81999969482422,44.459999084472656,44.54999923706055,41.084617614746094
2018-10-02,733000,44.75,44.849998474121094,44.68000030517578,44.83000183105469,41.342838287353516
2018-10-01,190200,45.369998931884766,45.52000045776367,45.36000061035156,45.439998626708984,41.90538787841797
2018-09-28,252800,45.4900016784668,45.63999938964844,45.36000061035156,45.41999816894531,41.88694381713867
2018-09-27,1048400,45.5099983215332,45.70000076293945,45.4900016784668,45.529998779296875,41.98838806152344
2018-09-26,182500,45.560001373291016,45.9900016784668,45.560001373291016,45.61000061035156,42.06216812133789
2018-09-25,246600,45.689998626708984,45.83000183105469,45.58000183105469,45.619998931884766,42.07138442993164
2018-09-24,145900,45.65999984741211,45.66999816894531,45.470001220703125,45.5099983215332,41.96994400024414
2018-09-21,282800,45.75,45.869998931884766,45.72999954223633,45.72999954223633,42.172828674316406
2018-09-20,298800,45.56999969482422,45.709999084472656,45.470001220703125,45.689998626708984,42.13594436645508
2018-09-19,183700,45.290000915527344,45.52000045776367,45.2599983215332,45.470001220703125,41.93305969238281
2018-09-18,421200,45.0099983215332,45.2400016784668,44.97999954223633,45.16999816894531,41.65639114379883
2018-09-17,639700,44.81999969482422,44.93000030517578,44.66999816894531,44.68000030517578,41.20450973510742
2018-09-14,409700,44.86000061035156,44.95000076293945,44.61000061035156,44.7400016784668,41.25983810424805
2018-09-13,329300,44.810001373291016,44.900001525878906,44.630001068115234,44.79999923706055,41.31517028808594
2018-09-12,588900,44.16999816894531,44.56999969482422,44.13999938964844,44.52000045776367,41.056949615478516
2018-09-11,592800,43.70000076293945,44.02000045776367,43.70000076293945,44.02000045776367,40.59584426879883
2018-09-10,227600,44.15999984741211,44.15999984741211,43.869998931884766,43.970001220703125,40.54973602294922
2018-09-07,301100,44,44.189998626708984,43.81999969482422,43.93000030517578,40.512847900390625
2018-09-06,570800,44.689998626708984,44.790000915527344,44.36000061035156,44.529998779296875,41.0661735534668
2018-09-05,270900,45.11000061035156,45.11000061035156,44.84000015258789,45.02000045776367,41.518062591552734
2018-09-04,453700,45.54999923706055,45.689998626708984,45.45000076293945,45.619998931884766,42.07138442993164
2018-08-31,337400,46.02000045776367,46.20000076293945,45.83000183105469,45.9900016784668,42.4126091003418
2018-08-30,379600,46.439998626708984,46.5,46.13999938964844,46.25,42.652381896972656
2018-08-29,232100,46.630001068115234,46.91999816894531,46.529998779296875,46.86000061035156,43.21493148803711
2018-08-28,659600,46.61000061035156,46.61000061035156,46.349998474121094,46.400001525878906,42.79071807861328
2018-08-27,359000,46.16999816894531,46.470001220703125,46.16999816894531,46.40999984741211,42.79993438720703
2018-08-24,205300,45.77000045776367,45.9900016784668,45.7400016784668,45.880001068115234,42.31116485595703
2018-08-23,324400,45.689998626708984,45.84000015258789,45.61000061035156,45.65999984741211,42.108272552490234
2018-08-22,97200,46.2400016784668,46.369998931884766,46.18000030517578,46.29999923706055,42.69849395751953
2018-08-21,186800,46.349998474121094,46.45000076293945,46.22999954223633,46.33000183105469,42.72616195678711
2018-08-20,150400,46.400001525878906,46.52000045776367,46.310001373291016,46.5,42.8829345703125
2018-08-17,359600,45.939998626708984,46.5,45.88999938964844,46.400001525878906,42.79071807861328
2018-08-16,514600,45.91999816894531,46.06999969482422,45.880001068115234,45.91999816894531,42.34804916381836
2018-08-15,1127400,45.38999938964844,45.529998779296875,45.119998931884766,45.5,41.960723876953125
2018-08-14,829900,45.72999954223633,45.81999969482422,45.61000061035156,45.81999969482422,42.25582504272461
2018-08-13,145500,45.810001373291016,45.88999938964844,45.54999923706055,45.599998474121094,42.052940368652344
2018-08-10,133400,45.93000030517578,46,45.77000045776367,45.900001525878906,42.32960891723633
2018-08-09,98100,46.88999938964844,46.900001525878906,46.599998474121094,46.63999938964844,43.012046813964844
2018-08-08,244500,46.5,46.7400016784668,46.43000030517578,46.65999984741211,43.030487060546875
2018-08-07,169400,46.63999938964844,46.689998626708984,46.52000045776367,46.540000915527344,42.91982650756836
2018-08-06,124200,46.029998779296875,46.20000076293945,46,46.15999984741211,42.56938171386719
2018-08-03,193000,45.869998931884766,46.060001373291016,45.849998474121094,46.060001373291016,42.4771614074707
2018-08-02,293800,45.790000915527344,46.04999923706055,45.77000045776367,45.9900016784668,42.4126091003418
2018-08-01,953300,46.52000045776367,46.52000045776367,46.31999969482422,46.33000183105469,42.72616195678711
2018-07-31,308700,46.779998779296875,47,46.7400016784668,46.880001068115234,43.233375549316406
2018-07-30,156200,46.68000030517578,46.75,46.56999969482422,46.599998474121094,42.97515869140625
2018-07-27,175400,46.66999816894531,46.81999969482422,46.5099983215332,46.630001068115234,43.00282669067383
2018-07-26,137000,46.599998474121094,46.630001068115234,46.45000076293945,46.5099983215332,42.892154693603516
2018-07-25,123700,46.599998474121094,47.02000045776367,46.4900016784668,46.91999816894531,43.270263671875
2018-07-24,139400,46.58000183105469,46.75,46.5,46.560001373291016,42.93826675415039
2018-07-23,140600,46.130001068115234,46.16999816894531,46.06999969482422,46.15999984741211,42.56938171386719
2018-07-20,148900,46.290000915527344,46.459999084472656,46.290000915527344,46.400001525878906,42.79071807861328
2018-07-19,337800,45.81999969482422,46.130001068115234,45.7400016784668,45.880001068115234,42.31116485595703
2018-07-18,265400,45.90999984741211,46.18000030517578,45.880001068115234,46.150001525878906,42.56016159057617
2018-07-17,1417100,45.900001525878906,46.08000183105469,45.880001068115234,46.06999969482422,42.486385345458984
2018-07-16,105600,46.22999954223633,46.22999954223633,46.04999923706055,46.15999984741211,42.56938171386719
2018-07-13,86900,46.209999084472656,46.349998474121094,46.16999816894531,46.34000015258789,42.735382080078125
2018-07-12,131900,46.380001068115234,46.5,46.2400016784668,46.45000076293945,42.83682632446289
2018-07-11,205200,46,46.16999816894531,45.70000076293945,45.7599983215332,42.20049285888672
2018-07-10,158600,46.59000015258789,46.72999954223633,46.560001373291016,46.72999954223633,43.09504699707031
2018-07-09,128700,46.7599983215332,46.84000015258789,46.66999816894531,46.810001373291016,43.1688232421875
2018-07-06,167700,46.06999969482422,46.40999984741211,46.040000915527344,46.380001068115234,42.77227020263672
2018-07-05,357400,45.91999816894531,45.9900016784668,45.7599983215332,45.900001525878906,42.32960891723633
2018-07-03,132600,45.81999969482422,45.900001525878906,45.5099983215332,45.560001373291016,42.016056060791016
2018-07-02,384800,45.369998931884766,45.5,45.25,45.41999816894531,41.88694381713867
2018-06-29,338100,45.970001220703125,46.099998474121094,45.939998626708984,46.0099983215332,42.43104934692383
2018-06-28,182300,45.63999938964844,45.91999816894531,45.58000183105469,45.83000183105469,42.265052795410156
2018-06-27,362800,45.77000045776367,45.959999084472656,45.310001373291016,45.33000183105469,41.8039436340332
2018-06-26,419800,45.97999954223633,45.97999954223633,45.7400016784668,45.84000015258789,42.27427673339844
2018-06-25,380800,45.88999938964844,45.88999938964844,45.470001220703125,45.650001525878906,42.09905242919922
2018-06-22,294800,46.47999954223633,46.529998779296875,46.31999969482422,46.38999938964844,42.78148651123047
2018-06-21,382500,46.119998931884766,46.119998931884766,45.83000183105469,45.869998931884766,42.30194091796875
2018-06-20,293000,46.08000183105469,46.150001525878906,45.95000076293945,46.029998779296875,42.449493408203125
2018-06-19,292200,45.5099983215332,45.810001373291016,45.45000076293945,45.810001373291016,42.246612548828125
2018-06-18,179300,46.939998626708984,47.13999938964844,46.880001068115234,47.08000183105469,42.617340087890625
2018-06-15,205700,47.0099983215332,47.06999969482422,46.869998931884766,47.040000915527344,42.58112716674805
2018-06-14,205200,47.290000915527344,47.400001525878906,47.04999923706055,47.06999969482422,42.60828399658203
2018-06-13,157500,47.630001068115234,47.72999954223633,47.279998779296875,47.45000076293945,42.952266693115234
2018-06-12,417200,47.91999816894531,47.93000030517578,47.63999938964844,47.7400016784668,43.21477508544922
2018-06-11,109800,48.060001373291016,48.2599983215332,48.060001373291016,48.189998626708984,43.62211990356445
2018-06-08,214800,47.95000076293945,48.119998931884766,47.90999984741211,48.04999923706055,43.495391845703125
2018-06-07,155200,48.43000030517578,48.4900016784668,48.099998474121094,48.18000030517578,43.61307144165039
2018-06-06,204500,48.290000915527344,48.5,48.16999816894531,48.5,43.90273666381836
2018-06-05,745900,48.02000045776367,48.029998779296875,47.869998931884766,48.0099983215332,43.45918273925781
2018-06-04,642400,48.06999969482422,48.13999938964844,47.91999816894531,48.02000045776367,43.468231201171875
2018-06-01,1010800,47.5099983215332,47.66999816894531,47.43000030517578,47.65999984741211,43.142356872558594
2018-05-31,1421500,47.790000915527344,47.790000915527344,47.439998626708984,47.529998779296875,43.02467727661133
2018-05-30,186700,47.29999923706055,47.7599983215332,47.29999923706055,47.75,43.22382736206055
2018-05-29,235100,47.38999938964844,47.470001220703125,46.9900016784668,47.18000030517578,42.707855224609375
2018-05-25,186900,47.70000076293945,47.790000915527344,47.619998931884766,47.709999084472656,43.187618255615234
2018-05-24,253500,47.86000061035156,47.88999938964844,47.52000045776367,47.86000061035156,43.323402404785156
2018-05-23,217800,47.54999923706055,47.84000015258789,47.54999923706055,47.84000015258789,43.305301666259766
2018-05-22,204000,48.41999816894531,48.47999954223633,48.15999984741211,48.220001220703125,43.6492805480957
2018-05-21,168700,48.29999923706055,48.400001525878906,48.290000915527344,48.36000061035156,43.776004791259766
2018-05-18,266300,47.7400016784668,47.79999923706055,47.65999984741211,47.709999084472656,43.187618255615234
2018-05-17,311400,47.939998626708984,48.04999923706055,47.81999969482422,47.95000076293945,43.404869079589844
2018-05-16,196900,48.0099983215332,48.18000030517578,47.970001220703125,48.130001068115234,43.567813873291016
2018-05-15,651600,47.77000045776367,47.91999816894531,47.63999938964844,47.83000183105469,43.29624938964844
2018-05-14,705600,48.58000183105469,48.650001525878906,48.36000061035156,48.400001525878906,43.812217712402344
2018-05-11,424000,48.27000045776367,48.33000183105469,48.20000076293945,48.27000045776367,43.69453811645508
2018-05-10,298300,47.880001068115234,48.130001068115234,47.79999923706055,48.04999923706055,43.495391845703125
2018-05-09,203600,47.36000061035156,47.54999923706055,47.36000061035156,47.4900016784668,42.98847961425781
2018-05-08,204800,47.27000045776367,47.36000061035156,47.15999984741211,47.36000061035156,42.87079620361328
2018-05-07,170700,47.279998779296875,47.459999084472656,47.22999954223633,47.310001373291016,42.82553482055664
2018-05-04,185600,47.09000015258789,47.70000076293945,46.9900016784668,47.630001068115234,43.115203857421875
2018-05-03,1171600,47.54999923706055,47.7400016784668,47.15999984741211,47.63999938964844,43.12425231933594
2018-05-02,204100,47.56999969482422,47.849998474121094,47.45000076293945,47.470001220703125,42.970367431640625
2018-05-01,352800,47.31999969482422,47.31999969482422,46.970001220703125,47.290000915527344,42.807430267333984
2018-04-30,288700,47.43000030517578,47.47999954223633,47.130001068115234,47.130001068115234,42.66259765625
2018-04-27,120700,47.06999969482422,47.220001220703125,47,47.16999816894531,42.69880676269531
2018-04-26,260200,46.91999816894531,47.029998779296875,46.79999923706055,46.970001220703125,42.517765045166016
2018-04-25,179000,46.650001525878906,46.880001068115234,46.54999923706055,46.779998779296875,42.34577178955078
2018-04-24,279800,47.220001220703125,47.34000015258789,46.77000045776367,46.880001068115234,42.43629837036133
2018-04-23,157700,46.93000030517578,47.029998779296875,46.779998779296875,46.849998474121094,42.40913391113281
2018-04-20,306000,47.0099983215332,47.040000915527344,46.77000045776367,46.88999938964844,42.44534683227539
2018-04-19,234600,47.560001373291016,47.630001068115234,47.18000030517578,47.290000915527344,42.807430267333984
2018-04-18,252300,47.459999084472656,47.709999084472656,47.439998626708984,47.599998474121094,43.088043212890625
2018-04-17,308200,47.06999969482422,47.33000183105469,47.029998779296875,47.2400016784668,42.76217269897461
2018-04-16,443300,47.13999938964844,47.25,47.04999923706055,47.20000076293945,42.72595977783203
2018-04-13,1104700,47.459999084472656,47.5,47.130001068115234,47.279998779296875,42.798377990722656
2018-04-12,276400,47.119998931884766,47.369998931884766,47.119998931884766,47.25,42.77122497558594
2018-04-11,188500,47.099998474121094,47.369998931884766,47.040000915527344,47.18000030517578,42.707855224609375
2018-04-10,405400,47.029998779296875,47.2599983215332,46.86000061035156,47.15999984741211,42.68975830078125
2018-04-09,436800,46.5099983215332,46.81999969482422,46.400001525878906,46.400001525878906,42.00179672241211
2018-04-06,344200,46.369998931884766,46.52000045776367,45.79999923706055,46,41.639705657958984
2018-04-05,379700,46.380001068115234,46.560001373291016,46.290000915527344,46.43000030517578,42.02894973754883
2018-04-04,975400,45.630001068115234,46.41999816894531,45.630001068115234,46.36000061035156,41.96558380126953
2018-04-03,655500,46.13999938964844,46.36000061035156,45.959999084472656,46.25,41.86600875854492
2018-04-02,505400,46.310001373291016,46.45000076293945,45.4900016784668,45.790000915527344,41.449615478515625
2018-03-29,601600,46.11000061035156,46.65999984741211,46.09000015258789,46.459999084472656,42.05610656738281
2018-03-28,452500,46.040000915527344,46.31999969482422,45.81999969482422,45.97999954223633,41.621604919433594
2018-03-27,631400,46.72999954223633,46.810001373291016,46,46.130001068115234,41.757389068603516
2018-03-26,511400,46.59000015258789,46.900001525878906,46.209999084472656,46.84000015258789,42.40008544921875
2018-03-23,497000,46.630001068115234,46.68000030517578,45.88999938964844,45.93000030517578,41.57633972167969
2018-03-22,699000,46.939998626708984,47.09000015258789,46.59000015258789,46.61000061035156,42.1918830871582
2018-03-21,251400,47.380001068115234,47.900001525878906,47.380001068115234,47.779998779296875,43.2509880065918
2018-03-20,387900,47.560001373291016,47.599998474121094,47.400001525878906,47.470001220703125,42.970367431640625
2018-03-19,435800,47.540000915527344,47.619998931884766,47.209999084472656,47.5,42.997528076171875
2018-03-16,288100,47.81999969482422,47.959999084472656,47.779998779296875,47.779998779296875,43.2509880065918
2018-03-15,540000,48.15999984741211,48.220001220703125,47.84000015258789,47.91999816894531,43.377716064453125
2018-03-14,480600,48.540000915527344,48.56999969482422,48.09000015258789,48.2400016784668,43.66738510131836
2018-03-13,504200,48.70000076293945,48.779998779296875,48.04999923706055,48.16999816894531,43.6040153503418
2018-03-12,663500,48.619998931884766,48.7400016784668,48.52000045776367,48.70000076293945,44.083778381347656
2018-03-09,677700,48.18000030517578,48.56999969482422,48.15999984741211,48.56999969482422,43.966102600097656
2018-03-08,390500,47.7400016784668,47.849998474121094,47.5099983215332,47.720001220703125,43.19667053222656
2018-03-07,601500,47.290000915527344,47.560001373291016,47.099998474121094,47.5,42.997528076171875
2018-03-06,13661900,47.97999954223633,48.060001373291016,47.650001525878906,47.790000915527344,43.260040283203125
2018-03-05,193600,46.86000061035156,47.52000045776367,46.86000061035156,47.459999084472656,42.9613151550293
2018-03-02,494400,47.13999938964844,47.599998474121094,46.970001220703125,47.54999923706055,43.04278564453125
2018-03-01,521400,47.810001373291016,47.970001220703125,47.119998931884766,47.470001220703125,42.970367431640625
2018-02-28,264700,48.29999923706055,48.31999969482422,47.689998626708984,47.70000076293945,43.17856979370117
2018-02-27,968700,48.619998931884766,48.650001525878906,48.15999984741211,48.15999984741211,43.594966888427734
2018-02-26,332800,48.619998931884766,48.83000183105469,48.470001220703125,48.81999969482422,44.192405700683594
2018-02-23,275300,48.0099983215332,48.310001373291016,47.90999984741211,48.310001373291016,43.730743408203125
2018-02-22,598400,47.880001068115234,48.130001068115234,47.7400016784668,47.779998779296875,43.2509880065918
2018-02-21,307800,48,48.380001068115234,47.59000015258789,47.599998474121094,43.088043212890625
2018-02-20,410400,47.599998474121094,47.88999938964844,47.52000045776367,47.63999938964844,43.12425231933594
2018-02-16,381200,47.7400016784668,48.11000061035156,47.650001525878906,47.779998779296875,43.2509880065918
2018-02-15,489300,47.88999938964844,48.08000183105469,47.47999954223633,48.08000183105469,43.52254867553711
2018-02-14,529000,46.369998931884766,47.560001373291016,46.349998474121094,47.540000915527344,43.03373718261719
2018-02-13,291700,46.43000030517578,46.869998931884766,46.43000030517578,46.83000183105469,42.39104080200195
2018-02-12,455200,46.11000061035156,46.61000061035156,45.939998626708984,46.45000076293945,42.04705810546875
2018-02-09,1443900,45.869998931884766,46.119998931884766,44.779998779296875,45.880001068115234,41.531089782714844
2018-02-08,1677900,46.849998474121094,46.93000030517578,45.59000015258789,45.59000015258789,41.26856994628906
2018-02-07,534000,46.88999938964844,47.279998779296875,46.65999984741211,46.68000030517578,42.2552490234375
2018-02-06,1244000,46.560001373291016,47.810001373291016,46.400001525878906,47.61000061035156,43.09709548950195
2018-02-05,1115900,48.380001068115234,48.619998931884766,47.099998474121094,47.18000030517578,42.707855224609375
2018-02-02,633000,49.29999923706055,49.29999923706055,48.720001220703125,48.7400016784668,44.119991302490234
2018-02-01,522500,49.41999816894531,49.709999084472656,49.36000061035156,49.63999938964844,44.93467330932617
2018-01-31,760100,49.83000183105469,49.900001525878906,49.38999938964844,49.540000915527344,44.84416198730469
2018-01-30,478600,49.630001068115234,49.65999984741211,49.36000061035156,49.45000076293945,44.76268768310547
2018-01-29,491300,49.869998931884766,49.93000030517578,49.72999954223633,49.81999969482422,45.097618103027344
2018-01-26,328000,50.02000045776367,50.34000015258789,49.970001220703125,50.310001373291016,45.541168212890625
2018-01-25,741500,50.02000045776367,50.08000183105469,49.58000183105469,49.70000076293945,44.98898696899414
2018-01-24,440400,50.0099983215332,50.119998931884766,49.709999084472656,49.939998626708984,45.206241607666016
2018-01-23,523400,49.52000045776367,49.68000030517578,49.439998626708984,49.66999816894531,44.961830139160156
2018-01-22,867900,49.34000015258789,49.540000915527344,49.290000915527344,49.52000045776367,44.826053619384766
2018-01-19,513800,49.29999923706055,49.38999938964844,49.2599983215332,49.38999938964844,44.7083740234375
2018-01-18,411000,49.189998626708984,49.2599983215332,49.06999969482422,49.16999816894531,44.50922775268555
2018-01-17,489600,49.099998474121094,49.5,49,49.34000015258789,44.66311264038086
2018-01-16,479200,49.189998626708984,49.2599983215332,48.81999969482422,48.95000076293945,44.310081481933594
2018-01-12,305900,48.86000061035156,49.209999084472656,48.790000915527344,49.20000076293945,44.5363883972168
2018-01-11,522400,48.720001220703125,48.95000076293945,48.689998626708984,48.939998626708984,44.301025390625
2018-01-10,402800,48.65999984741211,48.75,48.5,48.650001525878906,44.038516998291016
2018-01-09,491300,48.90999984741211,49,48.84000015258789,48.95000076293945,44.310081481933594
2018-01-08,196500,48.75,48.900001525878906,48.709999084472656,48.88999938964844,44.25577163696289
2018-01-05,230200,48.83000183105469,49.02000045776367,48.75,49.0099983215332,44.3643913269043
2018-01-04,769600,48.56999969482422,48.7599983215332,48.45000076293945,48.720001220703125,44.10188293457031
2018-01-03,608900,48.470001220703125,48.61000061035156,48.40999984741211,48.54999923706055,43.947998046875
2018-01-02,326600,48.150001525878906,48.2599983215332,48.04999923706055,48.2599983215332,43.68548583984375
2017-12-29,364300,47.970001220703125,48.04999923706055,47.7599983215332,47.79999923706055,43.26908493041992
2017-12-28,214300,47.79999923706055,47.86000061035156,47.720001220703125,47.7599983215332,43.232879638671875
2017-12-27,285900,47.5099983215332,47.58000183105469,47.470001220703125,47.540000915527344,43.03373718261719
2017-12-26,238800,47.279998779296875,47.369998931884766,47.2400016784668,47.349998474121094,42.86174392700195
2017-12-22,385000,47.209999084472656,47.29999923706055,47.11000061035156,47.29999923706055,42.81648254394531
2017-12-21,331800,47.040000915527344,47.209999084472656,47.0099983215332,47.13999938964844,42.67164993286133
2017-12-20,331300,46.970001220703125,46.970001220703125,46.77000045776367,46.83000183105469,42.39104080200195
2017-12-19,592000,46.880001068115234,46.880001068115234,46.709999084472656,46.77000045776367,42.33671951293945
2017-12-18,364000,48.11000061035156,48.279998779296875,48.11000061035156,48.209999084472656,42.52862548828125
2017-12-15,295300,47.810001373291016,47.91999816894531,47.709999084472656,47.83000183105469,42.19340896606445
2017-12-14,246400,47.91999816894531,47.959999084472656,47.79999923706055,47.79999923706055,42.16693878173828
2017-12-13,408200,47.88999938964844,48.27000045776367,47.83000183105469,48.13999938964844,42.46687316894531
2017-12-12,174400,47.470001220703125,47.56999969482422,47.40999984741211,47.52000045776367,41.91993713378906
2017-12-11,335800,47.2400016784668,47.400001525878906,47.189998626708984,47.36000061035156,41.77879333496094
2017-12-08,215100,47.18000030517578,47.290000915527344,47.08000183105469,47.150001525878906,41.593544006347656
2017-12-07,420500,46.810001373291016,46.9900016784668,46.72999954223633,46.900001525878906,41.37300491333008
2017-12-06,493200,46.91999816894531,46.9900016784668,46.849998474121094,46.939998626708984,41.408287048339844
2017-12-05,470100,47.369998931884766,47.380001068115234,47.18000030517578,47.209999084472656,41.64647674560547
2017-12-04,373200,47.59000015258789,47.619998931884766,47.25,47.25,41.681758880615234
2017-12-01,669400,47.4900016784668,47.70000076293945,47.38999938964844,47.599998474121094,41.99050521850586
2017-11-30,658100,47.630001068115234,47.65999984741211,47.47999954223633,47.529998779296875,41.92875671386719
2017-11-29,408000,47.7400016784668,47.7400016784668,47.540000915527344,47.630001068115234,42.01697540283203
2017-11-28,293800,47.83000183105469,48.02000045776367,47.779998779296875,47.970001220703125,42.31690979003906
2017-11-27,419000,47.970001220703125,47.970001220703125,47.75,47.75,42.122833251953125
2017-11-24,187500,47.9900016784668,48.06999969482422,47.9900016784668,48,42.3433723449707
2017-11-22,272800,47.83000183105469,47.939998626708984,47.75,47.900001525878906,42.25516128540039
2017-11-21,379200,47.689998626708984,47.81999969482422,47.63999938964844,47.72999954223633,42.10519027709961
2017-11-20,283800,47.130001068115234,47.2599983215332,47.099998474121094,47.22999954223633,41.66411209106445
2017-11-17,301300,47.06999969482422,47.13999938964844,47.0099983215332,47.04999923706055,41.50532531738281
2017-11-16,427200,47.20000076293945,47.380001068115234,47.16999816894531,47.349998474121094,41.76996994018555
2017-11-15,1649100,47,47.150001525878906,46.900001525878906,47.06999969482422,41.52296829223633
2017-11-14,262900,47.45000076293945,47.470001220703125,47.22999954223633,47.310001373291016,41.734683990478516
2017-11-13,253500,47.58000183105469,47.75,47.540000915527344,47.70000076293945,42.07872772216797
2017-11-10,360500,47.630001068115234,47.75,47.54999923706055,47.75,42.122833251953125
2017-11-09,308500,47.58000183105469,47.720001220703125,47.459999084472656,47.689998626708984,42.06990432739258
2017-11-08,220300,47.599998474121094,47.689998626708984,47.529998779296875,47.689998626708984,42.06990432739258
2017-11-07,291200,47.34000015258789,47.380001068115234,47.13999938964844,47.220001220703125,41.65530014038086
2017-11-06,284500,46.93000030517578,47.20000076293945,46.91999816894531,47.20000076293945,41.63764953613281
2017-11-03,684000,47.189998626708984,47.189998626708984,46.97999954223633,47.09000015258789,41.540611267089844
2017-11-02,329900,47.13999938964844,47.31999969482422,47.099998474121094,47.310001373291016,41.734683990478516
2017-11-01,520100,47.08000183105469,47.22999954223633,47.0099983215332,47.040000915527344,41.49650573730469
2017-10-31,263500,46.650001525878906,46.7400016784668,46.52000045776367,46.70000076293945,41.196571350097656
2017-10-30,258100,46.650001525878906,46.77000045776367,46.650001525878906,46.77000045776367,41.258323669433594
2017-10-27,330300,46.650001525878906,46.97999954223633,46.599998474121094,46.959999084472656,41.42593002319336
2017-10-26,483700,46.88999938964844,46.93000030517578,46.709999084472656,46.709999084472656,41.20539093017578
2017-10-25,388800,46.849998474121094,46.95000076293945,46.4900016784668,46.63999938964844,41.14364242553711
2017-10-24,1113600,47.0099983215332,47.18000030517578,47.0099983215332,47.09000015258789,41.540611267089844
2017-10-23,237100,47.279998779296875,47.290000915527344,47.09000015258789,47.119998931884766,41.567073822021484
2017-10-20,447000,47.459999084472656,47.5099983215332,47.34000015258789,47.38999938964844,41.80525588989258
2017-10-19,534700,47.34000015258789,47.4900016784668,47.279998779296875,47.47999954223633,41.88465118408203
2017-10-18,1183100,47.529998779296875,47.619998931884766,47.40999984741211,47.54999923706055,41.9463996887207
2017-10-17,262400,47.4900016784668,47.540000915527344,47.380001068115234,47.540000915527344,41.937583923339844
2017-10-16,190400,47.400001525878906,47.47999954223633,47.36000061035156,47.40999984741211,41.82290267944336
2017-10-13,561700,47.2599983215332,47.369998931884766,47.25,47.34000015258789,41.761146545410156
2017-10-12,232800,46.75,46.849998474121094,46.720001220703125,46.779998779296875,41.26714324951172
2017-10-11,470200,46.5,46.56999969482422,46.38999938964844,46.529998779296875,41.046607971191406
2017-10-10,422300,46.4900016784668,46.59000015258789,46.45000076293945,46.59000015258789,41.09953689575195
2017-10-09,173200,46.2599983215332,46.310001373291016,46.15999984741211,46.209999084472656,40.76431655883789
2017-10-06,281000,46.150001525878906,46.27000045776367,46.040000915527344,46.2400016784668,40.79078674316406
2017-10-05,446600,46.16999816894531,46.349998474121094,46.130001068115234,46.290000915527344,40.83488845825195
2017-10-04,471800,46.20000076293945,46.27000045776367,46.150001525878906,46.22999954223633,40.781959533691406
2017-10-03,458400,46.220001220703125,46.38999938964844,46.18000030517578,46.380001068115234,40.914283752441406
2017-10-02,636900,46.36000061035156,46.54999923706055,46.36000061035156,46.45000076293945,40.976036071777344
2017-09-29,487400,46.13999938964844,46.29999923706055,45.9900016784668,46.2400016784668,40.79078674316406
2017-09-28,465500,45.81999969482422,46.11000061035156,45.75,46.060001373291016,40.63199234008789
2017-09-27,590000,46.040000915527344,46.15999984741211,45.97999954223633,46.099998474121094,40.66728210449219
2017-09-26,487800,46.150001525878906,46.2599983215332,46.04999923706055,46.15999984741211,40.720211029052734
2017-09-25,753400,46.459999084472656,46.540000915527344,46.22999954223633,46.36000061035156,40.89664077758789
2017-09-22,369100,46.70000076293945,46.83000183105469,46.630001068115234,46.709999084472656,41.20539093017578
2017-09-21,415600,46.58000183105469,46.61000061035156,46.459999084472656,46.52000045776367,41.037784576416016
2017-09-20,606500,47.220001220703125,47.290000915527344,46.689998626708984,47.029998779296875,41.4876823425293
2017-09-19,170500,47.0099983215332,47.150001525878906,46.970001220703125,47.130001068115234,41.575897216796875
2017-09-18,210400,47.060001373291016,47.15999984741211,46.869998931884766,46.9900016784668,41.452396392822266
2017-09-15,292400,46.90999984741211,46.939998626708984,46.779998779296875,46.93000030517578,41.39946746826172
2017-09-14,867000,46.810001373291016,46.959999084472656,46.77000045776367,46.95000076293945,41.41710662841797
2017-09-13,227200,47.18000030517578,47.18000030517578,46.900001525878906,46.959999084472656,41.42593002319336
2017-09-12,650500,47.04999923706055,47.31999969482422,47.04999923706055,47.31999969482422,41.743507385253906
2017-09-11,157500,46.970001220703125,47.20000076293945,46.970001220703125,47.15999984741211,41.60236358642578
2017-09-08,386800,47.02000045776367,47.02000045776367,46.7400016784668,46.79999923706055,41.284786224365234
2017-09-07,312600,46.75,46.83000183105469,46.68000030517578,46.83000183105469,41.31126022338867
2017-09-06,444700,46.45000076293945,46.7400016784668,46.45000076293945,46.689998626708984,41.187747955322266
2017-09-05,973600,46.68000030517578,46.790000915527344,46.33000183105469,46.47999954223633,41.002498626708984
2017-09-01,694500,46.880001068115234,46.970001220703125,46.75,46.90999984741211,41.3818244934082
2017-08-31,657000,46.439998626708984,46.70000076293945,46.43000030517578,46.630001068115234,41.13481903076172
2017-08-30,270400,46.150001525878906,46.18000030517578,46.0099983215332,46.130001068115234,40.693748474121094
2017-08-29,228600,46.119998931884766,46.29999923706055,46.11000061035156,46.220001220703125,40.77313995361328
2017-08-28,316500,46.470001220703125,46.47999954223633,46.310001373291016,46.43000030517578,40.95839309692383
2017-08-25,292900,46.459999084472656,46.65999984741211,46.400001525878906,46.5,41.020137786865234
2017-08-24,304800,46.380001068115234,46.380001068115234,46.22999954223633,46.22999954223633,40.781959533691406
2017-08-23,292300,46.11000061035156,46.34000015258789,46.06999969482422,46.310001373291016,40.85253143310547
2017-08-22,319000,46.349998474121094,46.52000045776367,46.33000183105469,46.470001220703125,40.99367904663086
2017-08-21,202100,46.18000030517578,46.18000030517578,46,46.150001525878906,40.71139144897461
2017-08-18,279700,46.119998931884766,46.279998779296875,45.959999084472656,46.150001525878906,40.71139144897461
2017-08-17,384000,46.349998474121094,46.369998931884766,45.900001525878906,45.91999816894531,40.50849151611328
2017-08-16,292400,46.27000045776367,46.619998931884766,46.27000045776367,46.619998931884766,41.12599563598633
2017-08-15,462400,45.86000061035156,45.86000061035156,45.689998626708984,45.790000915527344,40.39381408691406
2017-08-14,352300,45.959999084472656,46.119998931884766,45.959999084472656,46.029998779296875,40.60552978515625
2017-08-11,341500,45.66999816894531,45.869998931884766,45.619998931884766,45.75,40.3585319519043
2017-08-10,349300,46.18000030517578,46.18000030517578,45.70000076293945,45.720001220703125,40.33206558227539
2017-08-09,273700,46.25,46.36000061035156,46.220001220703125,46.349998474121094,40.8878173828125
2017-08-08,173700,46.380001068115234,46.540000915527344,46.31999969482422,46.33000183105469,40.87017822265625
2017-08-07,232300,46.38999938964844,46.47999954223633,46.349998474121094,46.459999084472656,40.98485565185547
2017-08-04,555500,46.380001068115234,46.41999816894531,46.18000030517578,46.40999984741211,40.94074630737305
2017-08-03,399800,46.5099983215332,46.540000915527344,46.40999984741211,46.47999954223633,41.002498626708984
2017-08-02,599900,46.599998474121094,46.66999816894531,46.5,46.630001068115234,41.13481903076172
2017-08-01,434000,46.7599983215332,46.810001373291016,46.63999938964844,46.650001525878906,41.152469635009766
2017-07-31,265600,46.400001525878906,46.470001220703125,46.29999923706055,46.439998626708984,40.96720886230469
2017-07-28,423200,46.20000076293945,46.310001373291016,46.119998931884766,46.279998779296875,40.8260612487793
2017-07-27,546000,46.720001220703125,46.7599983215332,46.2599983215332,46.459999084472656,40.98485565185547
2017-07-26,369000,46.310001373291016,46.66999816894531,46.27000045776367,46.560001373291016,41.07307434082031
2017-07-25,401500,46.2599983215332,46.31999969482422,46.209999084472656,46.2400016784668,40.79078674316406
2017-07-24,741500,45.93000030517578,45.95000076293945,45.79999923706055,45.939998626708984,40.52613067626953
2017-07-21,255200,45.900001525878906,45.93000030517578,45.790000915527344,45.81999969482422,40.4202766418457
2017-07-20,360300,46.119998931884766,46.220001220703125,46.029998779296875,46.119998931884766,40.68492126464844
2017-07-19,348400,45.97999954223633,46.150001525878906,45.959999084472656,46.150001525878906,40.71139144897461
2017-07-18,229200,45.4900016784668,45.560001373291016,45.439998626708984,45.560001373291016,40.190921783447266
2017-07-17,461400,45.4900016784668,45.59000015258789,45.369998931884766,45.40999984741211,40.05859375
2017-07-14,331000,45.349998474121094,45.619998931884766,45.34000015258789,45.58000183105469,40.20855712890625
2017-07-13,453800,44.849998474121094,45.040000915527344,44.83000183105469,45.0099983215332,39.70573043823242
2017-07-12,301000,44.459999084472656,44.59000015258789,44.41999816894531,44.54999923706055,39.29994201660156
2017-07-11,215200,44.20000076293945,44.38999938964844,44.09000015258789,44.34000015258789,39.114688873291016
2017-07-10,261700,44.040000915527344,44.2599983215332,44.0099983215332,44.2400016784668,39.02647399902344
2017-07-07,343700,43.97999954223633,44.08000183105469,43.869998931884766,44.060001373291016,38.8676872253418
2017-07-06,940900,44.119998931884766,44.119998931884766,43.93000030517578,43.93000030517578,38.75300979614258
2017-07-05,552300,44.220001220703125,44.400001525878906,44.11000061035156,44.369998931884766,39.14115524291992
2017-07-03,350400,44.349998474121094,44.349998474121094,44.150001525878906,44.22999954223633,39.01765441894531
2017-06-30,575200,44.54999923706055,44.650001525878906,44.400001525878906,44.47999954223633,39.238189697265625
2017-06-29,951600,44.880001068115234,44.88999938964844,44.439998626708984,44.709999084472656,39.44108581542969
2017-06-28,818900,44.45000076293945,44.70000076293945,44.45000076293945,44.689998626708984,39.42344284057617
2017-06-27,604100,44.18000030517578,44.2400016784668,44.04999923706055,44.04999923706055,38.858863830566406
2017-06-26,413800,44.349998474121094,44.380001068115234,44.150001525878906,44.220001220703125,39.00883483886719
2017-06-23,324200,44.029998779296875,44.130001068115234,43.939998626708984,44.040000915527344,38.85004425048828
2017-06-22,279000,43.95000076293945,44.0099983215332,43.880001068115234,43.93000030517578,38.75300979614258
2017-06-21,398500,43.869998931884766,43.88999938964844,43.68000030517578,43.779998779296875,38.62068176269531
2017-06-20,570100,44.380001068115234,44.380001068115234,44.08000183105469,44.08000183105469,38.88533020019531
2017-06-19,495400,45.43000030517578,45.540000915527344,45.43000030517578,45.5,39.47108459472656
2017-06-16,453400,45.16999816894531,45.220001220703125,45.06999969482422,45.220001220703125,39.228179931640625
2017-06-15,728000,44.9900016784668,45.15999984741211,44.939998626708984,45.15999984741211,39.17612838745117
2017-06-14,567900,45.709999084472656,45.779998779296875,45.31999969482422,45.470001220703125,39.4450569152832
2017-06-13,467600,45.11000061035156,45.290000915527344,45.11000061035156,45.290000915527344,39.288909912109375
2017-06-12,446500,44.58000183105469,44.650001525878906,44.459999084472656,44.59000015258789,38.68165588378906
2017-06-09,492400,44.70000076293945,44.86000061035156,44.52000045776367,44.72999954223633,38.80310821533203
2017-06-08,481000,44.709999084472656,44.790000915527344,44.619998931884766,44.77000045776367,38.83781051635742
2017-06-07,316800,44.63999938964844,44.70000076293945,44.470001220703125,44.58000183105469,38.6729850769043
2017-06-06,284800,44.5099983215332,44.599998474121094,44.45000076293945,44.54999923706055,38.64695739746094
2017-06-05,259700,44.68000030517578,44.7400016784668,44.619998931884766,44.720001220703125,38.79443359375
2017-06-02,394000,44.63999938964844,44.86000061035156,44.61000061035156,44.81999969482422,38.88118362426758
2017-06-01,503500,44.22999954223633,44.41999816894531,44.20000076293945,44.380001068115234,38.49948501586914
2017-05-31,813400,44.41999816894531,44.43000030517578,44.220001220703125,44.22999954223633,38.369361877441406
2017-05-30,269600,44.20000076293945,44.349998474121094,44.18000030517578,44.31999969482422,38.44743347167969
2017-05-26,247300,44.38999938964844,44.41999816894531,44.310001373291016,44.41999816894531,38.53418731689453
2017-05-25,334700,44.66999816894531,44.7599983215332,44.599998474121094,44.630001068115234,38.71635818481445
2017-05-24,353100,44.5099983215332,44.68000030517578,44.459999084472656,44.650001525878906,38.733707427978516
2017-05-23,355500,44.540000915527344,44.619998931884766,44.470001220703125,44.5099983215332,38.61225891113281
2017-05-22,357900,44.400001525878906,44.560001373291016,44.38999938964844,44.52000045776367,38.62092971801758
2017-05-19,630500,44.20000076293945,44.369998931884766,44.130001068115234,44.27000045776367,38.404056549072266
2017-05-18,1766000,43.810001373291016,44.06999969482422,43.79999923706055,43.93000030517578,38.10911178588867
2017-05-17,877400,44.20000076293945,44.209999084472656,43.869998931884766,43.869998931884766,38.05706024169922
2017-05-16,309100,44.66999816894531,44.7400016784668,44.630001068115234,44.720001220703125,38.79443359375
2017-05-15,370300,44.58000183105469,44.68000030517578,44.560001373291016,44.650001525878906,38.733707427978516
2017-05-12,343200,44.33000183105469,44.38999938964844,44.25,44.380001068115234,38.49948501586914
2017-05-11,371800,44.36000061035156,44.47999954223633,44.2400016784668,44.47999954223633,38.58623123168945
2017-05-10,437000,44.380001068115234,44.5099983215332,44.369998931884766,44.470001220703125,38.57756042480469
2017-05-09,1173400,44.16999816894531,44.25,44.08000183105469,44.13999938964844,38.29128646850586
2017-05-08,797800,44.36000061035156,44.369998931884766,44.25,44.27000045776367,38.404056549072266
2017-05-05,431200,44.18000030517578,44.5099983215332,44.15999984741211,44.5099983215332,38.61225891113281
2017-05-04,660700,44.400001525878906,44.470001220703125,44.29999923706055,44.43000030517578,38.54286193847656
2017-05-03,690300,44.70000076293945,44.779998779296875,44.599998474121094,44.599998474121094,38.690330505371094
2017-05-02,460200,45.22999954223633,45.27000045776367,45.130001068115234,45.220001220703125,39.228179931640625
2017-05-01,400200,45.040000915527344,45.2599983215332,45.040000915527344,45.209999084472656,39.219505310058594
2017-04-28,497300,44.75,44.869998931884766,44.720001220703125,44.81999969482422,38.88118362426758
2017-04-27,505500,44.7599983215332,44.7599983215332,44.599998474121094,44.720001220703125,38.79443359375
2017-04-26,323500,44.70000076293945,44.83000183105469,44.66999816894531,44.66999816894531,38.75105667114258
2017-04-25,304100,44.68000030517578,44.869998931884766,44.68000030517578,44.810001373291016,38.87250900268555
2017-04-24,349000,44.619998931884766,44.66999816894531,44.56999969482422,44.650001525878906,38.733707427978516
2017-04-21,345200,44.220001220703125,44.310001373291016,44.189998626708984,44.2400016784668,38.37803268432617
2017-04-20,610800,44.220001220703125,44.33000183105469,44.150001525878906,44.290000915527344,38.42140579223633
2017-04-19,242800,44.0099983215332,44.040000915527344,43.70000076293945,43.75,37.95296096801758
2017-04-18,332700,44.150001525878906,44.20000076293945,44.02000045776367,44.15999984741211,38.30863952636719
2017-04-17,624800,44.650001525878906,44.77000045776367,44.56999969482422,44.75,38.820457458496094
2017-04-13,653900,44.689998626708984,44.79999923706055,44.5,44.5,38.60358810424805
2017-04-12,437600,44.7400016784668,44.7400016784668,44.47999954223633,44.63999938964844,38.725032806396484
2017-04-11,718000,44.709999084472656,44.709999084472656,44.369998931884766,44.689998626708984,38.76840591430664
2017-04-10,218200,44.470001220703125,44.619998931884766,44.439998626708984,44.54999923706055,38.64695739746094
2017-04-07,362900,44.41999816894531,44.54999923706055,44.34000015258789,44.38999938964844,38.50816345214844
2017-04-06,885200,44.560001373291016,44.650001525878906,44.4900016784668,44.56999969482422,38.664306640625
2017-04-05,3703200,44.79999923706055,44.90999984741211,44.59000015258789,44.630001068115234,38.71635818481445
2017-04-04,1010300,44.38999938964844,44.630001068115234,44.38999938964844,44.599998474121094,38.690330505371094
2017-04-03,1488900,44.619998931884766,44.779998779296875,44.41999816894531,44.709999084472656,38.7857551574707
2017-03-31,2069800,44.68000030517578,44.810001373291016,44.65999984741211,44.689998626708984,38.76840591430664
2017-03-30,1204900,44.939998626708984,45.130001068115234,44.939998626708984,45,39.037330627441406
2017-03-29,1806400,44.70000076293945,44.9900016784668,44.689998626708984,44.959999084472656,39.00263214111328
2017-03-28,1500200,44.41999816894531,44.650001525878906,44.33000183105469,44.599998474121094,38.690330505371094
2017-03-27,996100,43.9900016784668,44.189998626708984,43.86000061035156,44.099998474121094,38.25658416748047
2017-03-24,502000,44.040000915527344,44.220001220703125,44.02000045776367,44.130001068115234,38.28260803222656
2017-03-23,1148500,43.900001525878906,44.11000061035156,43.86000061035156,43.93000030517578,38.10911178588867
2017-03-22,771400,43.77000045776367,44,43.689998626708984,43.959999084472656,38.135135650634766
2017-03-21,1635200,44.709999084472656,44.709999084472656,44.02000045776367,44.02000045776367,38.18718719482422
2017-03-20,518700,44.54999923706055,44.650001525878906,44.5,44.5099983215332,38.61225891113281
2017-03-17,1072700,44.47999954223633,44.61000061035156,44.40999984741211,44.459999084472656,38.56888198852539
2017-03-16,967600,44.540000915527344,44.540000915527344,44.310001373291016,44.36000061035156,38.48213195800781
2017-03-15,965400,43.66999816894531,44.540000915527344,43.66999816894531,44.5099983215332,38.61225891113281
2017-03-14,446800,43.41999816894531,43.459999084472656,43.31999969482422,43.40999984741211,37.65800857543945
2017-03-13,475500,43.56999969482422,43.709999084472656,43.56999969482422,43.709999084472656,37.91826248168945
2017-03-10,424600,43.650001525878906,43.65999984741211,43.45000076293945,43.65999984741211,37.8748893737793
2017-03-09,471400,43.25,43.279998779296875,43.040000915527344,43.15999984741211,37.441139221191406
2017-03-08,539800,43.439998626708984,43.52000045776367,43.2400016784668,43.2400016784668,37.51054000854492
2017-03-07,284500,43.599998474121094,43.619998931884766,43.43000030517578,43.45000076293945,37.69271469116211
2017-03-06,414800,43.349998474121094,43.43000030517578,43.27000045776367,43.34000015258789,37.597286224365234
2017-03-03,618800,43.34000015258789,43.52000045776367,43.25,43.45000076293945,37.69271469116211
2017-03-02,719400,43.63999938964844,43.63999938964844,43.38999938964844,43.38999938964844,37.640663146972656
2017-03-01,885300,43.72999954223633,44.040000915527344,43.66999816894531,43.970001220703125,38.1438102722168
2017-02-28,636000,43.459999084472656,43.59000015258789,43.41999816894531,43.439998626708984,37.68403625488281
2017-02-27,1237600,43.45000076293945,43.63999938964844,43.43000030517578,43.619998931884766,37.84018325805664
2017-02-24,521400,43.43000030517578,43.650001525878906,43.43000030517578,43.54999923706055,37.77946472167969
2017-02-23,495100,44.150001525878906,44.18000030517578,43.95000076293945,44,38.169837951660156
2017-02-22,1015500,43.709999084472656,43.939998626708984,43.709999084472656,43.93000030517578,38.10911178588867
2017-02-21,396500,43.56999969482422,43.790000915527344,43.5,43.779998779296875,37.97898483276367
2017-02-17,323900,43.470001220703125,43.66999816894531,43.470001220703125,43.65999984741211,37.8748893737793
2017-02-16,379100,43.72999954223633,43.7599983215332,43.56999969482422,43.61000061035156,37.83150863647461
2017-02-15,444200,43.290000915527344,43.75,43.290000915527344,43.75,37.95296096801758
2017-02-14,376300,43.20000076293945,43.27000045776367,42.939998626708984,43.2400016784668,37.51054000854492
2017-02-13,308400,43.220001220703125,43.29999923706055,43.16999816894531,43.2400016784668,37.51054000854492
2017-02-10,446200,42.869998931884766,43.15999984741211,42.869998931884766,43.119998931884766,37.40644073486328
2017-02-09,522900,42.65999984741211,42.72999954223633,42.58000183105469,42.689998626708984,37.033416748046875
2017-02-08,282900,42.459999084472656,42.58000183105469,42.45000076293945,42.560001373291016,36.92063903808594
2017-02-07,312000,42.279998779296875,42.369998931884766,42.22999954223633,42.310001373291016,36.703765869140625
2017-02-06,243800,42.27000045776367,42.36000061035156,42.189998626708984,42.349998474121094,36.73846435546875
2017-02-03,608400,42.61000061035156,42.68000030517578,42.52000045776367,42.65999984741211,37.007389068603516
2017-02-02,470000,42.5,42.630001068115234,42.47999954223633,42.599998474121094,36.95534133911133
2017-02-01,858900,42.459999084472656,42.4900016784668,42.20000076293945,42.380001068115234,36.764488220214844
2017-01-31,537700,42.11000061035156,42.220001220703125,42.060001373291016,42.209999084472656,36.61701583862305
2017-01-30,455000,42.09000015258789,42.13999938964844,41.93000030517578,42.099998474121094,36.52159118652344
2017-01-27,346000,42.400001525878906,42.43000030517578,42.25,42.33000183105469,36.72111892700195
2017-01-26,557700,42.27000045776367,42.349998474121094,42.16999816894531,42.209999084472656,36.61701583862305
2017-01-25,470300,42.15999984741211,42.38999938964844,42.06999969482422,42.380001068115234,36.764488220214844
2017-01-24,720600,41.970001220703125,42.27000045776367,41.970001220703125,42.2400016784668,36.643043518066406
2017-01-23,4179900,41.810001373291016,41.939998626708984,41.709999084472656,41.93000030517578,36.374114990234375
2017-01-20,495800,41.779998779296875,41.959999084472656,41.75,41.959999084472656,36.40013885498047
2017-01-19,537000,41.9900016784668,41.9900016784668,41.79999923706055,41.939998626708984,36.382789611816406
2017-01-18,480200,41.93000030517578,41.97999954223633,41.7400016784668,41.790000915527344,36.2526741027832
2017-01-17,386900,41.9900016784668,41.9900016784668,41.880001068115234,41.97999954223633,36.41749572753906
2017-01-13,795700,41.880001068115234,42.02000045776367,41.790000915527344,42,36.43484115600586
2017-01-12,456500,41.9900016784668,42.04999923706055,41.869998931884766,42.02000045776367,36.45219421386719
2017-01-11,711700,41.65999984741211,42.04999923706055,41.650001525878906,42.040000915527344,36.46954345703125
2017-01-10,1348100,41.599998474121094,41.79999923706055,41.540000915527344,41.63999938964844,36.12253952026367
2017-01-09,667400,41.22999954223633,41.470001220703125,41.22999954223633,41.36000061035156,35.87964630126953
2017-01-06,677400,41.029998779296875,41.099998474121094,40.959999084472656,40.9900016784668,35.55867004394531
2017-01-05,717700,40.91999816894531,41.2599983215332,40.88999938964844,41.18000030517578,35.72349548339844
2017-01-04,702900,40.41999816894531,40.70000076293945,40.41999816894531,40.65999984741211,35.27239990234375
2017-01-03,1057800,40.119998931884766,40.27000045776367,40.119998931884766,40.209999084472656,34.88201904296875
2016-12-30,511200,39.72999954223633,39.779998779296875,39.47999954223633,39.56999969482422,34.32682418823242
2016-12-29,345400,39.689998626708984,39.849998474121094,39.689998626708984,39.779998779296875,34.50899887084961
2016-12-28,552300,39.599998474121094,39.65999984741211,39.47999954223633,39.52000045776367,34.283451080322266
2016-12-27,690900,39.5,39.599998474121094,39.439998626708984,39.45000076293945,34.22272491455078
2016-12-23,531900,39.29999923706055,39.38999938964844,39.29999923706055,39.380001068115234,34.16200256347656
2016-12-22,344900,39.68000030517578,39.7400016784668,39.56999969482422,39.58000183105469,34.33550262451172
2016-12-21,509500,39.880001068115234,39.880001068115234,39.630001068115234,39.65999984741211,34.40489959716797
2016-12-20,478700,40.56999969482422,40.63999938964844,40.4900016784668,40.63999938964844,34.46908950805664
2016-12-19,764800,40.47999954223633,40.5,40.31999969482422,40.31999969482422,34.19768524169922
2016-12-16,584100,40.709999084472656,40.709999084472656,40.459999084472656,40.529998779296875,34.375797271728516
2016-12-15,1015800,40.97999954223633,40.97999954223633,40.79999923706055,40.81999969482422,34.62176513671875
2016-12-14,795900,41.84000015258789,41.90999984741211,41.09000015258789,41.119998931884766,34.87621307373047
2016-12-13,426100,41.75,42,41.75,41.900001525878906,35.53777313232422
2016-12-12,369700,41.650001525878906,41.77000045776367,41.560001373291016,41.650001525878906,35.32573318481445
2016-12-09,326000,41.68000030517578,41.779998779296875,41.59000015258789,41.77000045776367,35.42751693725586
2016-12-08,590500,41.70000076293945,41.90999984741211,41.65999984741211,41.810001373291016,35.46144104003906
2016-12-07,1174800,41.36000061035156,41.88999938964844,41.36000061035156,41.880001068115234,35.520809173583984
2016-12-06,442800,41.150001525878906,41.36000061035156,41.13999938964844,41.34000015258789,35.06280517578125
2016-12-05,491500,41.099998474121094,41.36000061035156,41.099998474121094,41.279998779296875,35.01191711425781
2016-12-02,405500,41.06999969482422,41.2599983215332,41.029998779296875,41.18000030517578,34.927101135253906
2016-12-01,606400,41.220001220703125,41.400001525878906,41.130001068115234,41.2599983215332,34.99494552612305
2016-11-30,476800,41.310001373291016,41.31999969482422,41.029998779296875,41.04999923706055,34.816837310791016
2016-11-29,1008700,41.150001525878906,41.41999816894531,41.099998474121094,41.349998474121094,35.071285247802734
2016-11-28,244700,41.33000183105469,41.38999938964844,41.25,41.27000045776367,35.00343322753906
2016-11-25,157000,41.40999984741211,41.47999954223633,41.349998474121094,41.38999938964844,35.1052131652832
2016-11-23,411400,40.869998931884766,41.06999969482422,40.84000015258789,41.040000915527344,34.80835723876953
2016-11-22,488600,40.7599983215332,40.869998931884766,40.630001068115234,40.83000183105469,34.6302490234375
2016-11-21,315900,40.310001373291016,40.4900016784668,40.29999923706055,40.459999084472656,34.316429138183594
2016-11-18,273200,40.40999984741211,40.41999816894531,40.130001068115234,40.209999084472656,34.1043815612793
2016-11-17,423900,40.4900016784668,40.599998474121094,40.27000045776367,40.380001068115234,34.24857711791992
2016-11-16,495000,40.130001068115234,40.290000915527344,40.130001068115234,40.15999984741211,34.061988830566406
2016-11-15,496700,40.5,40.84000015258789,40.459999084472656,40.83000183105469,34.6302490234375
2016-11-14,589100,40.54999923706055,40.68000030517578,40.400001525878906,40.59000015258789,34.42668914794922
2016-11-11,640500,40.720001220703125,40.849998474121094,40.41999816894531,40.70000076293945,34.51998519897461
2016-11-10,1372600,41.119998931884766,41.20000076293945,40.66999816894531,40.93000030517578,34.71506118774414
2016-11-09,1443800,41.040000915527344,41.400001525878906,40.869998931884766,41.08000183105469,34.84228515625
2016-11-08,330400,41.06999969482422,41.59000015258789,40.939998626708984,41.5,35.198509216308594
2016-11-07,657700,40.970001220703125,41.189998626708984,40.970001220703125,41.16999816894531,34.918617248535156
2016-11-04,319100,40.45000076293945,40.4900016784668,40.27000045776367,40.29999923706055,34.18072509765625
2016-11-03,669600,40.709999084472656,40.83000183105469,40.599998474121094,40.689998626708984,34.511505126953125
2016-11-02,507500,40.81999969482422,40.90999984741211,40.599998474121094,40.619998931884766,34.45213317871094
2016-11-01,692500,41.279998779296875,41.29999923706055,40.7599983215332,41.02000045776367,34.79139709472656
2016-10-31,472000,40.88999938964844,41.13999938964844,40.88999938964844,41.029998779296875,34.79987335205078
2016-10-28,1024500,40.88999938964844,41.04999923706055,40.709999084472656,40.880001068115234,34.67265701293945
2016-10-27,360800,41.380001068115234,41.380001068115234,41.040000915527344,41.040000915527344,34.80835723876953
2016-10-26,501000,41.709999084472656,41.83000183105469,41.54999923706055,41.650001525878906,35.32573318481445
2016-10-25,480500,42,42.119998931884766,41.939998626708984,42.04999923706055,35.66499710083008
2016-10-24,293600,41.900001525878906,41.959999084472656,41.720001220703125,41.83000183105469,35.4784049987793
2016-10-21,235300,41.56999969482422,41.709999084472656,41.470001220703125,41.70000076293945,35.368141174316406
2016-10-20,393600,41.95000076293945,42.02000045776367,41.72999954223633,41.880001068115234,35.520809173583984
2016-10-19,897000,42.060001373291016,42.25,41.95000076293945,42.15999984741211,35.7582893371582
2016-10-18,184300,42.040000915527344,42.150001525878906,41.88999938964844,41.970001220703125,35.597145080566406
2016-10-17,276100,41.470001220703125,41.54999923706055,41.38999938964844,41.5,35.198509216308594
2016-10-14,377300,41.91999816894531,41.9900016784668,41.61000061035156,41.61000061035156,35.29180908203125
2016-10-13,649700,41.27000045776367,41.599998474121094,41.099998474121094,41.529998779296875,35.22394943237305
2016-10-12,291300,41.63999938964844,41.84000015258789,41.59000015258789,41.709999084472656,35.37662124633789
2016-10-11,588100,41.88999938964844,41.88999938964844,41.40999984741211,41.5,35.198509216308594
2016-10-10,188300,42.349998474121094,42.54999923706055,42.349998474121094,42.439998626708984,35.99578094482422
2016-10-07,569500,42.27000045776367,42.31999969482422,41.81999969482422,42.130001068115234,35.732852935791016
2016-10-06,240100,42.18000030517578,42.34000015258789,42.08000183105469,42.31999969482422,35.89399719238281
2016-10-05,634200,42.279998779296875,42.380001068115234,42.130001068115234,42.349998474121094,35.91944122314453
2016-10-04,621000,42.380001068115234,42.45000076293945,41.91999816894531,42.060001373291016,35.673484802246094
2016-10-03,914900,42.31999969482422,42.380001068115234,42.16999816894531,42.310001373291016,35.88551712036133
2016-09-30,534200,42.20000076293945,42.400001525878906,42.11000061035156,42.279998779296875,35.86007308959961
2016-09-29,598700,42.29999923706055,42.459999084472656,41.849998474121094,41.97999954223633,35.605628967285156
2016-09-28,370300,42.130001068115234,42.43000030517578,41.849998474121094,42.43000030517578,35.98729705810547
2016-09-27,342700,41.720001220703125,42.02000045776367,41.720001220703125,42,35.622589111328125
2016-09-26,376200,41.7400016784668,41.77000045776367,41.56999969482422,41.619998931884766,35.300289154052734
2016-09-23,858900,41.88999938964844,41.959999084472656,41.7400016784668,41.7400016784668,35.40207290649414
2016-09-22,454700,42.040000915527344,42.18000030517578,41.880001068115234,41.959999084472656,35.58865737915039
2016-09-21,576700,41.2599983215332,41.83000183105469,41.20000076293945,41.7599983215332,35.41903305053711
2016-09-20,301600,41.060001373291016,41.18000030517578,40.959999084472656,41.0099983215332,34.78291320800781
2016-09-19,513300,41.0099983215332,41.130001068115234,40.83000183105469,40.83000183105469,34.6302490234375
2016-09-16,488300,40.630001068115234,40.77000045776367,40.52000045776367,40.7400016784668,34.55390930175781
2016-09-15,542000,40.369998931884766,40.95000076293945,40.31999969482422,40.810001373291016,34.61328125
2016-09-14,655800,40.16999816894531,40.400001525878906,40.040000915527344,40.09000015258789,34.00261688232422
2016-09-13,958000,40.119998931884766,40.2400016784668,39.61000061035156,39.849998474121094,33.799049377441406
2016-09-12,820500,40.31999969482422,41.13999938964844,40.290000915527344,41.08000183105469,34.84228515625
2016-09-09,1084700,41.41999816894531,41.41999816894531,40.79999923706055,40.79999923706055,34.604801177978516
2016-09-08,499800,42,42.029998779296875,41.77000045776367,41.790000915527344,35.444480895996094
2016-09-07,1404200,42.04999923706055,42.06999969482422,41.849998474121094,41.9900016784668,35.614112854003906
2016-09-06,1877400,41.70000076293945,42,41.70000076293945,41.970001220703125,35.597145080566406
2016-09-02,621300,41.290000915527344,41.29999923706055,41.06999969482422,41.2400016784668,34.97798538208008
2016-09-01,896000,40.810001373291016,41.060001373291016,40.779998779296875,41.029998779296875,34.79987335205078
2016-08-31,1764300,40.849998474121094,40.869998931884766,40.61000061035156,40.72999954223633,34.545433044433594
2016-08-30,463700,41.290000915527344,41.29999923706055,41,41.11000061035156,34.86773681640625
2016-08-29,291800,41.11000061035156,41.34000015258789,41.11000061035156,41.29999923706055,35.02887725830078
2016-08-26,668300,41.779998779296875,42.16999816894531,41.189998626708984,41.369998931884766,35.08824920654297
2016-08-25,629400,41.63999938964844,41.81999969482422,41.63999938964844,41.77000045776367,35.42751693725586
2016-08-24,413100,41.810001373291016,41.939998626708984,41.70000076293945,41.7599983215332,35.41903305053711
2016-08-23,366800,41.9900016784668,42.08000183105469,41.790000915527344,41.790000915527344,35.444480895996094
2016-08-22,308700,41.470001220703125,41.619998931884766,41.41999816894531,41.56999969482422,35.25788116455078
2016-08-19,230500,41.47999954223633,41.63999938964844,41.36000061035156,41.599998474121094,35.283321380615234
2016-08-18,399300,41.7599983215332,41.91999816894531,41.720001220703125,41.900001525878906,35.53777313232422
2016-08-17,989600,41.7599983215332,41.97999954223633,41.54999923706055,41.869998931884766,35.512332916259766
2016-08-16,502100,41.939998626708984,42.02000045776367,41.849998474121094,41.93000030517578,35.56321334838867
2016-08-15,538200,41.95000076293945,42.18000030517578,41.95000076293945,42.040000915527344,35.656517028808594
2016-08-12,213700,41.9900016784668,42.04999923706055,41.709999084472656,41.779998779296875,35.43599319458008
2016-08-11,210700,42.0099983215332,42.209999084472656,42,42.20000076293945,35.79222869873047
2016-08-10,194200,42.15999984741211,42.16999816894531,41.91999816894531,41.91999816894531,35.55473327636719
2016-08-09,212400,41.88999938964844,42.13999938964844,41.88999938964844,42,35.622589111328125
2016-08-08,554600,41.790000915527344,41.900001525878906,41.75,41.869998931884766,35.512332916259766
2016-08-05,283800,41.5,41.63999938964844,41.41999816894531,41.61000061035156,35.29180908203125
2016-08-04,260000,41.18000030517578,41.34000015258789,41.09000015258789,41.2599983215332,34.99494552612305
2016-08-03,1030100,40.81999969482422,41.150001525878906,40.790000915527344,41.150001525878906,34.90166091918945
2016-08-02,1038300,41.459999084472656,41.560001373291016,41.119998931884766,41.279998779296875,35.01191711425781
2016-08-01,1309600,41.61000061035156,41.689998626708984,41.369998931884766,41.38999938964844,35.1052131652832
2016-07-29,1119600,41.470001220703125,41.77000045776367,41.41999816894531,41.72999954223633,35.393585205078125
2016-07-28,835800,41.400001525878906,41.47999954223633,41.29999923706055,41.43000030517578,35.139137268066406
2016-07-27,1412400,41.43000030517578,41.5099983215332,40.9900016784668,41.38999938964844,35.1052131652832
2016-07-26,1223800,41.47999954223633,41.599998474121094,41.279998779296875,41.43000030517578,35.139137268066406
2016-07-25,3842200,41.060001373291016,41.060001373291016,40.88999938964844,41.0099983215332,34.78291320800781
2016-07-22,455500,40.91999816894531,41.029998779296875,40.84000015258789,40.97999954223633,34.757469177246094
2016-07-21,489300,40.970001220703125,41.15999984741211,40.849998474121094,40.95000076293945,34.732032775878906
2016-07-20,373400,40.779998779296875,40.9900016784668,40.75,40.959999084472656,34.740501403808594
2016-07-19,325500,40.70000076293945,40.70000076293945,40.52000045776367,40.58000183105469,34.41820526123047
2016-07-18,550700,40.79999923706055,41.08000183105469,40.79999923706055,41.060001373291016,34.82532501220703
2016-07-15,995400,40.90999984741211,40.90999984741211,40.689998626708984,40.81999969482422,34.62176513671875
2016-07-14,588000,40.93000030517578,41.02000045776367,40.79999923706055,40.939998626708984,34.723541259765625
2016-07-13,239200,40.650001525878906,40.66999816894531,40.470001220703125,40.4900016784668,34.34187698364258
2016-07-12,613600,40.439998626708984,40.7400016784668,40.439998626708984,40.59000015258789,34.42668914794922
2016-07-11,840500,39.81999969482422,40.02000045776367,39.7599983215332,39.90999984741211,33.84994125366211
2016-07-08,661200,39.31999969482422,39.63999938964844,39.2400016784668,39.58000183105469,33.57004928588867
2016-07-07,224000,38.97999954223633,39.15999984741211,38.66999816894531,38.79999923706055,32.90849304199219
2016-07-06,434400,38.5,39.0099983215332,38.349998474121094,39.0099983215332,33.08660125732422
2016-07-05,466600,38.93000030517578,38.93000030517578,38.59000015258789,38.65999984741211,32.78974533081055
2016-07-01,443900,39.189998626708984,39.369998931884766,39.189998626708984,39.310001373291016,33.34104537963867
2016-06-30,513600,38.84000015258789,39.209999084472656,38.7599983215332,39.20000076293945,33.24775314331055
2016-06-29,739300,38.369998931884766,38.599998474121094,38.349998474121094,38.540000915527344,32.68796920776367
2016-06-28,711600,37.79999923706055,37.970001220703125,37.54999923706055,37.95000076293945,32.187557220458984
2016-06-27,1249900,37.47999954223633,37.4900016784668,36.709999084472656,37,31.381805419921875
2016-06-24,1348900,37.84000015258789,38.58000183105469,37.77000045776367,37.790000915527344,32.051849365234375
2016-06-23,303300,39.56999969482422,39.849998474121094,39.45000076293945,39.849998474121094,33.799049377441406
2016-06-22,496400,38.900001525878906,39.13999938964844,38.86000061035156,38.900001525878906,32.99330520629883
2016-06-21,571000,39.4900016784668,39.619998931884766,39.34000015258789,39.45000076293945,32.89915466308594
2016-06-20,1106000,39.400001525878906,39.5099983215332,39.29999923706055,39.29999923706055,32.77406692504883
2016-06-17,587700,38.380001068115234,38.529998779296875,38.220001220703125,38.459999084472656,32.073551177978516
2016-06-16,946200,37.93000030517578,38.33000183105469,37.560001373291016,38.2599983215332,31.906761169433594
2016-06-15,440600,38.470001220703125,38.77000045776367,38.439998626708984,38.4900016784668,32.09857177734375
2016-06-14,1219700,38.459999084472656,38.650001525878906,38.2400016784668,38.470001220703125,32.08189392089844
2016-06-13,387300,38.849998474121094,39.099998474121094,38.75,38.7599983215332,32.323734283447266
2016-06-10,320400,39.470001220703125,39.52000045776367,39.119998931884766,39.2400016784668,32.724029541015625
2016-06-09,635700,39.91999816894531,40.060001373291016,39.849998474121094,40,33.35783004760742
2016-06-08,228800,40.380001068115234,40.470001220703125,40.33000183105469,40.43000030517578,33.71641540527344
2016-06-07,357600,40.16999816894531,40.33000183105469,40.16999816894531,40.2400016784668,33.5579719543457
2016-06-06,292400,39.75,40.040000915527344,39.75,39.939998626708984,33.30779266357422
2016-06-03,906700,39.369998931884766,39.54999923706055,39.13999938964844,39.5,32.940853118896484
2016-06-02,703700,38.709999084472656,38.91999816894531,38.619998931884766,38.91999816894531,32.45716094970703
2016-06-01,464300,38.81999969482422,39.06999969482422,38.7400016784668,39.04999923706055,32.565582275390625
2016-05-31,708800,39.130001068115234,39.310001373291016,38.97999954223633,39.08000183105469,32.59060287475586
2016-05-27,232200,39.150001525878906,39.220001220703125,39.0099983215332,39.09000015258789,32.59893798828125
2016-05-26,436300,39.119998931884766,39.15999984741211,38.959999084472656,39.04999923706055,32.565582275390625
2016-05-25,421700,38.7400016784668,39,38.7400016784668,38.939998626708984,32.473846435546875
2016-05-24,468800,38.209999084472656,38.630001068115234,38.209999084472656,38.59000015258789,32.18196487426758
2016-05-23,324200,38.310001373291016,38.459999084472656,38.279998779296875,38.349998474121094,31.9818172454834
2016-05-20,567400,38.689998626708984,38.77000045776367,38.5,38.56999969482422,32.165287017822266
2016-05-19,560700,38.279998779296875,38.380001068115234,38.11000061035156,38.31999969482422,31.95679473876953
2016-05-18,1135100,38.709999084472656,39.119998931884766,38.4900016784668,38.56999969482422,32.165287017822266
2016-05-17,394000,39.150001525878906,39.279998779296875,38.88999938964844,38.959999084472656,32.49052429199219
2016-05-16,477100,38.81999969482422,39.06999969482422,38.810001373291016,39.040000915527344,32.5572395324707
2016-05-13,325200,38.599998474121094,38.75,38.380001068115234,38.47999954223633,32.09022903442383
2016-05-12,231700,39.310001373291016,39.34000015258789,38.79999923706055,39.0099983215332,32.53221893310547
2016-05-11,385500,39.13999938964844,39.34000015258789,39.11000061035156,39.130001068115234,32.63229751586914
2016-05-10,228200,39.099998474121094,39.45000076293945,39.08000183105469,39.45000076293945,32.89915466308594
2016-05-09,408500,38.90999984741211,39,38.7400016784668,38.75,32.31539535522461
2016-05-06,308100,38.58000183105469,38.95000076293945,38.529998779296875,38.93000030517578,32.46550369262695
2016-05-05,302200,39.310001373291016,39.380001068115234,38.959999084472656,39.060001373291016,32.573917388916016
2016-05-04,439900,39.18000030517578,39.2599983215332,38.900001525878906,38.97999954223633,32.507198333740234
2016-05-03,597600,39.86000061035156,39.86000061035156,39.52000045776367,39.540000915527344,32.974212646484375
2016-05-02,476900,40.060001373291016,40.18000030517578,39.88999938964844,40.16999816894531,33.49959945678711
2016-04-29,766400,40.04999923706055,40.16999816894531,39.7400016784668,39.95000076293945,33.31612777709961
2016-04-28,561600,39.97999954223633,40.439998626708984,39.95000076293945,40.060001373291016,33.407867431640625
2016-04-27,550600,39.869998931884766,40.16999816894531,39.77000045776367,40.060001373291016,33.407867431640625
2016-04-26,349600,40.72999954223633,40.790000915527344,40.54999923706055,40.70000076293945,33.94158172607422
2016-04-25,1912200,40.5,40.61000061035156,40.400001525878906,40.54999923706055,33.816497802734375
2016-04-22,364100,40.619998931884766,40.81999969482422,40.459999084472656,40.58000183105469,33.841522216796875
2016-04-21,216100,41.029998779296875,41.029998779296875,40.59000015258789,40.68000030517578,33.9249153137207
2016-04-20,204100,40.880001068115234,41.130001068115234,40.83000183105469,40.91999816894531,34.125057220458984
2016-04-19,516200,40.7599983215332,41.0099983215332,40.72999954223633,40.959999084472656,34.15841293334961
2016-04-18,268500,39.93000030517578,40.45000076293945,39.93000030517578,40.400001525878906,33.691402435302734
2016-04-15,544200,39.9900016784668,40.130001068115234,39.88999938964844,39.9900016784668,33.3494873046875
2016-04-14,249100,39.880001068115234,39.959999084472656,39.810001373291016,39.84000015258789,33.22439193725586
2016-04-13,247100,39.47999954223633,39.61000061035156,39.38999938964844,39.54999923706055,32.98255157470703
2016-04-12,259900,38.47999954223633,38.97999954223633,38.29999923706055,38.90999984741211,32.44882583618164
2016-04-11,391700,38.150001525878906,38.369998931884766,38.040000915527344,38.04999923706055,31.73162841796875
2016-04-08,500800,38.16999816894531,38.2400016784668,37.84000015258789,37.959999084472656,31.65657615661621
2016-04-07,1108300,37.849998474121094,37.959999084472656,37.5099983215332,37.61000061035156,31.36469841003418
2016-04-06,389700,37.83000183105469,38.369998931884766,37.81999969482422,38.36000061035156,31.990156173706055
2016-04-05,994600,37.65999984741211,37.7400016784668,37.52000045776367,37.63999938964844,31.38971519470215
2016-04-04,707500,38.75,38.779998779296875,38.41999816894531,38.470001220703125,32.08189392089844
2016-04-01,383500,38.41999816894531,38.9900016784668,38.34000015258789,38.95000076293945,32.4821891784668
2016-03-31,809500,39.400001525878906,39.529998779296875,39.189998626708984,39.220001220703125,32.70735549926758
2016-03-30,910200,39.310001373291016,39.5099983215332,39.16999816894531,39.279998779296875,32.75738525390625
2016-03-29,900400,38.060001373291016,38.88999938964844,37.9900016784668,38.880001068115234,32.423805236816406
2016-03-28,328800,38.65999984741211,38.779998779296875,38.599998474121094,38.7599983215332,32.323734283447266
2016-03-24,978600,38.40999984741211,38.720001220703125,38.31999969482422,38.720001220703125,32.290374755859375
2016-03-23,422200,39.16999816894531,39.16999816894531,38.779998779296875,38.79999923706055,32.357086181640625
2016-03-22,236700,39.290000915527344,39.54999923706055,39.2400016784668,39.5,32.940853118896484
2016-03-21,337800,39.5099983215332,39.63999938964844,39.400001525878906,39.540000915527344,32.974212646484375
2016-03-18,351800,39.650001525878906,39.81999969482422,39.619998931884766,39.619998931884766,33.04093551635742
2016-03-17,872700,39.220001220703125,39.77000045776367,39.099998474121094,39.70000076293945,33.10764694213867
2016-03-16,227400,38.06999969482422,39,38.06999969482422,38.97999954223633,32.507198333740234
2016-03-15,208000,38.22999954223633,38.22999954223633,38.06999969482422,38.209999084472656,31.86506462097168
2016-03-14,223100,38.869998931884766,38.91999816894531,38.689998626708984,38.79999923706055,32.357086181640625
2016-03-11,553200,38.77000045776367,39.150001525878906,38.709999084472656,39.150001525878906,32.64897918701172
2016-03-10,321200,38.45000076293945,38.5,37.880001068115234,38.16999816894531,31.831707000732422
2016-03-09,500500,38.40999984741211,38.56999969482422,38.310001373291016,38.40999984741211,32.0318489074707
2016-03-08,245900,37.95000076293945,37.9900016784668,37.709999084472656,37.72999954223633,31.464771270751953
2016-03-07,648900,38.0099983215332,38.529998779296875,37.9900016784668,38.439998626708984,32.05686950683594
2016-03-04,504000,37.93000030517578,38.41999816894531,37.88999938964844,38.310001373291016,31.94845962524414
2016-03-03,692600,37.349998474121094,37.619998931884766,37.29999923706055,37.52000045776367,31.289642333984375
2016-03-02,305900,36.52000045776367,37,36.47999954223633,36.9900016784668,30.8476505279541
2016-03-01,207500,35.63999938964844,36.150001525878906,35.630001068115234,36.150001525878906,30.147140502929688
2016-02-29,479000,35.34000015258789,35.470001220703125,35.150001525878906,35.15999984741211,29.321531295776367
2016-02-26,245000,35.63999938964844,35.63999938964844,35.11000061035156,35.150001525878906,29.313190460205078
2016-02-25,268500,35.11000061035156,35.47999954223633,34.939998626708984,35.470001220703125,29.580053329467773
2016-02-24,389400,34.869998931884766,35.47999954223633,34.68000030517578,35.439998626708984,29.555030822753906
2016-02-23,184500,36.0099983215332,36.0099983215332,35.65999984741211,35.689998626708984,29.763521194458008
2016-02-22,447300,36.06999969482422,36.36000061035156,36.040000915527344,36.34000015258789,30.305587768554688
2016-02-19,200200,35.060001373291016,35.43000030517578,34.9900016784668,35.380001068115234,29.504995346069336
2016-02-18,316800,35.630001068115234,35.630001068115234,35.349998474121094,35.36000061035156,29.48831558227539
2016-02-17,447800,35,35.439998626708984,34.939998626708984,35.38999938964844,29.513338088989258
2016-02-16,451300,34.880001068115234,34.9900016784668,34.599998474121094,34.90999984741211,29.1130428314209
2016-02-12,514500,33.79999923706055,34.22999954223633,33.66999816894531,34.22999954223633,28.545961380004883
2016-02-11,549600,33.459999084472656,33.869998931884766,33.40999984741211,33.7400016784668,28.137332916259766
2016-02-10,363100,33.72999954223633,34.22999954223633,33.72999954223633,33.849998474121094,28.229061126708984
2016-02-09,446200,33.529998779296875,34.0099983215332,33.5,33.790000915527344,28.179025650024414
2016-02-08,478800,34.34000015258789,34.4900016784668,34.04999923706055,34.380001068115234,28.671051025390625
2016-02-05,285300,35.02000045776367,35.119998931884766,34.40999984741211,34.5099983215332,28.779464721679688
2016-02-04,466200,35.130001068115234,35.40999984741211,34.939998626708984,35.08000183105469,29.254812240600586
2016-02-03,2622100,34.380001068115234,34.720001220703125,33.7400016784668,34.65999984741211,28.904560089111328
2016-02-02,909400,34.61000061035156,34.61000061035156,34.209999084472656,34.34000015258789,28.637699127197266
2016-02-01,1505400,35.040000915527344,35.439998626708984,34.900001525878906,35.310001373291016,29.446622848510742
2016-01-29,666800,35.22999954223633,35.40999984741211,35.119998931884766,35.380001068115234,29.504995346069336
2016-01-28,454700,35.0099983215332,35.0099983215332,34.5099983215332,34.75,28.979612350463867
2016-01-27,620000,34.47999954223633,34.869998931884766,34.06999969482422,34.27000045776367,28.579317092895508
2016-01-26,351900,34.349998474121094,34.720001220703125,34.290000915527344,34.70000076293945,28.937917709350586
2016-01-25,555300,34.41999816894531,34.560001373291016,34.09000015258789,34.119998931884766,28.454227447509766
2016-01-22,385900,34.58000183105469,34.75,34.40999984741211,34.540000915527344,28.80448341369629
2016-01-21,725600,33.56999969482422,34.20000076293945,33.29999923706055,33.959999084472656,28.32079315185547
2016-01-20,621500,33.36000061035156,33.83000183105469,32.77000045776367,33.59000015258789,28.012235641479492
2016-01-19,524000,34.40999984741211,34.40999984741211,33.83000183105469,34.119998931884766,28.454227447509766
2016-01-15,784700,33.56999969482422,33.81999969482422,33.20000076293945,33.5099983215332,27.945520401000977
2016-01-14,544600,34.619998931884766,35.2400016784668,34.34000015258789,35.06999969482422,29.246477127075195
2016-01-13,733300,35.220001220703125,35.34000015258789,34.400001525878906,34.52000045776367,28.787803649902344
2016-01-12,624000,35.22999954223633,35.279998779296875,34.720001220703125,35.06999969482422,29.246477127075195
2016-01-11,683500,35.22999954223633,35.22999954223633,34.560001373291016,34.90999984741211,29.1130428314209
2016-01-08,570700,35.349998474121094,35.38999938964844,34.779998779296875,34.810001373291016,29.029644012451172
2016-01-07,507800,35.459999084472656,35.880001068115234,35.22999954223633,35.279998779296875,29.42160415649414
2016-01-06,566900,36.529998779296875,36.709999084472656,36.439998626708984,36.61000061035156,30.53075408935547
2016-01-05,628100,37.54999923706055,37.58000183105469,37.22999954223633,37.560001373291016,31.322999954223633
2016-01-04,1419400,37.70000076293945,37.790000915527344,37.369998931884766,37.7599983215332,31.489789962768555
2015-12-31,385200,38.61000061035156,38.619998931884766,38.369998931884766,38.38999938964844,32.01517105102539
2015-12-30,363200,38.81999969482422,38.95000076293945,38.65999984741211,38.689998626708984,32.26535415649414
2015-12-29,546700,38.779998779296875,38.90999984741211,38.70000076293945,38.86000061035156,32.407135009765625
2015-12-28,515800,38.11000061035156,38.11000061035156,37.93000030517578,38.08000183105469,31.756654739379883
2015-12-24,140500,38.29999923706055,38.41999816894531,38.25,38.25,31.898414611816406
2015-12-23,398300,38,38.279998779296875,37.959999084472656,38.279998779296875,31.92344093322754
2015-12-22,340900,37.56999969482422,37.75,37.45000076293945,37.709999084472656,31.448089599609375
2015-12-21,630500,37.5099983215332,37.63999938964844,37.279998779296875,37.47999954223633,31.25628662109375
2015-12-18,602700,38.150001525878906,38.31999969482422,38.0099983215332,38.0099983215332,30.92520523071289
2015-12-17,595600,38.369998931884766,38.400001525878906,37.810001373291016,37.810001373291016,30.762487411499023
2015-12-16,655000,37.970001220703125,38.529998779296875,37.88999938964844,38.45000076293945,31.283191680908203
2015-12-15,677000,37.560001373291016,37.68000030517578,37.45000076293945,37.560001373291016,30.5590877532959
2015-12-14,834800,37.5099983215332,37.52000045776367,37.130001068115234,37.4900016784668,30.502134323120117
2015-12-11,533100,37.58000183105469,37.709999084472656,37.349998474121094,37.38999938964844,30.42076873779297
2015-12-10,1351800,38.220001220703125,38.5,38.20000076293945,38.290000915527344,31.15302085876465
2015-12-09,1308800,38.29999923706055,38.59000015258789,37.939998626708984,38.27000045776367,31.13674545288086
2015-12-08,258800,38.16999816894531,38.459999084472656,38.06999969482422,38.290000915527344,31.15302085876465
2015-12-07,424600,39.150001525878906,39.20000076293945,38.83000183105469,38.93000030517578,31.673728942871094
2015-12-04,218800,39.11000061035156,39.599998474121094,39.099998474121094,39.4900016784668,32.12935256958008
2015-12-03,327500,39.54999923706055,39.66999816894531,39.11000061035156,39.2599983215332,31.94221305847168
2015-12-02,420400,39.689998626708984,39.779998779296875,39.31999969482422,39.400001525878906,32.05611801147461
2015-12-01,496600,39.5,39.7599983215332,39.47999954223633,39.7599983215332,32.349021911621094
2015-11-30,366200,38.790000915527344,38.970001220703125,38.77000045776367,38.88999938964844,31.641183853149414
2015-11-27,128900,38.66999816894531,38.77000045776367,38.560001373291016,38.689998626708984,31.478456497192383
2015-11-25,188500,39.290000915527344,39.34000015258789,39.150001525878906,39.209999084472656,31.901533126831055
2015-11-24,426900,39.16999816894531,39.56999969482422,39.13999938964844,39.560001373291016,32.18629455566406
2015-11-23,340800,39.459999084472656,39.56999969482422,39.310001373291016,39.33000183105469,31.99917221069336
2015-11-20,344500,39.72999954223633,39.81999969482422,39.59000015258789,39.630001068115234,32.243247985839844
2015-11-19,414000,39.2400016784668,39.439998626708984,39.2400016784668,39.310001373291016,31.98290252685547
2015-11-18,230300,38.2400016784668,38.599998474121094,38.2400016784668,38.599998474121094,31.405235290527344
2015-11-17,310200,38.400001525878906,38.470001220703125,38.209999084472656,38.2400016784668,31.11233901977539
2015-11-16,399000,37.65999984741211,38.099998474121094,37.650001525878906,38.099998474121094,30.998435974121094
2015-11-13,365700,38.02000045776367,38.08000183105469,37.689998626708984,37.7400016784668,30.705537796020508
2015-11-12,370600,38.41999816894531,38.52000045776367,38.27000045776367,38.310001373291016,31.169288635253906
2015-11-11,376800,38.369998931884766,38.47999954223633,38.20000076293945,38.2400016784668,31.11233901977539
2015-11-10,323000,37.869998931884766,37.95000076293945,37.75,37.95000076293945,30.87639045715332
2015-11-09,396800,38.209999084472656,38.220001220703125,37.88999938964844,38.060001373291016,30.965892791748047
2015-11-06,185800,38.779998779296875,38.86000061035156,38.560001373291016,38.81999969482422,31.584224700927734
2015-11-05,623900,39.279998779296875,39.31999969482422,39,39.13999938964844,31.844581604003906
2015-11-04,589600,39.68000030517578,39.720001220703125,39.31999969482422,39.47999954223633,32.12120819091797
2015-11-03,380800,39.13999938964844,39.66999816894531,39.13999938964844,39.599998474121094,32.21883773803711
2015-11-02,283600,38.77000045776367,39.060001373291016,38.650001525878906,39.0099983215332,31.738811492919922
2015-10-30,310700,39,39.290000915527344,38.90999984741211,39.06999969482422,31.78763198852539
2015-10-29,158900,39.11000061035156,39.25,39.04999923706055,39.09000015258789,31.80390167236328
2015-10-28,191100,39.90999984741211,40.18000030517578,39.56999969482422,39.900001525878906,32.46293258666992
2015-10-27,263200,40.279998779296875,40.34000015258789,40.040000915527344,40.119998931884766,32.64191436767578
2015-10-26,354000,40.52000045776367,40.619998931884766,40.43000030517578,40.470001220703125,32.92668533325195
2015-10-23,236800,40.58000183105469,40.77000045776367,40.4900016784668,40.720001220703125,33.13008499145508
2015-10-22,260300,39.849998474121094,40.279998779296875,39.849998474121094,40.18000030517578,32.69073486328125
2015-10-21,196100,39.650001525878906,39.65999984741211,39.34000015258789,39.380001068115234,32.03984832763672
2015-10-20,233800,39.650001525878906,39.7599983215332,39.5099983215332,39.65999984741211,32.26765823364258
2015-10-19,284300,39.880001068115234,39.93000030517578,39.72999954223633,39.81999969482422,32.3978385925293
2015-10-16,125500,40.13999938964844,40.2599983215332,40.040000915527344,40.189998626708984,32.69886779785156
2015-10-15,594300,39.7599983215332,40.2599983215332,39.7599983215332,40.22999954223633,32.731422424316406
2015-10-14,228900,39.349998474121094,39.47999954223633,39.25,39.380001068115234,32.03984832763672
2015-10-13,281500,39.130001068115234,39.470001220703125,39.0099983215332,39.06999969482422,31.78763198852539
2015-10-12,508800,39.84000015258789,39.86000061035156,39.68000030517578,39.77000045776367,32.357154846191406
2015-10-09,186400,39.7400016784668,39.900001525878906,39.63999938964844,39.779998779296875,32.36528778076172
2015-10-08,255900,38.9900016784668,39.619998931884766,38.95000076293945,39.56999969482422,32.194435119628906
2015-10-07,422300,39.15999984741211,39.349998474121094,38.86000061035156,39.04999923706055,31.771360397338867
2015-10-06,265300,38.33000183105469,38.41999816894531,38.209999084472656,38.33000183105469,31.185565948486328
2015-10-05,418800,37.93000030517578,38.36000061035156,37.90999984741211,38.34000015258789,31.193696975708008
2015-10-02,284000,36.4900016784668,37.439998626708984,36.43000030517578,37.43000030517578,30.453317642211914
2015-10-01,298200,37.040000915527344,37.099998474121094,36.63999938964844,36.88999938964844,30.01396942138672
2015-09-30,311100,36.5,36.68000030517578,36.31999969482422,36.65999984741211,29.82683563232422
2015-09-29,348500,35.869998931884766,36.150001525878906,35.72999954223633,35.91999816894531,29.22476577758789
2015-09-28,454900,36.720001220703125,36.720001220703125,36.209999084472656,36.25,29.493257522583008
2015-09-25,471100,37.20000076293945,37.20000076293945,36.709999084472656,36.81999969482422,29.957014083862305
2015-09-24,427000,36.65999984741211,37.119998931884766,36.52000045776367,37.02000045776367,30.119733810424805
2015-09-23,389200,37.029998779296875,37.150001525878906,36.720001220703125,36.77000045776367,29.91633415222168
2015-09-22,396700,37.2400016784668,37.45000076293945,37.130001068115234,37.380001068115234,30.412641525268555
2015-09-21,235000,37.97999954223633,38.15999984741211,37.83000183105469,37.93000030517578,30.860116958618164
2015-09-18,374600,38.439998626708984,38.52000045776367,37.959999084472656,38.060001373291016,30.965892791748047
2015-09-17,528100,38.189998626708984,39.099998474121094,38.119998931884766,38.27000045776367,31.13674545288086
2015-09-16,484500,38.20000076293945,38.68000030517578,38.18000030517578,38.66999816894531,31.462190628051758
2015-09-15,682200,37.310001373291016,37.779998779296875,37.22999954223633,37.7400016784668,30.705537796020508
2015-09-14,319000,37.77000045776367,37.869998931884766,37.63999938964844,37.709999084472656,30.681123733520508
2015-09-11,385200,37.47999954223633,37.70000076293945,37.380001068115234,37.68000030517578,30.656719207763672
2015-09-10,602300,37.47999954223633,37.900001525878906,37.38999938964844,37.70000076293945,30.672992706298828
2015-09-09,897600,38.27000045776367,38.33000183105469,37.599998474121094,37.68000030517578,30.656719207763672
2015-09-08,1356800,37.400001525878906,37.63999938964844,37.310001373291016,37.63999938964844,30.624174118041992
2015-09-04,329600,36.209999084472656,36.380001068115234,35.869998931884766,36,29.289857864379883
2015-09-03,317700,36.810001373291016,37.150001525878906,36.68000030517578,36.77000045776367,29.91633415222168
2015-09-02,596400,36.93000030517578,37.029998779296875,36.560001373291016,37.029998779296875,30.127866744995117
2015-09-01,565000,36.66999816894531,36.81999969482422,36.290000915527344,36.400001525878906,29.61530303955078
2015-08-31,572400,37.939998626708984,38.02000045776367,37.689998626708984,37.83000183105469,30.778762817382812
2015-08-28,503100,38.29999923706055,38.66999816894531,38.29999923706055,38.63999938964844,31.437772750854492
2015-08-27,748500,38.529998779296875,39.029998779296875,38.40999984741211,38.95000076293945,31.68999481201172
2015-08-26,784000,38.02000045776367,38.20000076293945,37.099998474121094,38.20000076293945,31.079792022705078
2015-08-25,1691000,36.22999954223633,39.099998474121094,36.22999954223633,37.279998779296875,30.33127212524414
2015-08-24,1849200,37.439998626708984,37.439998626708984,35.04999923706055,35.52000045776367,28.89932632446289
2015-08-21,786400,39.04999923706055,39.04999923706055,38.16999816894531,38.20000076293945,31.079792022705078
2015-08-20,377900,39.4900016784668,39.540000915527344,39.099998474121094,39.11000061035156,31.820180892944336
2015-08-19,249100,40.209999084472656,40.400001525878906,39.849998474121094,40.13999938964844,32.6581916809082
2015-08-18,514500,40.119998931884766,40.33000183105469,40.099998474121094,40.20000076293945,32.707008361816406
2015-08-17,306400,40.4900016784668,40.7400016784668,40.400001525878906,40.720001220703125,33.13008499145508
2015-08-14,213800,40.630001068115234,40.81999969482422,40.599998474121094,40.779998779296875,33.178897857666016
2015-08-13,182500,40.650001525878906,40.869998931884766,40.5,40.72999954223633,33.13821792602539
2015-08-12,319800,40.540000915527344,40.779998779296875,40.34000015258789,40.779998779296875,33.178897857666016
2015-08-11,286200,41.560001373291016,41.560001373291016,40.970001220703125,41.13999938964844,33.4718017578125
2015-08-10,346800,41.97999954223633,42.41999816894531,41.970001220703125,42.400001525878906,34.496944427490234
2015-08-07,205300,41.68000030517578,41.900001525878906,41.58000183105469,41.869998931884766,34.065731048583984
2015-08-06,226000,42.22999954223633,42.290000915527344,41.88999938964844,41.9900016784668,34.16336441040039
2015-08-05,369900,42.959999084472656,43.040000915527344,42.77000045776367,42.790000915527344,34.81425094604492
2015-08-04,148300,42.939998626708984,43.119998931884766,42.79999923706055,42.869998931884766,34.879337310791016
2015-08-03,216000,42.470001220703125,42.4900016784668,42.22999954223633,42.36000061035156,34.46439743041992
2015-07-31,349100,43.029998779296875,43.099998474121094,42.689998626708984,42.81999969482422,34.83865737915039
2015-07-30,165500,42.5099983215332,42.709999084472656,42.439998626708984,42.65999984741211,34.70847702026367
2015-07-29,284900,42.66999816894531,42.970001220703125,42.66999816894531,42.83000183105469,34.84679412841797
2015-07-28,272200,42.40999984741211,42.66999816894531,42.220001220703125,42.619998931884766,34.675941467285156
2015-07-27,253700,41.95000076293945,42.060001373291016,41.77000045776367,41.83000183105469,34.0331916809082
2015-07-24,209900,42.38999938964844,42.5,42.029998779296875,42.13999938964844,34.285404205322266
2015-07-23,399400,42.90999984741211,42.95000076293945,42.630001068115234,42.65999984741211,34.70847702026367
2015-07-22,171400,42.939998626708984,43.02000045776367,42.849998474121094,42.95000076293945,34.94443130493164
2015-07-21,198100,43.5,43.709999084472656,43.439998626708984,43.59000015258789,35.46514129638672
2015-07-20,349400,43.5,43.650001525878906,43.369998931884766,43.540000915527344,35.42445755004883
2015-07-17,210600,43.470001220703125,43.4900016784668,43.34000015258789,43.41999816894531,35.32681655883789
2015-07-16,746700,43.459999084472656,43.599998474121094,43.369998931884766,43.43000030517578,35.33495330810547
2015-07-15,453100,43.279998779296875,43.31999969482422,42.90999984741211,43.0099983215332,34.99324417114258
2015-07-14,242400,43.040000915527344,43.20000076293945,43.040000915527344,43.15999984741211,35.11528396606445
2015-07-13,627300,42.77000045776367,42.90999984741211,42.630001068115234,42.880001068115234,34.887474060058594
2015-07-10,248300,42.56999969482422,42.7599983215332,42.439998626708984,42.65999984741211,34.70847702026367
2015-07-09,653800,42.13999938964844,42.40999984741211,41.95000076293945,42,34.1714973449707
2015-07-08,581800,41.4900016784668,41.83000183105469,41.27000045776367,41.31999969482422,33.61824417114258
2015-07-07,899500,42.43000030517578,42.790000915527344,41.90999984741211,42.68000030517578,34.72475051879883
2015-07-06,352400,43.119998931884766,43.119998931884766,42.529998779296875,42.810001373291016,34.83052444458008
2015-07-02,410100,44.099998474121094,44.11000061035156,43.93000030517578,44,35.798709869384766
2015-07-01,537300,43.91999816894531,43.91999816894531,43.52000045776367,43.709999084472656,35.562767028808594
2015-06-30,598200,43.66999816894531,43.66999816894531,43.25,43.400001525878906,35.3105583190918
2015-06-29,402700,43.189998626708984,43.369998931884766,42.93000030517578,42.959999084472656,34.95256042480469
2015-06-26,401700,44.06999969482422,44.189998626708984,43.90999984741211,44.06999969482422,35.85566329956055
2015-06-25,310200,44.97999954223633,44.97999954223633,44.75,44.75,36.40892028808594
2015-06-24,253000,46.11000061035156,46.13999938964844,45.88999938964844,45.90999984741211,36.578147888183594
2015-06-23,393100,45.9900016784668,46.20000076293945,45.959999084472656,46.18000030517578,36.793270111083984
2015-06-22,825800,46,46.119998931884766,45.79999923706055,45.79999923706055,36.49051284790039
2015-06-19,151800,45.7599983215332,45.81999969482422,45.63999938964844,45.63999938964844,36.363033294677734
2015-06-18,400300,45.52000045776367,45.849998474121094,45.52000045776367,45.619998931884766,36.34709548950195
2015-06-17,946800,45.119998931884766,45.630001068115234,44.97999954223633,45.4900016784668,36.2435188293457
2015-06-16,220500,45.0099983215332,45.25,44.97999954223633,45.25,36.05229949951172
2015-06-15,370100,45.0099983215332,45.06999969482422,44.900001525878906,45.0099983215332,35.861087799072266
2015-06-12,199700,44.9900016784668,45.27000045776367,44.939998626708984,45.099998474121094,35.932796478271484
2015-06-11,324800,45.119998931884766,45.310001373291016,45.099998474121094,45.25,36.05229949951172
2015-06-10,265400,44.7400016784668,45.029998779296875,44.709999084472656,44.970001220703125,35.829219818115234
2015-06-09,184000,44.38999938964844,44.41999816894531,44.220001220703125,44.369998931884766,35.35117721557617
2015-06-08,259200,44.529998779296875,44.599998474121094,44.400001525878906,44.59000015258789,35.526458740234375
2015-06-05,471600,44.459999084472656,44.810001373291016,44.45000076293945,44.59000015258789,35.526458740234375
2015-06-04,628400,45.060001373291016,45.16999816894531,44.869998931884766,44.91999816894531,35.78938293457031
2015-06-03,1057700,45.7400016784668,46.04999923706055,45.7400016784668,45.86000061035156,36.53831481933594
2015-06-02,234900,45.529998779296875,45.93000030517578,45.45000076293945,45.810001373291016,36.49848175048828
2015-06-01,612100,45.88999938964844,46,45.619998931884766,45.709999084472656,36.418800354003906
2015-05-29,504100,46.15999984741211,46.20000076293945,45.97999954223633,46.029998779296875,36.67375183105469
2015-05-28,194300,45.95000076293945,46.04999923706055,45.720001220703125,45.9900016784668,36.64188766479492
2015-05-27,242700,46.5,46.66999816894531,46.380001068115234,46.630001068115234,37.151798248291016
2015-05-26,279400,47.040000915527344,47.119998931884766,46.720001220703125,46.75,37.247406005859375
2015-05-22,149500,46.790000915527344,46.880001068115234,46.7599983215332,46.84000015258789,37.31911849975586
2015-05-21,272700,46.709999084472656,46.93000030517578,46.66999816894531,46.90999984741211,37.37488555908203
2015-05-20,253700,46.5,46.720001220703125,46.34000015258789,46.52000045776367,37.06416320800781
2015-05-19,186400,46.70000076293945,46.849998474121094,46.61000061035156,46.72999954223633,37.231475830078125
2015-05-18,283500,47.18000030517578,47.34000015258789,47.130001068115234,47.27000045776367,37.661712646484375
2015-05-15,363400,47.650001525878906,47.95000076293945,47.59000015258789,47.95000076293945,38.2034912109375
2015-05-14,435200,47.7400016784668,47.7599983215332,47.52000045776367,47.59000015258789,37.916664123535156
2015-05-13,595100,47.29999923706055,47.5,47.2599983215332,47.27000045776367,37.661712646484375
2015-05-12,371400,46.4900016784668,46.81999969482422,46.41999816894531,46.7599983215332,37.255374908447266
2015-05-11,763100,46.290000915527344,46.380001068115234,46.099998474121094,46.119998931884766,36.74546432495117
2015-05-08,1729700,46.75,46.86000061035156,46.529998779296875,46.84000015258789,37.31911849975586
2015-05-07,2076300,46.439998626708984,46.5,46.209999084472656,46.349998474121094,36.928714752197266
2015-05-06,447800,47.189998626708984,47.279998779296875,46.619998931884766,46.7400016784668,37.239437103271484
2015-05-05,542000,47.540000915527344,47.619998931884766,47.310001373291016,47.40999984741211,37.77325439453125
2015-05-04,991500,47.560001373291016,47.779998779296875,47.459999084472656,47.70000076293945,38.00430679321289
2015-05-01,426900,47.52000045776367,47.619998931884766,47.36000061035156,47.599998474121094,37.92462921142578
2015-04-30,267500,47.33000183105469,47.41999816894531,47.13999938964844,47.31999969482422,37.70155334472656
2015-04-29,1022300,47.88999938964844,48.09000015258789,47.790000915527344,47.97999954223633,38.22739791870117
2015-04-28,464300,48.380001068115234,48.77000045776367,48.380001068115234,48.72999954223633,38.824951171875
2015-04-27,827400,48.27000045776367,48.540000915527344,48.209999084472656,48.220001220703125,38.418609619140625
2015-04-24,371800,47.970001220703125,48.09000015258789,47.86000061035156,48.04999923706055,38.283164978027344
2015-04-23,300900,46.810001373291016,47.2599983215332,46.779998779296875,47.220001220703125,37.62187957763672
2015-04-22,215900,46.939998626708984,47,46.75,46.97999954223633,37.430660247802734
2015-04-21,273900,46.959999084472656,47.099998474121094,46.83000183105469,46.86000061035156,37.33504867553711
2015-04-20,743500,46.849998474121094,46.95000076293945,46.75,46.810001373291016,37.29521560668945
2015-04-17,779500,46.90999984741211,47,46.70000076293945,46.93000030517578,37.39081954956055
2015-04-16,274700,47.4900016784668,47.86000061035156,47.439998626708984,47.689998626708984,37.99634552001953
2015-04-15,341200,47.02000045776367,47.459999084472656,46.93000030517578,47.34000015258789,37.71748733520508
2015-04-14,165300,47.18000030517578,47.349998474121094,47.0099983215332,47.2599983215332,37.65373992919922
2015-04-13,484100,47.150001525878906,47.33000183105469,46.939998626708984,46.9900016784668,37.438621520996094
2015-04-10,322200,47.38999938964844,47.529998779296875,47.29999923706055,47.5099983215332,37.85292053222656
2015-04-09,564600,47.33000183105469,47.68000030517578,47.18000030517578,47.560001373291016,37.89276885986328
2015-04-08,1188000,46.939998626708984,47.220001220703125,46.849998474121094,47,37.44659423828125
2015-04-07,436900,46.31999969482422,46.439998626708984,46.15999984741211,46.209999084472656,36.817169189453125
2015-04-06,554200,45.61000061035156,46.38999938964844,45.56999969482422,46.060001373291016,36.69765853881836
2015-04-02,300400,45.63999938964844,45.849998474121094,45.560001373291016,45.75,36.4506721496582
2015-04-01,482400,45.63999938964844,45.709999084472656,45.45000076293945,45.599998474121094,36.33116149902344
2015-03-31,415500,45.380001068115234,45.560001373291016,45.2599983215332,45.36000061035156,36.13994216918945
2015-03-30,379800,45.84000015258789,45.93000030517578,45.77000045776367,45.83000183105469,36.5144157409668
2015-03-27,927200,46.18000030517578,46.2400016784668,45.970001220703125,46.029998779296875,36.67375183105469
2015-03-26,416000,46.31999969482422,46.40999984741211,46.040000915527344,46.20000076293945,36.8092041015625
2015-03-25,204600,46.810001373291016,46.939998626708984,46.36000061035156,46.369998931884766,36.94464874267578
2015-03-24,942100,46.7400016784668,46.81999969482422,46.630001068115234,46.689998626708984,37.19960403442383
2015-03-23,404400,46.41999816894531,46.70000076293945,46.34000015258789,46.630001068115234,37.151798248291016
2015-03-20,1199900,46.08000183105469,46.470001220703125,46.029998779296875,46.369998931884766,36.94464874267578
2015-03-19,381600,45.61000061035156,45.619998931884766,45.31999969482422,45.4900016784668,36.2435188293457
2015-03-18,406800,44.66999816894531,45.7599983215332,44.619998931884766,45.68000030517578,36.3948974609375
2015-03-17,754300,44.560001373291016,44.72999954223633,44.5,44.630001068115234,35.55833435058594
2015-03-16,226900,44.689998626708984,44.93000030517578,44.689998626708984,44.880001068115234,35.757511138916016
2015-03-13,356800,44.59000015258789,44.59000015258789,44.18000030517578,44.439998626708984,35.40694046020508
2015-03-12,588200,45.13999938964844,45.209999084472656,45,45.150001525878906,35.97262954711914
2015-03-11,749100,44.5099983215332,44.5099983215332,44.22999954223633,44.310001373291016,35.30337905883789
2015-03-10,420800,44.72999954223633,44.77000045776367,44.34000015258789,44.34000015258789,35.32727813720703
2015-03-09,190900,45.40999984741211,45.40999984741211,45.22999954223633,45.310001373291016,36.1001091003418
2015-03-06,264500,45.720001220703125,45.72999954223633,45.290000915527344,45.33000183105469,36.11604309082031
2015-03-05,1030200,46.06999969482422,46.06999969482422,45.81999969482422,45.91999816894531,36.58612060546875
2015-03-04,253100,46.25,46.279998779296875,46.02000045776367,46.220001220703125,36.825138092041016
2015-03-03,322300,46.5,46.56999969482422,46.38999938964844,46.470001220703125,37.024330139160156
2015-03-02,415800,46.400001525878906,46.459999084472656,46.29999923706055,46.45000076293945,37.00838851928711
2015-02-27,376100,46.31999969482422,46.439998626708984,46.220001220703125,46.36000061035156,36.936683654785156
2015-02-26,330600,46.4900016784668,46.5099983215332,46.11000061035156,46.189998626708984,36.80123519897461
2015-02-25,266600,46.77000045776367,46.77000045776367,46.540000915527344,46.56999969482422,37.10399627685547
2015-02-24,491400,46.150001525878906,46.540000915527344,46.04999923706055,46.459999084472656,37.016357421875
2015-02-23,171800,46.130001068115234,46.18000030517578,46.0099983215332,46.11000061035156,36.737491607666016
2015-02-20,205700,46,46.36000061035156,45.91999816894531,46.31999969482422,36.904808044433594
2015-02-19,227500,46.060001373291016,46.310001373291016,46.0099983215332,46.099998474121094,36.72952651977539
2015-02-18,321300,46.04999923706055,46.380001068115234,46.0099983215332,46.27000045776367,36.86497497558594
2015-02-17,328600,46,46.130001068115234,45.84000015258789,46.08000183105469,36.71359634399414
2015-02-13,269500,45.65999984741211,46.0099983215332,45.65999984741211,45.91999816894531,36.58612060546875
2015-02-12,425300,45,45.34000015258789,44.90999984741211,45.279998779296875,36.076202392578125
2015-02-11,311600,45.189998626708984,45.25,44.91999816894531,45.130001068115234,35.95669937133789
2015-02-10,145500,45.54999923706055,45.619998931884766,45.380001068115234,45.58000183105469,36.31522750854492
2015-02-09,493200,45.540000915527344,45.7400016784668,45.41999816894531,45.470001220703125,36.22758102416992
2015-02-06,421500,45.4900016784668,45.7599983215332,45.4900016784668,45.59000015258789,36.32319641113281
2015-02-05,553400,45.5,45.86000061035156,45.5,45.86000061035156,36.53831481933594
2015-02-04,310000,45.41999816894531,45.63999938964844,45.290000915527344,45.36000061035156,36.13994216918945
2015-02-03,296600,44.88999938964844,45.689998626708984,44.88999938964844,45.540000915527344,36.283355712890625
2015-02-02,286500,44.75,45,44.619998931884766,44.97999954223633,35.837188720703125
2015-01-30,222800,44.209999084472656,44.4900016784668,44.150001525878906,44.150001525878906,35.175899505615234
2015-01-29,343600,44.33000183105469,44.54999923706055,44.119998931884766,44.54999923706055,35.49458694458008
2015-01-28,320000,44.849998474121094,44.97999954223633,44.2599983215332,44.2599983215332,35.2635383605957
2015-01-27,296200,44.4900016784668,44.66999816894531,44.38999938964844,44.59000015258789,35.526458740234375
2015-01-26,389200,44.349998474121094,44.529998779296875,44.2400016784668,44.47999954223633,35.43881607055664
2015-01-23,570700,44.41999816894531,44.47999954223633,44.2599983215332,44.279998779296875,35.27946853637695
2015-01-22,454400,44.61000061035156,44.70000076293945,44.349998474121094,44.54999923706055,35.49458694458008
2015-01-21,287900,44.38999938964844,44.599998474121094,44.25,44.400001525878906,35.37508010864258
2015-01-20,473600,44.099998474121094,44.209999084472656,43.79999923706055,43.95000076293945,35.01654815673828
2015-01-16,634600,43.86000061035156,44.47999954223633,43.7599983215332,44.459999084472656,35.422882080078125
2015-01-15,350700,44.310001373291016,44.470001220703125,44,44.119998931884766,35.15199279785156
2015-01-14,528600,43.68000030517578,43.90999984741211,43.5099983215332,43.84000015258789,34.92890548706055
2015-01-13,446000,44.31999969482422,44.560001373291016,43.91999816894531,44.22999954223633,35.23963165283203
2015-01-12,361400,44.2400016784668,44.27000045776367,43.959999084472656,44.02000045776367,35.072322845458984
2015-01-09,376000,44.41999816894531,44.52000045776367,44.20000076293945,44.34000015258789,35.32727813720703
2015-01-08,402700,43.900001525878906,44.15999984741211,43.75,44.08000183105469,35.12012481689453
2015-01-07,512800,43.369998931884766,43.630001068115234,43.22999954223633,43.599998474121094,34.73768615722656
2015-01-06,549900,43.060001373291016,43.470001220703125,42.91999816894531,43.119998931884766,34.355255126953125
2015-01-05,775800,43.72999954223633,43.810001373291016,43.34000015258789,43.439998626708984,34.61021041870117
2015-01-02,500200,44.06999969482422,44.150001525878906,43.779998779296875,43.84000015258789,34.92890548706055
2014-12-31,436300,44.279998779296875,44.400001525878906,43.95000076293945,43.95000076293945,35.01654815673828
2014-12-30,428700,44.400001525878906,44.470001220703125,44.279998779296875,44.290000915527344,35.287437438964844
2014-12-29,452300,44.56999969482422,44.7599983215332,44.56999969482422,44.58000183105469,35.51849365234375
2014-12-26,187300,44.119998931884766,44.2400016784668,44.04999923706055,44.15999984741211,35.18386459350586
2014-12-24,259600,43.97999954223633,44.0099983215332,43.849998474121094,43.900001525878906,34.976707458496094
2014-12-23,477900,43.84000015258789,43.95000076293945,43.75,43.77000045776367,34.87313461303711
2014-12-22,1607300,44.06999969482422,44.220001220703125,44.029998779296875,44.16999816894531,35.191829681396484
2014-12-19,672400,43.470001220703125,43.83000183105469,43.45000076293945,43.77000045776367,34.87313461303711
2014-12-18,860200,43.150001525878906,43.38999938964844,43,43.33000183105469,34.5225715637207
2014-12-17,755100,42.97999954223633,43.15999984741211,42.36000061035156,42.7400016784668,34.05249786376953
2014-12-16,654700,43.630001068115234,44.150001525878906,43.56999969482422,43.630001068115234,33.859683990478516
2014-12-15,2460500,44.349998474121094,44.380001068115234,43.79999923706055,43.79999923706055,33.991615295410156
2014-12-12,571600,44.650001525878906,44.70000076293945,44.279998779296875,44.290000915527344,34.37189865112305
2014-12-11,565300,44.77000045776367,45.08000183105469,44.709999084472656,44.77000045776367,34.74440002441406
2014-12-10,575000,45.18000030517578,45.18000030517578,44.650001525878906,44.77000045776367,34.74440002441406
2014-12-09,458000,45.099998474121094,45.220001220703125,44.84000015258789,45.20000076293945,35.07810974121094
2014-12-08,549200,45.61000061035156,45.790000915527344,45.4900016784668,45.5099983215332,35.318687438964844
2014-12-05,460900,45.959999084472656,46.02000045776367,45.810001373291016,45.959999084472656,35.66791915893555
2014-12-04,325400,46.220001220703125,46.279998779296875,46.060001373291016,46.06999969482422,35.7532844543457
2014-12-03,430200,46.04999923706055,46.18000030517578,45.97999954223633,46.08000183105469,35.761051177978516
2014-12-02,509800,45.900001525878906,46.08000183105469,45.869998931884766,46.040000915527344,35.730003356933594
2014-12-01,512800,45.599998474121094,45.75,45.369998931884766,45.70000076293945,35.46614074707031
2014-11-28,331700,46.68000030517578,46.709999084472656,46.52000045776367,46.54999923706055,36.125797271728516
2014-11-26,300700,47.22999954223633,47.400001525878906,47.130001068115234,47.400001525878906,36.78545379638672
2014-11-25,1221400,46.810001373291016,46.939998626708984,46.790000915527344,46.90999984741211,36.40517807006836
2014-11-24,333300,47.13999938964844,47.20000076293945,47.040000915527344,47.099998474121094,36.552635192871094
2014-11-21,466200,47.470001220703125,47.599998474121094,47.279998779296875,47.36000061035156,36.75440979003906
2014-11-20,370000,46.439998626708984,46.83000183105469,46.36000061035156,46.7400016784668,36.27324676513672
2014-11-19,456300,47.040000915527344,47.209999084472656,46.91999816894531,46.97999954223633,36.45950698852539
2014-11-18,254900,47.709999084472656,47.849998474121094,47.63999938964844,47.77000045776367,37.07258605957031
2014-11-17,229500,47.90999984741211,47.959999084472656,47.779998779296875,47.900001525878906,37.17348098754883
2014-11-14,347400,48.04999923706055,48.540000915527344,48.04999923706055,48.540000915527344,37.670162200927734
2014-11-13,347400,48.130001068115234,48.2400016784668,47.97999954223633,48.060001373291016,37.29765701293945
2014-11-12,264500,48.0099983215332,48.13999938964844,47.970001220703125,48.04999923706055,37.289894104003906
2014-11-11,819600,48,48.25,47.95000076293945,48.189998626708984,37.39854049682617
2014-11-10,307400,48.15999984741211,48.27000045776367,47.959999084472656,48.040000915527344,37.282127380371094
2014-11-07,666300,47.75,47.939998626708984,47.720001220703125,47.90999984741211,37.18124008178711
2014-11-06,797700,47.75,47.75,47.4900016784668,47.5,36.86305236816406
2014-11-05,639500,47.65999984741211,47.689998626708984,47.439998626708984,47.650001525878906,36.979469299316406
2014-11-04,435000,47.95000076293945,48.099998474121094,47.869998931884766,48.060001373291016,37.29765701293945
2014-11-03,3076300,48.209999084472656,48.209999084472656,47.81999969482422,47.869998931884766,37.15019607543945
2014-10-31,345300,48.61000061035156,48.61000061035156,48.43000030517578,48.599998474121094,37.71672821044922
2014-10-30,289700,47.91999816894531,48.369998931884766,47.90999984741211,48.27000045776367,37.460628509521484
2014-10-29,658900,48.380001068115234,48.41999816894531,47.599998474121094,47.7400016784668,37.04931640625
2014-10-28,632100,48.060001373291016,48.33000183105469,48.040000915527344,48.33000183105469,37.5071907043457
2014-10-27,7044300,47.619998931884766,47.720001220703125,47.4900016784668,47.56999969482422,36.917381286621094
2014-10-24,193000,47.63999938964844,47.790000915527344,47.630001068115234,47.77000045776367,37.07258605957031
2014-10-23,398700,47.459999084472656,47.630001068115234,47.43000030517578,47.47999954223633,36.847537994384766
2014-10-22,358900,47.279998779296875,47.52000045776367,47.13999938964844,47.16999816894531,36.60695266723633
2014-10-21,301500,47.15999984741211,47.380001068115234,47.11000061035156,47.31999969482422,36.72336196899414
2014-10-20,1920200,46.63999938964844,47.060001373291016,46.61000061035156,47.0099983215332,36.482784271240234
2014-10-17,311200,46.7400016784668,46.90999984741211,46.61000061035156,46.70000076293945,36.24220657348633
2014-10-16,449700,45.619998931884766,46.58000183105469,45.59000015258789,46.220001220703125,35.869693756103516
2014-10-15,1868200,46.04999923706055,46.25,45.290000915527344,46.18000030517578,35.838653564453125
2014-10-14,467500,45.86000061035156,46.150001525878906,45.66999816894531,45.810001373291016,35.551509857177734
2014-10-13,1123800,45.95000076293945,46.08000183105469,45.560001373291016,45.58000183105469,35.37301254272461
2014-10-10,604300,46.08000183105469,46.08000183105469,45.209999084472656,45.2400016784668,35.10914993286133
2014-10-09,666700,46.9900016784668,47.04999923706055,46.279998779296875,46.290000915527344,35.92402648925781
2014-10-08,2715500,46.119998931884766,47.0099983215332,45.970001220703125,46.9900016784668,36.46726608276367
2014-10-07,357300,46.47999954223633,46.5,46.150001525878906,46.150001525878906,35.815364837646484
2014-10-06,2076300,46.47999954223633,46.720001220703125,46.369998931884766,46.56999969482422,36.14131546020508
2014-10-03,336500,46.20000076293945,46.290000915527344,46.02000045776367,46.16999816894531,35.83088684082031
2014-10-02,1319100,46.029998779296875,46.20000076293945,45.599998474121094,46.130001068115234,35.79985046386719
2014-10-01,1286700,46.150001525878906,46.2599983215332,45.900001525878906,45.939998626708984,35.65239334106445
2014-09-30,417600,45.9900016784668,46.16999816894531,45.900001525878906,46.06999969482422,35.7532844543457
2014-09-29,1309900,46.04999923706055,46.7599983215332,45.88999938964844,45.95000076293945,35.66015625
2014-09-26,333800,46.77000045776367,46.9900016784668,46.77000045776367,46.88999938964844,36.38965606689453
2014-09-25,344700,47.27000045776367,47.34000015258789,46.79999923706055,46.79999923706055,36.3198127746582
2014-09-24,324500,47.66999816894531,48,47.599998474121094,47.970001220703125,37.227813720703125
2014-09-23,572300,47.56999969482422,47.7400016784668,47.4900016784668,47.63999938964844,36.97169876098633
2014-09-22,532000,47.790000915527344,47.810001373291016,47.400001525878906,47.540000915527344,36.894100189208984
2014-09-19,206100,48.58000183105469,48.58000183105469,48.16999816894531,48.189998626708984,37.39854049682617
2014-09-18,264800,48.47999954223633,48.58000183105469,48.400001525878906,48.529998779296875,37.66239929199219
2014-09-17,289500,48.75,48.790000915527344,48.220001220703125,48.310001373291016,37.49166488647461
2014-09-16,982300,48.70000076293945,49.45000076293945,48.619998931884766,49.31999969482422,38.275489807128906
2014-09-15,1285300,49.25,49.33000183105469,48.939998626708984,49,38.02715301513672
2014-09-12,282700,49.79999923706055,49.810001373291016,49.47999954223633,49.56999969482422,38.469512939453125
2014-09-11,261100,50,50.09000015258789,49.88999938964844,50.02000045776367,38.81873321533203
2014-09-10,242900,50.43000030517578,50.58000183105469,50.25,50.56999969482422,39.245574951171875
2014-09-09,773300,50.90999984741211,51,50.52000045776367,50.650001525878906,39.30766296386719
2014-09-08,156300,51.209999084472656,51.279998779296875,50.81999969482422,50.869998931884766,39.4783935546875
2014-09-05,323500,51.31999969482422,51.52000045776367,51.189998626708984,51.52000045776367,39.98284149169922
2014-09-04,349700,51.880001068115234,51.939998626708984,51.5,51.619998931884766,40.06044006347656
2014-09-03,239000,51.779998779296875,51.84000015258789,51.66999816894531,51.7400016784668,40.153568267822266
2014-09-02,2023700,51.099998474121094,51.27000045776367,51.08000183105469,51.189998626708984,39.72673034667969
2014-08-29,717600,51.29999923706055,51.29999923706055,51.09000015258789,51.119998931884766,39.67241287231445
2014-08-28,228800,51.29999923706055,51.310001373291016,51.18000030517578,51.29999923706055,39.81209945678711
2014-08-27,199700,51.5,51.529998779296875,51.439998626708984,51.47999954223633,39.9517936706543
2014-08-26,191100,51.349998474121094,51.47999954223633,51.33000183105469,51.34000015258789,39.84314727783203
2014-08-25,153200,51.33000183105469,51.40999984741211,51.29999923706055,51.349998474121094,39.85090637207031
2014-08-22,264900,51.33000183105469,51.40999984741211,51.15999984741211,51.22999954223633,39.75777816772461
2014-08-21,256000,51.349998474121094,51.41999816894531,51.290000915527344,51.34000015258789,39.84314727783203
2014-08-20,857900,51.38999938964844,51.68000030517578,51.369998931884766,51.5099983215332,39.97507095336914
2014-08-19,1115500,51.209999084472656,51.29999923706055,51.11000061035156,51.22999954223633,39.75777816772461
2014-08-18,355400,50.79999923706055,51.02000045776367,50.779998779296875,51,39.57927703857422
2014-08-15,390200,50.66999816894531,50.810001373291016,50.400001525878906,50.709999084472656,39.354217529296875
2014-08-14,213900,50.599998474121094,50.77000045776367,50.560001373291016,50.77000045776367,39.40078353881836
2014-08-13,178100,50.41999816894531,50.529998779296875,50.40999984741211,50.4900016784668,39.183494567871094
2014-08-12,175400,50.06999969482422,50.16999816894531,50,50.13999938964844,38.911865234375
2014-08-11,252300,49.86000061035156,49.939998626708984,49.779998779296875,49.900001525878906,38.725616455078125
2014-08-08,419600,49.61000061035156,49.790000915527344,49.4900016784668,49.7400016784668,38.60144805908203
2014-08-07,390500,50.029998779296875,50.06999969482422,49.65999984741211,49.7400016784668,38.60144805908203
2014-08-06,517700,49.9900016784668,50.36000061035156,49.9900016784668,50.220001220703125,38.97395706176758
2014-08-05,1042500,50.31999969482422,50.349998474121094,49.970001220703125,50.040000915527344,38.834259033203125
2014-08-04,287500,50.380001068115234,50.70000076293945,50.31999969482422,50.650001525878906,39.30766296386719
2014-08-01,932300,50.52000045776367,50.650001525878906,50.31999969482422,50.470001220703125,39.16796875
2014-07-31,569500,51.02000045776367,51.02000045776367,50.61000061035156,50.63999938964844,39.299896240234375
2014-07-30,220700,51.150001525878906,51.29999923706055,50.959999084472656,51.130001068115234,39.680171966552734
2014-07-29,705700,51.15999984741211,51.220001220703125,51.04999923706055,51.06999969482422,39.633602142333984
2014-07-28,399600,50.959999084472656,51,50.70000076293945,50.9900016784668,39.57151794433594
2014-07-25,145700,51,51,50.75,50.849998474121094,39.46287155151367
2014-07-24,353500,51.130001068115234,51.130001068115234,50.97999954223633,51.040000915527344,39.610328674316406
2014-07-23,151800,51,51.09000015258789,50.97999954223633,51.08000183105469,39.64136505126953
2014-07-22,158500,50.58000183105469,50.689998626708984,50.58000183105469,50.59000015258789,39.26110076904297
2014-07-21,179900,50.189998626708984,50.290000915527344,50.060001373291016,50.220001220703125,38.97395706176758
2014-07-18,166200,50.08000183105469,50.380001068115234,50.08000183105469,50.33000183105469,39.05931854248047
2014-07-17,145500,50.130001068115234,50.20000076293945,49.720001220703125,49.720001220703125,38.58592224121094
2014-07-16,160000,50.099998474121094,50.2599983215332,50.099998474121094,50.2400016784668,38.98947525024414
2014-07-15,229300,50,50.09000015258789,49.779998779296875,49.970001220703125,38.77994155883789
2014-07-14,154000,50.279998779296875,50.279998779296875,50.150001525878906,50.20000076293945,38.95843505859375
2014-07-11,315100,49.86000061035156,50.040000915527344,49.86000061035156,50,38.80321502685547
2014-07-10,214100,49.15999984741211,49.599998474121094,48.970001220703125,49.58000183105469,38.477272033691406
2014-07-09,347600,49.58000183105469,49.79999923706055,49.560001373291016,49.7400016784668,38.60144805908203
2014-07-08,557000,49.9900016784668,49.9900016784668,49.75,49.880001068115234,38.71009063720703
2014-07-07,487000,49.939998626708984,50.04999923706055,49.939998626708984,50.04999923706055,38.842018127441406
2014-07-03,576700,49.810001373291016,50.08000183105469,49.75,50.040000915527344,38.834259033203125
2014-07-02,812700,49.810001373291016,50.040000915527344,49.810001373291016,50,38.80321502685547
2014-07-01,955000,49.20000076293945,49.540000915527344,49.15999984741211,49.5,38.41518783569336
2014-06-30,683500,49.2599983215332,49.38999938964844,49.13999938964844,49.25,38.22117614746094
2014-06-27,178900,49.540000915527344,49.72999954223633,49.43000030517578,49.72999954223633,38.59367752075195
2014-06-26,286900,49.470001220703125,49.66999816894531,49.38999938964844,49.66999816894531,38.547119140625
2014-06-25,383900,48.790000915527344,49.06999969482422,48.77000045776367,49.04999923706055,38.065956115722656
2014-06-24,899100,49.88999938964844,49.97999954223633,49.540000915527344,49.540000915527344,37.84788131713867
2014-06-23,391500,49.9900016784668,50.04999923706055,49.900001525878906,50.040000915527344,38.22987365722656
2014-06-20,419000,50.099998474121094,50.099998474121094,49.869998931884766,49.939998626708984,38.15347671508789
2014-06-19,583400,50.2599983215332,50.2599983215332,50.08000183105469,50.15999984741211,38.32154846191406
2014-06-18,404400,49.349998474121094,49.849998474121094,49.2599983215332,49.849998474121094,38.084712982177734
2014-06-17,294800,49.470001220703125,49.58000183105469,49.29999923706055,49.529998779296875,37.840240478515625
2014-06-16,261700,49.959999084472656,50.13999938964844,49.869998931884766,49.959999084472656,38.16874694824219
2014-06-13,277400,50.02000045776367,50.04999923706055,49.900001525878906,50,38.19931411743164
2014-06-12,293700,50.29999923706055,50.29999923706055,49.810001373291016,49.86000061035156,38.09235763549805
2014-06-11,249100,50.119998931884766,50.119998931884766,50.0099983215332,50.0099983215332,38.20695114135742
2014-06-10,299100,50.36000061035156,50.36000061035156,50.11000061035156,50.310001373291016,38.436153411865234
2014-06-09,3662700,50.209999084472656,50.439998626708984,50.150001525878906,50.43000030517578,38.52783203125
2014-06-06,581300,49.970001220703125,50.099998474121094,49.90999984741211,50.040000915527344,38.22987365722656
2014-06-05,288100,49.810001373291016,50.060001373291016,49.63999938964844,49.970001220703125,38.1764030456543
2014-06-04,414800,49.70000076293945,49.70000076293945,49.61000061035156,49.70000076293945,37.97011947631836
2014-06-03,230400,49.900001525878906,50.15999984741211,49.83000183105469,49.93000030517578,38.14582824707031
2014-06-02,1095800,49.97999954223633,50.130001068115234,49.95000076293945,50.04999923706055,38.23751449584961
2014-05-30,799100,50.09000015258789,50.130001068115234,50.0099983215332,50.04999923706055,38.23751449584961
2014-05-29,347300,50.09000015258789,50.31999969482422,50.09000015258789,50.29999923706055,38.42851257324219
2014-05-28,313200,49.90999984741211,49.90999984741211,49.7599983215332,49.849998474121094,38.084712982177734
2014-05-27,354900,49.91999816894531,50.040000915527344,49.849998474121094,50,38.19931411743164
2014-05-23,249900,49.88999938964844,49.90999984741211,49.81999969482422,49.81999969482422,38.061798095703125
2014-05-22,269100,49.65999984741211,49.689998626708984,49.58000183105469,49.63999938964844,37.92428207397461
2014-05-21,263900,49.20000076293945,49.459999084472656,49.20000076293945,49.41999816894531,37.756195068359375
2014-05-20,336000,49.38999938964844,49.38999938964844,49.02000045776367,49.040000915527344,37.46589279174805
2014-05-19,329600,49.58000183105469,49.650001525878906,49.52000045776367,49.59000015258789,37.88608169555664
2014-05-16,1468800,49.95000076293945,50.119998931884766,49.869998931884766,50,38.19931411743164
2014-05-15,361000,50.029998779296875,50.060001373291016,49.650001525878906,49.849998474121094,38.084712982177734
2014-05-14,578300,49.95000076293945,50.08000183105469,49.810001373291016,49.869998931884766,38.099998474121094
2014-05-13,952900,50,50.040000915527344,49.720001220703125,49.779998779296875,38.03123092651367
2014-05-12,2908700,49.43000030517578,49.75,49.40999984741211,49.70000076293945,37.97011947631836
2014-05-09,326000,49.25,49.689998626708984,49.189998626708984,49.349998474121094,37.70272445678711
2014-05-08,308800,49.290000915527344,49.5099983215332,49.22999954223633,49.2599983215332,37.63396072387695
2014-05-07,765900,49.20000076293945,49.310001373291016,48.939998626708984,49.22999954223633,37.61104965209961
2014-05-06,458600,49.369998931884766,49.4900016784668,49.25,49.27000045776367,37.64160919189453
2014-05-05,362300,48.900001525878906,49.189998626708984,48.779998779296875,49.150001525878906,37.549922943115234
2014-05-02,413200,49.099998474121094,49.349998474121094,49.02000045776367,49.209999084472656,37.595760345458984
2014-05-01,1368200,49.06999969482422,49.18000030517578,48.86000061035156,49.13999938964844,37.54228591918945
2014-04-30,740100,49.08000183105469,49.38999938964844,49.08000183105469,49.38999938964844,37.733280181884766
2014-04-29,318600,49.349998474121094,49.689998626708984,49.349998474121094,49.45000076293945,37.77912521362305
2014-04-28,927800,49.650001525878906,49.900001525878906,49.2599983215332,49.59000015258789,37.88608169555664
2014-04-25,249700,49.349998474121094,49.5,49.150001525878906,49.22999954223633,37.61104965209961
2014-04-24,301500,49.7400016784668,49.7400016784668,49.470001220703125,49.529998779296875,37.840240478515625
2014-04-23,153700,49.52000045776367,49.66999816894531,49.40999984741211,49.61000061035156,37.9013557434082
2014-04-22,353200,49.9900016784668,50,49.790000915527344,49.880001068115234,38.107635498046875
2014-04-21,383700,49.689998626708984,49.95000076293945,49.5,49.599998474121094,37.893714904785156
2014-04-17,894700,49.529998779296875,49.709999084472656,49.5099983215332,49.650001525878906,37.93191909790039
2014-04-16,554400,49.34000015258789,49.59000015258789,49.27000045776367,49.540000915527344,37.84788131713867
2014-04-15,460900,49.060001373291016,49.16999816894531,48.720001220703125,49.11000061035156,37.51936340332031
2014-04-14,501500,49.31999969482422,49.619998931884766,49.25,49.45000076293945,37.77912521362305
2014-04-11,359300,49.22999954223633,49.63999938964844,49.22999954223633,49.36000061035156,37.71036148071289
2014-04-10,1350700,49.880001068115234,49.88999938964844,49.41999816894531,49.41999816894531,37.756195068359375
2014-04-09,511100,49.75,49.939998626708984,49.439998626708984,49.86000061035156,38.09235763549805
2014-04-08,670900,49,49.220001220703125,48.79999923706055,49.16999816894531,37.565208435058594
2014-04-07,2440700,48.650001525878906,48.650001525878906,48.36000061035156,48.43000030517578,36.99985885620117
2014-04-04,388200,48.75,49,48.40999984741211,48.45000076293945,37.015140533447266
2014-04-03,622900,48.52000045776367,48.560001373291016,48.290000915527344,48.400001525878906,36.976932525634766
2014-04-02,780500,48.38999938964844,48.56999969482422,48.34000015258789,48.52000045776367,37.0686149597168
2014-04-01,613600,48.279998779296875,48.400001525878906,48.20000076293945,48.38999938964844,36.96929931640625
2014-03-31,658800,47.849998474121094,48.15999984741211,47.849998474121094,48.09000015258789,36.74010467529297
2014-03-28,288700,47.58000183105469,47.880001068115234,47.58000183105469,47.79999923706055,36.5185432434082
2014-03-27,355900,47.290000915527344,47.560001373291016,47.220001220703125,47.470001220703125,36.26642990112305
2014-03-26,404600,47.560001373291016,47.65999984741211,47.2599983215332,47.27000045776367,36.1136360168457
2014-03-25,458700,46.93000030517578,47.2599983215332,46.54999923706055,47.15999984741211,36.02959442138672
2014-03-24,2309300,46.720001220703125,46.900001525878906,46.45000076293945,46.59000015258789,35.5941276550293
2014-03-21,293300,46.369998931884766,46.66999816894531,46.33000183105469,46.38999938964844,35.44132614135742
2014-03-20,885600,45.650001525878906,46.18000030517578,45.650001525878906,46.09000015258789,35.212135314941406
2014-03-19,671700,46.970001220703125,46.970001220703125,46.099998474121094,46.33000183105469,35.39548873901367
2014-03-18,330800,46.97999954223633,47.11000061035156,46.84000015258789,47.029998779296875,35.930267333984375
2014-03-17,1119700,46.59000015258789,46.84000015258789,46.59000015258789,46.7599983215332,35.7240104675293
2014-03-14,398000,46.279998779296875,46.439998626708984,46.130001068115234,46.20000076293945,35.29616928100586
2014-03-13,396400,47.040000915527344,47.11000061035156,46.29999923706055,46.45000076293945,35.48716354370117
2014-03-12,242900,46.4900016784668,46.779998779296875,46.369998931884766,46.7400016784668,35.70872116088867
2014-03-11,406900,47.290000915527344,47.41999816894531,46.720001220703125,46.790000915527344,35.746917724609375
2014-03-10,2187300,47.349998474121094,47.349998474121094,46.93000030517578,47.20000076293945,36.06015396118164
2014-03-07,495400,47.90999984741211,47.970001220703125,47.439998626708984,47.65999984741211,36.411582946777344
2014-03-06,295800,47.58000183105469,48.08000183105469,47.58000183105469,47.88999938964844,36.587310791015625
2014-03-05,700200,47.189998626708984,47.369998931884766,47.189998626708984,47.29999923706055,36.13655471801758
2014-03-04,167000,47.18000030517578,47.34000015258789,47.18000030517578,47.310001373291016,36.14419174194336
2014-03-03,1287300,46.63999938964844,46.779998779296875,46.459999084472656,46.599998474121094,35.60176086425781
2014-02-28,305200,46.9900016784668,47.18000030517578,46.79999923706055,46.95000076293945,35.869163513183594
2014-02-27,219600,46.88999938964844,47.18000030517578,46.86000061035156,47.15999984741211,36.02959442138672
2014-02-26,352000,46.959999084472656,47.06999969482422,46.720001220703125,46.88999938964844,35.82331848144531
2014-02-25,475000,47.279998779296875,47.279998779296875,46.90999984741211,46.93000030517578,35.8538703918457
2014-02-24,484500,47.20000076293945,47.59000015258789,47.189998626708984,47.310001373291016,36.14419174194336
2014-02-21,424900,46.970001220703125,47.04999923706055,46.81999969482422,46.90999984741211,35.838600158691406
2014-02-20,332500,46.68000030517578,47.119998931884766,46.63999938964844,47.04999923706055,35.945556640625
2014-02-19,1192500,46.869998931884766,47.029998779296875,46.61000061035156,46.630001068115234,35.62468338012695
2014-02-18,2238000,46.66999816894531,46.83000183105469,46.599998474121094,46.7400016784668,35.70872116088867
2014-02-14,321800,46.36000061035156,46.66999816894531,46.36000061035156,46.619998931884766,35.61703872680664
2014-02-13,279200,45.650001525878906,46.16999816894531,45.470001220703125,46.060001373291016,35.189208984375
2014-02-12,309900,46.099998474121094,46.290000915527344,45.97999954223633,46.06999969482422,35.19685363769531
2014-02-11,333600,45.45000076293945,45.91999816894531,45.33000183105469,45.83000183105469,35.01348876953125
2014-02-10,341100,44.720001220703125,44.810001373291016,44.689998626708984,44.7599983215332,34.19602966308594
2014-02-07,359800,44.65999984741211,44.939998626708984,44.59000015258789,44.91999816894531,34.318267822265625
2014-02-06,1735900,44.36000061035156,44.66999816894531,44.2400016784668,44.650001525878906,34.11198806762695
2014-02-05,2247100,43.709999084472656,43.75,43.349998474121094,43.650001525878906,33.347999572753906
2014-02-04,1128000,43.7400016784668,44.130001068115234,43.7400016784668,44.04999923706055,33.653594970703125
2014-02-03,5818700,43.939998626708984,44.11000061035156,43.08000183105469,43.119998931884766,32.94309616088867
2014-01-31,637200,43.5099983215332,44.060001373291016,43.5099983215332,43.869998931884766,33.51607894897461
2014-01-30,546800,44.2599983215332,44.34000015258789,44.150001525878906,44.29999923706055,33.8445930480957
2014-01-29,2017600,43.86000061035156,44.06999969482422,43.65999984741211,43.779998779296875,33.44731903076172
2014-01-28,672800,44.31999969482422,44.400001525878906,44.18000030517578,44.380001068115234,33.90571975708008
2014-01-27,1261700,44.119998931884766,44.25,43.7400016784668,44,33.61539840698242
2014-01-24,880600,44.470001220703125,44.470001220703125,43.90999984741211,43.90999984741211,33.54663848876953
2014-01-23,488500,45.369998931884766,45.5,44.68000030517578,44.86000061035156,34.272430419921875
2014-01-22,534700,46,46,45.72999954223633,45.849998474121094,35.028770446777344
2014-01-21,480300,46,46.040000915527344,45.630001068115234,45.810001373291016,34.99821472167969
2014-01-17,637100,46.029998779296875,46.029998779296875,45.66999816894531,45.709999084472656,34.92181396484375
2014-01-16,360200,45.7400016784668,45.810001373291016,45.619998931884766,45.720001220703125,34.9294548034668
2014-01-15,465700,45.79999923706055,45.93000030517578,45.720001220703125,45.810001373291016,34.99821472167969
2014-01-14,448800,45.81999969482422,45.970001220703125,45.68000030517578,45.88999938964844,35.05933380126953
2014-01-13,301200,46.36000061035156,46.52000045776367,46.029998779296875,46.099998474121094,35.219764709472656
2014-01-10,366400,46.279998779296875,46.59000015258789,46.119998931884766,46.540000915527344,35.55592727661133
2014-01-09,579500,46.220001220703125,46.220001220703125,45.93000030517578,46.08000183105469,35.20449447631836
2014-01-08,749800,46.220001220703125,46.36000061035156,46.04999923706055,46.150001525878906,35.257965087890625
2014-01-07,1406500,46.2599983215332,46.31999969482422,46.130001068115234,46.29999923706055,35.3725700378418
2014-01-06,3268800,46.27000045776367,46.36000061035156,46.189998626708984,46.20000076293945,35.29616928100586
2014-01-03,346800,46.720001220703125,46.720001220703125,46.400001525878906,46.41999816894531,35.464237213134766
2014-01-02,1005500,46.56999969482422,46.56999969482422,46.2400016784668,46.29999923706055,35.3725700378418
2013-12-31,381800,46.689998626708984,46.7599983215332,46.599998474121094,46.72999954223633,35.701080322265625
2013-12-30,411000,46.52000045776367,46.54999923706055,46.38999938964844,46.470001220703125,35.502437591552734
2013-12-27,596000,46.529998779296875,46.58000183105469,46.33000183105469,46.40999984741211,35.456607818603516
2013-12-26,174400,46.4900016784668,46.4900016784668,46.27000045776367,46.459999084472656,35.432159423828125
2013-12-24,278200,46.380001068115234,46.58000183105469,46.279998779296875,46.58000183105469,35.5236701965332
2013-12-23,518300,46.25,46.45000076293945,46.220001220703125,46.29999923706055,35.31013870239258
2013-12-20,689700,45.77000045776367,45.88999938964844,45.61000061035156,45.84000015258789,34.95931625366211
2013-12-19,806500,45.150001525878906,45.36000061035156,45.06999969482422,45.310001373291016,34.55512237548828
2013-12-18,2062700,44.95000076293945,45.43000030517578,44.40999984741211,45.150001525878906,34.43309783935547
2013-12-17,1978600,45.95000076293945,45.95000076293945,45.63999938964844,45.7599983215332,34.22489929199219
2013-12-16,1083200,46.130001068115234,46.34000015258789,46.11000061035156,46.119998931884766,34.49415588378906
2013-12-13,731100,45.70000076293945,45.91999816894531,45.65999984741211,45.83000183105469,34.277252197265625
2013-12-12,1601800,45.70000076293945,45.70000076293945,45.33000183105469,45.45000076293945,33.9930534362793
2013-12-11,541000,46.540000915527344,46.56999969482422,46,46,34.40440368652344
2013-12-10,352600,46.86000061035156,46.939998626708984,46.75,46.869998931884766,35.055091857910156
2013-12-09,435700,46.97999954223633,47,46.84000015258789,46.93000030517578,35.09996795654297
2013-12-06,634700,47.369998931884766,47.470001220703125,47.18000030517578,47.380001068115234,35.436546325683594
2013-12-05,660700,47.0099983215332,47.16999816894531,46.90999984741211,47.04999923706055,35.189720153808594
2013-12-04,376500,47.45000076293945,47.689998626708984,47.25,47.59000015258789,35.59359359741211
2013-12-03,939800,47.65999984741211,47.7599983215332,47.459999084472656,47.650001525878906,35.63848114013672
2013-12-02,728200,47.84000015258789,47.95000076293945,47.650001525878906,47.709999084472656,35.683345794677734
2013-11-29,627800,48.18000030517578,48.41999816894531,48.08000183105469,48.08000183105469,35.9600830078125
2013-11-27,594200,48.189998626708984,48.33000183105469,48.15999984741211,48.310001373291016,36.132102966308594
2013-11-26,485300,48.25,48.43000030517578,48.099998474121094,48.380001068115234,36.18445587158203
2013-11-25,268500,48.540000915527344,48.540000915527344,48.310001373291016,48.34000015258789,36.154544830322266
2013-11-22,970600,48.380001068115234,48.59000015258789,48.22999954223633,48.529998779296875,36.2966423034668
2013-11-21,839500,48.43000030517578,48.560001373291016,48.38999938964844,48.529998779296875,36.2966423034668
2013-11-20,419800,49.0099983215332,49.119998931884766,48.5099983215332,48.61000061035156,36.356483459472656
2013-11-19,523000,49.310001373291016,49.349998474121094,49.09000015258789,49.209999084472656,36.805233001708984
2013-11-18,391000,49.619998931884766,49.7599983215332,49.279998779296875,49.380001068115234,36.932376861572266
2013-11-15,792700,49.18000030517578,49.400001525878906,49.15999984741211,49.380001068115234,36.932376861572266
2013-11-14,764600,48.459999084472656,48.77000045776367,48.36000061035156,48.77000045776367,36.47614288330078
2013-11-13,454300,48.349998474121094,48.59000015258789,48.209999084472656,48.59000015258789,36.34151840209961
2013-11-12,597900,48.84000015258789,48.93000030517578,48.59000015258789,48.709999084472656,36.4312744140625
2013-11-11,221500,49.150001525878906,49.33000183105469,49.150001525878906,49.20000076293945,36.797752380371094
2013-11-08,1579300,49.31999969482422,49.59000015258789,49.220001220703125,49.529998779296875,37.04456329345703
2013-11-07,652800,49.959999084472656,49.970001220703125,49.310001373291016,49.34000015258789,36.9024543762207
2013-11-06,451700,50.02000045776367,50.11000061035156,49.900001525878906,50.029998779296875,37.41853332519531
2013-11-05,504000,49.70000076293945,49.83000183105469,49.560001373291016,49.720001220703125,37.18667221069336
2013-11-04,378300,49.63999938964844,49.90999984741211,49.63999938964844,49.900001525878906,37.3213005065918
2013-11-01,956100,49.630001068115234,49.810001373291016,49.4900016784668,49.7400016784668,37.201637268066406
2013-10-31,342000,49.97999954223633,50.04999923706055,49.720001220703125,49.720001220703125,37.18667221069336
2013-10-30,395400,50,50.13999938964844,49.4900016784668,49.75,37.2091064453125
2013-10-29,438800,49.86000061035156,49.939998626708984,49.79999923706055,49.84000015258789,37.27642059326172
2013-10-28,2834300,50.08000183105469,50.279998779296875,49.97999954223633,50.150001525878906,37.508277893066406
2013-10-25,478500,49.9900016784668,50.150001525878906,49.9900016784668,50.150001525878906,37.508277893066406
2013-10-24,342700,49.86000061035156,49.9900016784668,49.7599983215332,49.95000076293945,37.35869216918945
2013-10-23,635300,49.959999084472656,49.9900016784668,49.70000076293945,49.900001525878906,37.3213005065918
2013-10-22,446000,50.619998931884766,50.7599983215332,50.38999938964844,50.599998474121094,37.84484100341797
2013-10-21,271000,50.16999816894531,50.16999816894531,50.02000045776367,50.06999969482422,37.44845199584961
2013-10-18,418800,50.119998931884766,50.189998626708984,49.95000076293945,50.15999984741211,37.51575469970703
2013-10-17,494400,49.18000030517578,49.63999938964844,49.18000030517578,49.599998474121094,37.0969123840332
2013-10-16,533700,48.959999084472656,49.16999816894531,48.81999969482422,49.09000015258789,36.71548080444336
2013-10-15,534400,48.779998779296875,48.880001068115234,48.5099983215332,48.61000061035156,36.356483459472656
2013-10-14,304400,48.380001068115234,48.91999816894531,48.33000183105469,48.880001068115234,36.55842208862305
2013-10-11,270400,48.41999816894531,48.79999923706055,48.33000183105469,48.790000915527344,36.491111755371094
2013-10-10,678500,47.880001068115234,48.36000061035156,47.810001373291016,48.349998474121094,36.162017822265625
2013-10-09,750300,47.689998626708984,47.689998626708984,47.25,47.540000915527344,35.55620193481445
2013-10-08,355500,47.81999969482422,47.86000061035156,47.33000183105469,47.36000061035156,35.42158126831055
2013-10-07,753100,47.470001220703125,47.81999969482422,47.43000030517578,47.58000183105469,35.58612060546875
2013-10-04,2537800,48.029998779296875,48.400001525878906,48.029998779296875,48.290000915527344,36.11714172363281
2013-10-03,586500,48.15999984741211,48.2400016784668,47.720001220703125,47.939998626708984,35.855377197265625
2013-10-02,269700,47.81999969482422,48.13999938964844,47.650001525878906,48.119998931884766,35.989994049072266
2013-10-01,607700,47.83000183105469,48.11000061035156,47.720001220703125,48.11000061035156,35.98252868652344
2013-09-30,2089700,47.70000076293945,47.81999969482422,47.529998779296875,47.650001525878906,35.63848114013672
2013-09-27,443100,48.040000915527344,48.27000045776367,48.040000915527344,48.18000030517578,36.034873962402344
2013-09-26,453300,48.439998626708984,48.58000183105469,48.279998779296875,48.43000030517578,36.22185134887695
2013-09-25,860300,48.16999816894531,48.380001068115234,48.06999969482422,48.189998626708984,36.042354583740234
2013-09-24,641300,48.22999954223633,48.310001373291016,47.939998626708984,48.08000183105469,35.9600830078125
2013-09-23,686800,47.040000915527344,48.43000030517578,47.040000915527344,48.369998931884766,36.176979064941406
2013-09-20,643500,48.689998626708984,48.689998626708984,48.209999084472656,48.209999084472656,36.05731201171875
2013-09-19,1117500,49.2400016784668,49.2400016784668,48.709999084472656,48.790000915527344,36.491111755371094
2013-09-18,587800,47.75,49.20000076293945,47.75,49.16999816894531,36.77531433105469
2013-09-17,263100,47.77000045776367,47.91999816894531,47.77000045776367,47.900001525878906,35.82545852661133
2013-09-16,1249400,47.88999938964844,47.900001525878906,47.52000045776367,47.56999969482422,35.578636169433594
2013-09-13,997100,46.90999984741211,47.119998931884766,46.90999984741211,47.040000915527344,35.18224334716797
2013-09-12,911600,47.04999923706055,47.189998626708984,46.93000030517578,46.939998626708984,35.10744857788086
2013-09-11,1478100,47.040000915527344,47.439998626708984,47.040000915527344,47.439998626708984,35.48141098022461
2013-09-10,1363000,47.040000915527344,47.29999923706055,47.040000915527344,47.279998779296875,35.36174392700195
2013-09-09,3809900,46.11000061035156,46.810001373291016,46.11000061035156,46.810001373291016,35.01022720336914
2013-09-06,1429400,46.15999984741211,46.279998779296875,45.84000015258789,46.11000061035156,34.48667526245117
2013-09-05,472500,45.81999969482422,45.939998626708984,45.7400016784668,45.83000183105469,34.277252197265625
2013-09-04,671700,45.68000030517578,46.040000915527344,45.58000183105469,45.93000030517578,34.352046966552734
2013-09-03,2299700,45.709999084472656,45.720001220703125,45.31999969482422,45.439998626708984,33.985565185546875
2013-08-30,419600,44.47999954223633,44.529998779296875,44.220001220703125,44.29999923706055,33.132938385009766
2013-08-29,252000,44.220001220703125,44.5,44.15999984741211,44.189998626708984,33.050662994384766
2013-08-28,1371400,43.91999816894531,44.34000015258789,43.86000061035156,44.150001525878906,33.020748138427734
2013-08-27,2470800,44.43000030517578,44.54999923706055,44.15999984741211,44.220001220703125,33.07310104370117
2013-08-26,1735000,45.0099983215332,45.13999938964844,44.72999954223633,44.7400016784668,33.4620246887207
2013-08-23,177500,44.91999816894531,45.060001373291016,44.77000045776367,44.9900016784668,33.64900207519531
2013-08-22,526900,44.70000076293945,44.79999923706055,44.59000015258789,44.70000076293945,33.43210220336914
2013-08-21,497100,44.58000183105469,44.84000015258789,44.220001220703125,44.36000061035156,33.17781448364258
2013-08-20,555800,44.970001220703125,45.119998931884766,44.869998931884766,44.970001220703125,33.6340446472168
2013-08-19,391500,45.650001525878906,45.77000045776367,45.310001373291016,45.310001373291016,33.888336181640625
2013-08-16,385100,45.81999969482422,46,45.689998626708984,45.77000045776367,34.23237991333008
2013-08-15,668400,45.7400016784668,45.79999923706055,45.36000061035156,45.70000076293945,34.18001937866211
2013-08-14,607200,46.099998474121094,46.25,46.060001373291016,46.119998931884766,34.49415588378906
2013-08-13,358300,46.060001373291016,46.20000076293945,45.83000183105469,46.15999984741211,34.52407455444336
2013-08-12,1198700,45.650001525878906,45.91999816894531,45.650001525878906,45.81999969482422,34.269775390625
2013-08-09,326100,45.2400016784668,45.63999938964844,45.2400016784668,45.5,34.03044128417969
2013-08-08,532300,45.130001068115234,45.5099983215332,45.02000045776367,45.369998931884766,33.93320846557617
2013-08-07,667200,44.310001373291016,44.470001220703125,44.22999954223633,44.33000183105469,33.15537643432617
2013-08-06,1377800,44.900001525878906,45,44.720001220703125,44.93000030517578,33.6041259765625
2013-08-05,358400,44.90999984741211,45.040000915527344,44.84000015258789,45.040000915527344,33.686397552490234
2013-08-02,313300,44.95000076293945,45.220001220703125,44.90999984741211,45.18000030517578,33.79111099243164
2013-08-01,624000,44.869998931884766,45.099998474121094,44.83000183105469,44.95000076293945,33.619083404541016
2013-07-31,1295600,44.79999923706055,45,44.47999954223633,44.650001525878906,33.39470672607422
2013-07-30,696700,45.150001525878906,45.18000030517578,44.84000015258789,44.959999084472656,33.62656784057617
2013-07-29,2974000,45.40999984741211,45.47999954223633,45.29999923706055,45.43000030517578,33.97808074951172
2013-07-26,407200,45.529998779296875,45.720001220703125,45.20000076293945,45.709999084472656,34.1875
2013-07-25,1137800,45.11000061035156,45.5099983215332,44.9900016784668,45.470001220703125,34.00800704956055
2013-07-24,651200,45.5,45.529998779296875,44.97999954223633,45.11000061035156,33.73875045776367
2013-07-23,2299400,45.16999816894531,45.5099983215332,45.15999984741211,45.369998931884766,33.93320846557617
2013-07-22,2143600,44.900001525878906,45.18000030517578,44.84000015258789,45.08000183105469,33.7163200378418
2013-07-19,376400,44.599998474121094,44.689998626708984,44.58000183105469,44.650001525878906,33.39470672607422
2013-07-18,381100,44.65999984741211,44.79999923706055,44.59000015258789,44.720001220703125,33.44706344604492
2013-07-17,2076700,45.09000015258789,45.15999984741211,44.7400016784668,44.86000061035156,33.5517692565918
2013-07-16,420700,44.72999954223633,44.869998931884766,44.63999938964844,44.869998931884766,33.55924987792969
2013-07-15,647400,44.25,44.560001373291016,44.25,44.54999923706055,33.319915771484375
2013-07-12,391800,44.209999084472656,44.369998931884766,44.18000030517578,44.27000045776367,33.11049270629883
2013-07-11,1191900,44.900001525878906,44.959999084472656,44.540000915527344,44.91999816894531,33.596649169921875
2013-07-10,1646600,43.900001525878906,44.16999816894531,43.5099983215332,43.5099983215332,32.54207229614258
2013-07-09,3189500,43.630001068115234,43.90999984741211,43.34000015258789,43.83000183105469,32.781410217285156
2013-07-08,1983900,42.95000076293945,43.150001525878906,42.84000015258789,42.9900016784668,32.153160095214844
2013-07-05,734800,43.220001220703125,43.220001220703125,42.4900016784668,42.7599983215332,31.981138229370117
2013-07-03,974800,42.130001068115234,42.630001068115234,42.130001068115234,42.4900016784668,31.779199600219727
2013-07-02,562200,43.099998474121094,43.380001068115234,42.81999969482422,42.97999954223633,32.14567565917969
2013-07-01,1589100,42.779998779296875,43.11000061035156,42.7599983215332,42.880001068115234,32.070884704589844
2013-06-28,1115500,43.22999954223633,43.27000045776367,42.90999984741211,43.029998779296875,32.18307876586914
2013-06-27,2038600,43.619998931884766,43.880001068115234,43.58000183105469,43.63999938964844,32.63930892944336
2013-06-26,2635300,44.20000076293945,44.349998474121094,43.970001220703125,44.099998474121094,32.278804779052734
2013-06-25,1052900,43.45000076293945,43.7400016784668,43.15999984741211,43.63999938964844,31.942115783691406
2013-06-24,1488900,42.75,43.04999923706055,42.27000045776367,42.75,31.290681838989258
2013-06-21,1340700,43.470001220703125,43.77000045776367,42.7400016784668,43.2599983215332,31.663976669311523
2013-06-20,3057000,43.7599983215332,43.7599983215332,42.540000915527344,42.720001220703125,31.26873016357422
2013-06-19,1136400,45.91999816894531,46.0099983215332,44.7599983215332,44.7599983215332,32.76189422607422
2013-06-18,725300,45.65999984741211,46.040000915527344,45.599998474121094,45.90999984741211,33.60363006591797
2013-06-17,460000,45.88999938964844,46.08000183105469,45.66999816894531,45.939998626708984,33.62559127807617
2013-06-14,874000,45.400001525878906,45.630001068115234,45.13999938964844,45.16999816894531,33.061988830566406
2013-06-13,583200,44.709999084472656,45.5,44.68000030517578,45.38999938964844,33.2230224609375
2013-06-12,1532600,44.7400016784668,44.779998779296875,44.15999984741211,44.25,32.388607025146484
2013-06-11,1485400,44.02000045776367,44.540000915527344,44.02000045776367,44.349998474121094,32.461795806884766
2013-06-10,2825600,45.130001068115234,45.16999816894531,44.900001525878906,44.91999816894531,32.87900924682617
2013-06-07,747700,45.099998474121094,45.43000030517578,44.970001220703125,45.38999938964844,33.2230224609375
2013-06-06,2552600,45.08000183105469,45.650001525878906,44.93000030517578,45.650001525878906,33.413326263427734
2013-06-05,2964400,45.90999984741211,45.95000076293945,45.27000045776367,45.349998474121094,33.19374084472656
2013-06-04,1981900,46.900001525878906,47.04999923706055,46.470001220703125,46.72999954223633,34.203819274902344
2013-06-03,2186900,46.72999954223633,47.22999954223633,46.58000183105469,47.220001220703125,34.56248092651367
2013-05-31,1543400,46.81999969482422,46.900001525878906,46.290000915527344,46.349998474121094,33.92568588256836
2013-05-30,1052400,47.20000076293945,47.52000045776367,47.150001525878906,47.36000061035156,34.664955139160156
2013-05-29,794100,47.47999954223633,47.5,47.150001525878906,47.380001068115234,34.67959976196289
2013-05-28,3298400,48.220001220703125,48.220001220703125,47.65999984741211,47.72999954223633,34.935768127441406
2013-05-24,1503900,47.70000076293945,47.70000076293945,47.43000030517578,47.61000061035156,34.84793472290039
2013-05-23,1149400,48.47999954223633,48.970001220703125,48.34000015258789,48.84000015258789,35.74822998046875
2013-05-22,1324500,49.63999938964844,50.189998626708984,49.040000915527344,49.209999084472656,36.0190544128418
2013-05-21,837000,49.849998474121094,50.25,49.720001220703125,50,36.5972900390625
2013-05-20,443600,50.099998474121094,50.40999984741211,50.099998474121094,50.380001068115234,36.87542724609375
2013-05-17,712000,49.720001220703125,49.900001525878906,49.63999938964844,49.86000061035156,36.49481964111328
2013-05-16,1063600,50,50.2599983215332,49.779998779296875,49.849998474121094,36.48749923706055
2013-05-15,678800,50.40999984741211,50.40999984741211,50.189998626708984,50.36000061035156,36.86079025268555
2013-05-14,449200,50.439998626708984,50.720001220703125,50.439998626708984,50.61000061035156,37.04377746582031
2013-05-13,616300,50.689998626708984,50.709999084472656,50.5,50.560001373291016,37.00717544555664
2013-05-10,716500,50.619998931884766,50.849998474121094,50.540000915527344,50.81999969482422,37.19748306274414
2013-05-09,598200,51.369998931884766,51.369998931884766,50.70000076293945,50.88999938964844,37.24872589111328
2013-05-08,637100,51.18000030517578,51.400001525878906,51.16999816894531,51.400001525878906,37.62201690673828
2013-05-07,978500,51.0099983215332,51.04999923706055,50.779998779296875,51.029998779296875,37.351192474365234
2013-05-06,320900,51.119998931884766,51.290000915527344,51.040000915527344,51.22999954223633,37.497581481933594
2013-05-03,532300,51.09000015258789,51.529998779296875,51.09000015258789,51.47999954223633,37.680564880371094
2013-05-02,460300,50.7400016784668,51.04999923706055,50.7400016784668,51.029998779296875,37.351192474365234
2013-05-01,1176400,51.189998626708984,51.310001373291016,50.7599983215332,50.83000183105469,37.20480728149414
2013-04-30,651400,51.43000030517578,51.650001525878906,51.18000030517578,51.599998474121094,37.76839828491211
2013-04-29,480600,50.91999816894531,51.369998931884766,50.91999816894531,51.2599983215332,37.51953887939453
2013-04-26,1325000,50.66999816894531,50.66999816894531,50.43000030517578,50.54999923706055,36.99986267089844
2013-04-25,758900,50.7599983215332,50.97999954223633,50.689998626708984,50.7400016784668,37.13893508911133
2013-04-24,815100,50.220001220703125,50.560001373291016,50.189998626708984,50.43000030517578,36.91203308105469
2013-04-23,2368800,49.54999923706055,49.849998474121094,49.38999938964844,49.81999969482422,36.465538024902344
2013-04-22,818200,49.06999969482422,49.349998474121094,48.849998474121094,49.33000183105469,36.10689163208008
2013-04-19,547900,48.959999084472656,49.13999938964844,48.880001068115234,49.029998779296875,35.887298583984375
2013-04-18,675600,49.119998931884766,49.119998931884766,48.56999969482422,48.7400016784668,35.67504119873047
2013-04-17,835400,49.310001373291016,49.310001373291016,48.70000076293945,48.970001220703125,35.84339141845703
2013-04-16,798400,49.29999923706055,49.540000915527344,49.099998474121094,49.5099983215332,36.2386360168457
2013-04-15,813400,49.29999923706055,49.400001525878906,48.4900016784668,48.4900016784668,35.49205017089844
2013-04-12,547200,50.16999816894531,50.2400016784668,49.79999923706055,50.13999938964844,36.699764251708984
2013-04-11,1191600,50.349998474121094,50.560001373291016,50.2599983215332,50.33000183105469,36.838829040527344
2013-04-10,731100,49.81999969482422,50.220001220703125,49.81999969482422,50.06999969482422,36.64852523803711
2013-04-09,726900,49.439998626708984,49.86000061035156,49.310001373291016,49.65999984741211,36.34842300415039
2013-04-08,992100,48.86000061035156,48.9900016784668,48.630001068115234,48.9900016784668,35.8580322265625
2013-04-05,1298900,48.36000061035156,48.779998779296875,48.2599983215332,48.709999084472656,35.653079986572266
2013-04-04,849300,49.25,49.38999938964844,49.029998779296875,49.349998474121094,36.12152099609375
2013-04-03,1203400,49.790000915527344,49.869998931884766,49.2400016784668,49.310001373291016,36.092247009277344
2013-04-02,1012600,49.939998626708984,50.04999923706055,49.790000915527344,49.849998474121094,36.48749923706055
2013-04-01,1306800,49.650001525878906,49.790000915527344,49.40999984741211,49.52000045776367,36.24595260620117
2013-03-28,1052200,49.59000015258789,49.849998474121094,49.56999969482422,49.70000076293945,36.37770462036133
2013-03-27,644500,49.45000076293945,49.790000915527344,49.439998626708984,49.77000045776367,36.42894744873047
2013-03-26,471200,49.540000915527344,49.689998626708984,49.45000076293945,49.650001525878906,36.34111022949219
2013-03-25,475100,49.63999938964844,49.689998626708984,49.099998474121094,49.290000915527344,36.077606201171875
2013-03-22,577600,49.209999084472656,49.560001373291016,49.209999084472656,49.560001373291016,36.27523422241211
2013-03-21,946700,49.08000183105469,49.22999954223633,48.91999816894531,49.029998779296875,35.887298583984375
2013-03-20,1942500,49.2400016784668,49.290000915527344,49.119998931884766,49.220001220703125,36.0263671875
2013-03-19,1344200,49.29999923706055,49.310001373291016,48.77000045776367,48.97999954223633,35.850704193115234
2013-03-18,1847900,49.4900016784668,49.849998474121094,49.459999084472656,49.58000183105469,36.28987121582031
2013-03-15,524100,50.279998779296875,50.279998779296875,50,50.209999084472656,36.750999450683594
2013-03-14,1843000,49.790000915527344,50,49.790000915527344,49.88999938964844,36.51677703857422
2013-03-13,609500,50.099998474121094,50.130001068115234,49.90999984741211,49.970001220703125,36.57533645629883
2013-03-12,1277100,50.5099983215332,50.540000915527344,50.2599983215332,50.400001525878906,36.89006423950195
2013-03-11,528100,50.29999923706055,50.56999969482422,50.27000045776367,50.540000915527344,36.99253845214844
2013-03-08,582800,50.369998931884766,50.40999984741211,50.18000030517578,50.34000015258789,36.846153259277344
2013-03-07,608900,50.220001220703125,50.38999938964844,50.13999938964844,50.29999923706055,36.816871643066406
2013-03-06,1256300,50.18000030517578,50.29999923706055,49.95000076293945,50.099998474121094,36.67048263549805
2013-03-05,1703300,49.63999938964844,49.95000076293945,49.63999938964844,49.90999984741211,36.53141403198242
2013-03-04,845600,49.13999938964844,49.36000061035156,49.029998779296875,49.31999969482422,36.09955978393555
2013-03-01,877800,49.59000015258789,49.77000045776367,49.40999984741211,49.63999938964844,36.33378601074219
2013-02-28,838100,49.84000015258789,49.970001220703125,49.630001068115234,49.65999984741211,36.34842300415039
2013-02-27,888800,49.119998931884766,49.72999954223633,49.02000045776367,49.65999984741211,36.34842300415039
2013-02-26,1000200,48.93000030517578,49.119998931884766,48.68000030517578,49.0099983215332,35.87266159057617
2013-02-25,656900,49.7599983215332,49.84000015258789,48.900001525878906,48.900001525878906,35.79214859008789
2013-02-22,1559900,49.380001068115234,49.470001220703125,49.130001068115234,49.470001220703125,36.20935821533203
2013-02-21,2581200,49.0099983215332,49.060001373291016,48.709999084472656,48.86000061035156,35.762874603271484
2013-02-20,416400,50.099998474121094,50.119998931884766,49.54999923706055,49.56999969482422,36.28255081176758
2013-02-19,898400,49.91999816894531,50.2599983215332,49.91999816894531,50.209999084472656,36.750999450683594
2013-02-15,610200,49.70000076293945,49.70000076293945,49.38999938964844,49.470001220703125,36.20935821533203
2013-02-14,518300,49.38999938964844,49.599998474121094,49.38999938964844,49.599998474121094,36.30450439453125
2013-02-13,368000,49.36000061035156,49.459999084472656,49.2400016784668,49.33000183105469,36.10689163208008
2013-02-12,548000,48.75,49.060001373291016,48.75,48.95000076293945,35.82874298095703
2013-02-11,456700,48.84000015258789,48.93000030517578,48.709999084472656,48.880001068115234,35.77751159667969
2013-02-08,430300,48.72999954223633,48.9900016784668,48.72999954223633,48.95000076293945,35.82874298095703
2013-02-07,2004500,48.72999954223633,48.7400016784668,48.150001525878906,48.310001373291016,35.36030197143555
2013-02-06,1528000,48.470001220703125,48.68000030517578,48.31999969482422,48.650001525878906,35.60915756225586
2013-02-05,1105600,48.47999954223633,48.7400016784668,48.459999084472656,48.56999969482422,35.55060577392578
2013-02-04,606100,48.79999923706055,48.81999969482422,48.459999084472656,48.4900016784668,35.49205017089844
2013-02-01,523800,49.130001068115234,49.189998626708984,48.970001220703125,49.08000183105469,35.92389678955078
2013-01-31,680900,48.86000061035156,48.91999816894531,48.72999954223633,48.790000915527344,35.711639404296875
2013-01-30,660700,48.900001525878906,49.09000015258789,48.83000183105469,48.880001068115234,35.77751159667969
2013-01-29,1432900,48.65999984741211,49.040000915527344,48.65999984741211,48.9900016784668,35.8580322265625
2013-01-28,871600,48.619998931884766,48.619998931884766,48.40999984741211,48.54999923706055,35.53596878051758
2013-01-25,551400,48.75,48.75,48.5,48.70000076293945,35.645755767822266
2013-01-24,521100,48.5099983215332,48.72999954223633,48.459999084472656,48.52000045776367,35.514007568359375
2013-01-23,669100,48.529998779296875,48.529998779296875,48.369998931884766,48.470001220703125,35.4774169921875
2013-01-22,347400,48.380001068115234,48.470001220703125,48.25,48.470001220703125,35.4774169921875
2013-01-18,487700,48.20000076293945,48.310001373291016,48.040000915527344,48.25,35.31638717651367
2013-01-17,413900,48.36000061035156,48.47999954223633,48.220001220703125,48.310001373291016,35.36030197143555
2013-01-16,556800,47.95000076293945,48.150001525878906,47.86000061035156,48.09000015258789,35.19927215576172
2013-01-15,378300,47.68000030517578,47.849998474121094,47.61000061035156,47.79999923706055,34.98701095581055
2013-01-14,709200,47.61000061035156,47.81999969482422,47.599998474121094,47.790000915527344,34.97969055175781
2013-01-11,423600,47.83000183105469,47.83000183105469,47.68000030517578,47.75,34.95041275024414
2013-01-10,1278400,48.119998931884766,48.189998626708984,47.900001525878906,48.150001525878906,35.24319076538086
2013-01-09,587600,47.599998474121094,47.790000915527344,47.599998474121094,47.650001525878906,34.87722396850586
2013-01-08,1556900,47.38999938964844,47.38999938964844,47.11000061035156,47.310001373291016,34.628360748291016
2013-01-07,2734000,47.40999984741211,47.58000183105469,47.400001525878906,47.54999923706055,34.80402374267578
2013-01-04,328400,47.56999969482422,47.810001373291016,47.43000030517578,47.7599983215332,34.957733154296875
2013-01-03,572000,47.86000061035156,47.86000061035156,47.47999954223633,47.52000045776367,34.78206253051758
2013-01-02,1077400,47.689998626708984,47.93000030517578,47.529998779296875,47.93000030517578,35.08216094970703
2012-12-31,1421800,46.439998626708984,47.15999984741211,46.369998931884766,47.13999938964844,34.50392150878906
2012-12-28,1656400,46.5,46.650001525878906,46.380001068115234,46.400001525878906,33.96228790283203
2012-12-27,1011200,46.68000030517578,46.68000030517578,46.290000915527344,46.529998779296875,34.057430267333984
2012-12-26,482000,46.29999923706055,46.529998779296875,46.20000076293945,46.34000015258789,33.91836166381836
2012-12-24,861100,46.52000045776367,46.52000045776367,46.290000915527344,46.34000015258789,33.91836166381836
2012-12-21,974600,46.400001525878906,46.599998474121094,46.29999923706055,46.439998626708984,33.99155807495117
2012-12-20,1252000,46.77000045776367,46.90999984741211,46.61000061035156,46.869998931884766,34.30629348754883
2012-12-19,1640800,46.720001220703125,46.779998779296875,46.52000045776367,46.52000045776367,34.05012130737305
2012-12-18,2315000,46.540000915527344,46.84000015258789,46.400001525878906,46.720001220703125,34.19651412963867
2012-12-17,2539700,47.459999084472656,47.70000076293945,47.400001525878906,47.70000076293945,34.104286193847656
2012-12-14,536800,47.4900016784668,47.689998626708984,47.439998626708984,47.5099983215332,33.968441009521484
2012-12-13,1043300,47.5099983215332,47.650001525878906,47.2599983215332,47.400001525878906,33.88978958129883
2012-12-12,638400,47.650001525878906,47.880001068115234,47.56999969482422,47.599998474121094,34.03278732299805
2012-12-11,647700,47.38999938964844,47.66999816894531,47.380001068115234,47.4900016784668,33.95413589477539
2012-12-10,1083700,47.189998626708984,47.33000183105469,47.099998474121094,47.279998779296875,33.803993225097656
2012-12-07,726100,47.150001525878906,47.209999084472656,47,47.20000076293945,33.74680709838867
2012-12-06,1802600,46.68000030517578,46.900001525878906,46.650001525878906,46.849998474121094,33.49655532836914
2012-12-05,2959400,46.63999938964844,46.959999084472656,46.5,46.650001525878906,33.353553771972656
2012-12-04,903700,46.52000045776367,46.630001068115234,46.400001525878906,46.43000030517578,33.19626998901367
2012-12-03,3317300,46.599998474121094,46.7400016784668,46.400001525878906,46.45000076293945,33.2105712890625
2012-11-30,890900,46.52000045776367,46.599998474121094,46.41999816894531,46.5,33.24631881713867
2012-11-29,1005100,46.540000915527344,46.540000915527344,46.209999084472656,46.369998931884766,33.15336227416992
2012-11-28,584800,45.65999984741211,46.18000030517578,45.56999969482422,46.18000030517578,33.01752471923828
2012-11-27,1159100,45.93000030517578,46.06999969482422,45.75,45.790000915527344,32.73868179321289
2012-11-26,723800,45.630001068115234,45.83000183105469,45.540000915527344,45.79999923706055,32.74583053588867
2012-11-23,352600,45.4900016784668,45.93000030517578,45.470001220703125,45.93000030517578,32.838775634765625
2012-11-21,815200,44.95000076293945,45.08000183105469,44.84000015258789,45.029998779296875,32.19529724121094
2012-11-20,600600,44.810001373291016,44.97999954223633,44.650001525878906,44.970001220703125,32.152400970458984
2012-11-19,698900,44.86000061035156,45.150001525878906,44.790000915527344,45.130001068115234,32.26680374145508
2012-11-16,968600,44.290000915527344,44.45000076293945,43.86000061035156,44.380001068115234,31.73057746887207
2012-11-15,1095200,44.31999969482422,44.45000076293945,44.09000015258789,44.279998779296875,31.659067153930664
2012-11-14,1070300,45.029998779296875,45.13999938964844,44.36000061035156,44.45000076293945,31.780620574951172
2012-11-13,1177300,44.97999954223633,45.38999938964844,44.900001525878906,45.09000015258789,32.238197326660156
2012-11-12,609700,45.65999984741211,45.7400016784668,45.52000045776367,45.599998474121094,32.60282897949219
2012-11-09,1302200,45.220001220703125,45.709999084472656,45.220001220703125,45.439998626708984,32.488441467285156
2012-11-08,861700,45.599998474121094,45.84000015258789,45.27000045776367,45.27000045776367,32.36689376831055
2012-11-07,1102100,45.869998931884766,45.93000030517578,45.369998931884766,45.56999969482422,32.58138656616211
2012-11-06,2435000,45.93000030517578,46.310001373291016,45.880001068115234,46.25,33.06757354736328
2012-11-05,633600,45.540000915527344,45.720001220703125,45.41999816894531,45.689998626708984,32.66718673706055
2012-11-02,1141000,45.91999816894531,45.939998626708984,45.209999084472656,45.2599983215332,32.35974884033203
2012-11-01,1317500,45.58000183105469,45.900001525878906,45.529998779296875,45.880001068115234,32.80303192138672
2012-10-31,2826600,45.619998931884766,45.75,45.40999984741211,45.70000076293945,32.67433166503906
2012-10-26,498200,45.63999938964844,45.72999954223633,45.36000061035156,45.540000915527344,32.5599365234375
2012-10-25,575400,45.970001220703125,46.06999969482422,45.59000015258789,45.849998474121094,32.781578063964844
2012-10-24,488700,45.650001525878906,45.709999084472656,45.43000030517578,45.5099983215332,32.538490295410156
2012-10-23,570400,45.22999954223633,45.25,44.79999923706055,45.029998779296875,32.19529724121094
2012-10-22,842800,45.709999084472656,45.790000915527344,45.31999969482422,45.66999816894531,32.65288162231445
2012-10-19,481700,45.93000030517578,45.93000030517578,45.310001373291016,45.36000061035156,32.431243896484375
2012-10-18,1031700,46.0099983215332,46.27000045776367,45.790000915527344,45.97999954223633,32.87453079223633
2012-10-17,1218500,45.880001068115234,46.20000076293945,45.7599983215332,46.150001525878906,32.996070861816406
2012-10-16,443000,45.34000015258789,45.61000061035156,45.310001373291016,45.540000915527344,32.5599365234375
2012-10-15,400100,45.06999969482422,45.279998779296875,44.849998474121094,45.15999984741211,32.288246154785156
2012-10-12,347700,44.86000061035156,45.060001373291016,44.66999816894531,44.7599983215332,32.002254486083984
2012-10-11,595000,45.119998931884766,45.20000076293945,44.88999938964844,44.91999816894531,32.116661071777344
2012-10-10,562500,44.939998626708984,45,44.59000015258789,44.68000030517578,31.945064544677734
2012-10-09,346800,45.06999969482422,45.150001525878906,44.66999816894531,44.72999954223633,31.980802536010742
2012-10-08,405100,44.83000183105469,44.97999954223633,44.7599983215332,44.880001068115234,32.08805847167969
2012-10-05,445700,45.400001525878906,45.52000045776367,44.86000061035156,45,32.173851013183594
2012-10-04,761600,44.849998474121094,45.150001525878906,44.790000915527344,45.08000183105469,32.231056213378906
2012-10-03,927200,44.939998626708984,44.959999084472656,44.61000061035156,44.77000045776367,32.0094108581543
2012-10-02,567100,45.13999938964844,45.220001220703125,44.7599983215332,44.91999816894531,32.116661071777344
2012-10-01,1295400,44.95000076293945,45.33000183105469,44.849998474121094,45,32.173851013183594
2012-09-28,491300,44.68000030517578,44.779998779296875,44.470001220703125,44.59000015258789,31.880718231201172
2012-09-27,319200,44.72999954223633,45.08000183105469,44.59000015258789,44.95000076293945,32.13810348510742
2012-09-26,441500,44.189998626708984,44.279998779296875,44,44.130001068115234,31.55182456970215
2012-09-25,831300,44.97999954223633,45.02000045776367,44.22999954223633,44.2400016784668,31.630468368530273
2012-09-24,465000,44.63999938964844,44.970001220703125,44.630001068115234,44.880001068115234,32.08805847167969
2012-09-21,303300,45.38999938964844,45.38999938964844,45.029998779296875,45.08000183105469,32.231056213378906
2012-09-20,307700,44.720001220703125,45.11000061035156,44.619998931884766,45.04999923706055,32.209590911865234
2012-09-19,341700,45.209999084472656,45.45000076293945,45.11000061035156,45.36000061035156,32.431243896484375
2012-09-18,849800,45.029998779296875,45.130001068115234,44.900001525878906,45.060001373291016,32.21675491333008
2012-09-17,866100,45.31999969482422,45.439998626708984,45,45.130001068115234,32.26680374145508
2012-09-14,609000,45.380001068115234,45.880001068115234,45.380001068115234,45.5,32.531341552734375
2012-09-13,657200,44.29999923706055,45.36000061035156,44.20000076293945,45.16999816894531,32.29539489746094
2012-09-12,807700,44.4900016784668,44.52000045776367,44.2599983215332,44.43000030517578,31.766313552856445
2012-09-11,661300,43.959999084472656,44.310001373291016,43.95000076293945,44.189998626708984,31.594724655151367
2012-09-10,1435900,43.72999954223633,43.91999816894531,43.54999923706055,43.58000183105469,31.158592224121094
2012-09-07,695800,43.72999954223633,44.02000045776367,43.72999954223633,44.02000045776367,31.47317886352539
2012-09-06,1666600,42.7400016784668,43.540000915527344,42.7400016784668,43.470001220703125,31.079940795898438
2012-09-05,327100,42.61000061035156,42.650001525878906,42.41999816894531,42.540000915527344,30.415008544921875
2012-09-04,1271700,42.880001068115234,42.970001220703125,42.58000183105469,42.68000030517578,30.515111923217773
2012-08-31,596200,43.2599983215332,43.52000045776367,42.959999084472656,43.380001068115234,31.015594482421875
2012-08-30,660700,43.099998474121094,43.16999816894531,42.720001220703125,42.7599983215332,30.572307586669922
2012-08-29,190400,43.65999984741211,43.720001220703125,43.5099983215332,43.560001373291016,31.144289016723633
2012-08-28,232800,43.56999969482422,43.70000076293945,43.43000030517578,43.630001068115234,31.194334030151367
2012-08-27,327900,43.689998626708984,43.70000076293945,43.45000076293945,43.459999084472656,31.072797775268555
2012-08-24,377500,43.56999969482422,43.880001068115234,43.40999984741211,43.79999923706055,31.315876007080078
2012-08-23,484400,43.9900016784668,44.040000915527344,43.689998626708984,43.7400016784668,31.272985458374023
2012-08-22,318400,43.81999969482422,44.220001220703125,43.709999084472656,44.13999938964844,31.558975219726562
2012-08-21,554300,44.45000076293945,44.529998779296875,44.04999923706055,44.13999938964844,31.558975219726562
2012-08-20,222300,43.849998474121094,44.0099983215332,43.77000045776367,43.95000076293945,31.423126220703125
2012-08-17,628200,43.790000915527344,43.810001373291016,43.61000061035156,43.72999954223633,31.265827178955078
2012-08-16,429700,43.560001373291016,43.900001525878906,43.439998626708984,43.83000183105469,31.337329864501953
2012-08-15,1047100,43.27000045776367,43.47999954223633,43.220001220703125,43.369998931884766,31.008434295654297
2012-08-14,617500,43.52000045776367,43.630001068115234,43.349998474121094,43.47999954223633,31.08709144592285
2012-08-13,442200,43.52000045776367,43.599998474121094,43.290000915527344,43.470001220703125,31.079940795898438
2012-08-10,346800,43.380001068115234,43.75,43.33000183105469,43.709999084472656,31.25153160095215
2012-08-09,393400,43.7400016784668,44.0099983215332,43.72999954223633,43.88999938964844,31.380231857299805
2012-08-08,223100,43.61000061035156,43.939998626708984,43.61000061035156,43.810001373291016,31.323030471801758
2012-08-07,559800,43.65999984741211,43.90999984741211,43.619998931884766,43.689998626708984,31.23723030090332
2012-08-06,972100,43.41999816894531,43.689998626708984,43.380001068115234,43.41999816894531,31.044189453125
2012-08-03,435600,43.279998779296875,43.52000045776367,43.15999984741211,43.47999954223633,31.08709144592285
2012-08-02,342600,42.52000045776367,42.939998626708984,42.27000045776367,42.52000045776367,30.400718688964844
2012-08-01,751000,43.150001525878906,43.18000030517578,42.709999084472656,42.7400016784668,30.558006286621094
2012-07-31,447400,42.91999816894531,43.099998474121094,42.79999923706055,42.81999969482422,30.615205764770508
2012-07-30,365700,42.849998474121094,43,42.75,42.880001068115234,30.658103942871094
2012-07-27,393100,42.189998626708984,42.900001525878906,42.16999816894531,42.779998779296875,30.586605072021484
2012-07-26,659800,41.810001373291016,42,41.68000030517578,41.900001525878906,29.957433700561523
2012-07-25,285500,41.2599983215332,41.34000015258789,40.880001068115234,41.16999816894531,29.435504913330078
2012-07-24,373400,41.150001525878906,41.18000030517578,40.52000045776367,40.849998474121094,29.206708908081055
2012-07-23,304600,40.7400016784668,41.06999969482422,40.56999969482422,40.939998626708984,29.271053314208984
2012-07-20,405700,41.939998626708984,42,41.68000030517578,41.72999954223633,29.835886001586914
2012-07-19,406000,42.209999084472656,42.33000183105469,42.0099983215332,42.220001220703125,30.18622589111328
2012-07-18,1075100,41.2400016784668,41.790000915527344,41.2400016784668,41.709999084472656,29.82158660888672
2012-07-17,1255400,41.279998779296875,41.59000015258789,40.88999938964844,41.470001220703125,29.649993896484375
2012-07-16,259500,40.77000045776367,40.97999954223633,40.650001525878906,40.880001068115234,29.22815704345703
2012-07-13,232400,40.36000061035156,40.97999954223633,40.36000061035156,40.869998931884766,29.221012115478516
2012-07-12,265000,40.189998626708984,40.43000030517578,39.939998626708984,40.25,28.777727127075195
2012-07-11,285600,40.79999923706055,40.970001220703125,40.58000183105469,40.849998474121094,29.206708908081055
2012-07-10,286200,40.95000076293945,40.9900016784668,40.2400016784668,40.36000061035156,28.856367111206055
2012-07-09,239900,40.720001220703125,40.81999969482422,40.529998779296875,40.779998779296875,29.156658172607422
2012-07-06,593800,40.959999084472656,41.06999969482422,40.72999954223633,40.9900016784668,29.306806564331055
2012-07-05,284800,41.36000061035156,41.47999954223633,41.13999938964844,41.36000061035156,29.57134437561035
2012-07-03,293200,40.959999084472656,41.38999938964844,40.939998626708984,41.38999938964844,29.592796325683594
2012-07-02,581100,40.88999938964844,41.02000045776367,40.68000030517578,40.9900016784668,29.306806564331055
2012-06-29,401500,40.599998474121094,40.75,40.470001220703125,40.75,29.13521385192871
2012-06-28,352100,39.189998626708984,39.41999816894531,38.91999816894531,39.369998931884766,28.148542404174805
2012-06-27,238600,39.47999954223633,39.70000076293945,39.41999816894531,39.630001068115234,28.334440231323242
2012-06-26,390600,39.040000915527344,39.27000045776367,38.7400016784668,39.130001068115234,27.976953506469727
2012-06-25,543800,38.790000915527344,38.849998474121094,38.459999084472656,38.650001525878906,27.63376808166504
2012-06-22,208000,39.29999923706055,39.439998626708984,39.06999969482422,39.380001068115234,28.155696868896484
2012-06-21,465500,40.099998474121094,40.150001525878906,39.0099983215332,39.0099983215332,27.891149520874023
2012-06-20,540600,41.369998931884766,41.630001068115234,41.029998779296875,41.279998779296875,28.887828826904297
2012-06-19,331800,41.2599983215332,41.630001068115234,41.25,41.38999938964844,28.964805603027344
2012-06-18,496100,40.40999984741211,40.900001525878906,40.349998474121094,40.790000915527344,28.544921875
2012-06-15,449600,40.08000183105469,40.40999984741211,39.95000076293945,40.349998474121094,28.237010955810547
2012-06-14,311900,39.54999923706055,39.93000030517578,39.36000061035156,39.790000915527344,27.84512710571289
2012-06-13,294100,39.75,40.029998779296875,39.5099983215332,39.63999938964844,27.74015235900879
2012-06-12,549400,39.79999923706055,40.040000915527344,39.529998779296875,40.040000915527344,28.020076751708984
2012-06-11,938200,40.04999923706055,40.119998931884766,39.27000045776367,39.290000915527344,27.495229721069336
2012-06-08,467300,39.22999954223633,39.75,39.06999969482422,39.70000076293945,27.782140731811523
2012-06-07,623400,40.560001373291016,40.619998931884766,39.849998474121094,39.95000076293945,27.95709228515625
2012-06-06,902500,39.27000045776367,39.93000030517578,39.27000045776367,39.93000030517578,27.943098068237305
2012-06-05,607700,38.380001068115234,38.779998779296875,38.369998931884766,38.779998779296875,27.138324737548828
2012-06-04,727300,38.33000183105469,38.47999954223633,38.02000045776367,38.33000183105469,26.823415756225586
2012-06-01,852100,38.33000183105469,38.560001373291016,38.08000183105469,38.08000183105469,26.648462295532227
2012-05-31,886000,38.880001068115234,39.130001068115234,38.459999084472656,38.90999984741211,27.229297637939453
2012-05-30,440700,38.97999954223633,38.97999954223633,38.63999938964844,38.689998626708984,27.075345993041992
2012-05-29,702000,39.4900016784668,39.77000045776367,39.279998779296875,39.66999816894531,27.761146545410156
2012-05-25,648600,38.75,38.810001373291016,38.45000076293945,38.52000045776367,26.95637321472168
2012-05-24,587000,39.18000030517578,39.209999084472656,38.61000061035156,38.97999954223633,27.278287887573242
2012-05-23,508000,38.93000030517578,39.16999816894531,38.459999084472656,39.13999938964844,27.3902587890625
2012-05-22,851000,39.93000030517578,40.119998931884766,39.34000015258789,39.599998474121094,27.7121639251709
2012-05-21,417000,39.18000030517578,39.939998626708984,39.16999816894531,39.880001068115234,27.908103942871094
2012-05-18,554700,39.47999954223633,39.540000915527344,38.90999984741211,38.959999084472656,27.2642879486084
2012-05-17,650100,40.060001373291016,40.08000183105469,39.43000030517578,39.43000030517578,27.593198776245117
2012-05-16,714900,40.619998931884766,40.83000183105469,40.13999938964844,40.13999938964844,28.090049743652344
2012-05-15,384100,41.31999969482422,41.45000076293945,40.900001525878906,40.970001220703125,28.6708984375
2012-05-14,430200,41.36000061035156,41.56999969482422,41.2400016784668,41.29999923706055,28.901823043823242
2012-05-11,267000,41.79999923706055,42.2400016784668,41.72999954223633,41.810001373291016,29.25873374938965
2012-05-10,543100,42.540000915527344,42.540000915527344,42.15999984741211,42.22999954223633,29.552642822265625
2012-05-09,1597500,41.7400016784668,42.130001068115234,41.4900016784668,41.869998931884766,29.30071258544922
2012-05-08,491900,42.380001068115234,42.439998626708984,41.86000061035156,42.27000045776367,29.580631256103516
2012-05-07,662600,42.84000015258789,43.06999969482422,42.79999923706055,42.93000030517578,30.04250144958496
2012-05-04,2388500,43.4900016784668,43.5099983215332,43.04999923706055,43.099998474121094,30.16147232055664
2012-05-03,307100,44.20000076293945,44.22999954223633,43.79999923706055,43.900001525878906,30.7213191986084
2012-05-02,1291500,44.09000015258789,44.31999969482422,43.90999984741211,44.29999923706055,31.001235961914062
2012-05-01,480500,44.04999923706055,44.540000915527344,44,44.310001373291016,31.008228302001953
2012-04-30,297000,44.11000061035156,44.11000061035156,43.90999984741211,44.099998474121094,30.86127281188965
2012-04-27,312500,44.220001220703125,44.33000183105469,43.95000076293945,44.25,30.96624183654785
2012-04-26,289700,43.7599983215332,44.18000030517578,43.66999816894531,44.119998931884766,30.87527084350586
2012-04-25,360900,43.79999923706055,43.959999084472656,43.68000030517578,43.95000076293945,30.75629997253418
2012-04-24,536700,43.279998779296875,43.54999923706055,43.22999954223633,43.380001068115234,30.357410430908203
2012-04-23,445200,42.9900016784668,43.130001068115234,42.77000045776367,43.060001373291016,30.133474349975586
2012-04-20,424400,43.75,43.95000076293945,43.70000076293945,43.7400016784668,30.609342575073242
2012-04-19,468100,43.56999969482422,43.84000015258789,43.2599983215332,43.52000045776367,30.455381393432617
2012-04-18,776000,43.439998626708984,43.70000076293945,43.400001525878906,43.47999954223633,30.427391052246094
2012-04-17,721200,43.38999938964844,43.7400016784668,43.20000076293945,43.59000015258789,30.504369735717773
2012-04-16,295500,43.369998931884766,43.439998626708984,42.88999938964844,43.06999969482422,30.14047622680664
2012-04-13,281200,43.380001068115234,43.5,42.970001220703125,42.97999954223633,30.077491760253906
2012-04-12,311800,42.90999984741211,43.529998779296875,42.90999984741211,43.5,30.441390991210938
2012-04-11,367000,42.529998779296875,42.65999984741211,42.36000061035156,42.38999938964844,29.66460418701172
2012-04-10,539700,42.709999084472656,42.75,41.97999954223633,42.040000915527344,29.419675827026367
2012-04-09,190900,42.56999969482422,42.810001373291016,42.470001220703125,42.630001068115234,29.832561492919922
2012-04-05,436800,42.83000183105469,43.13999938964844,42.810001373291016,43.06999969482422,30.14047622680664
2012-04-04,424400,42.849998474121094,42.9900016784668,42.63999938964844,42.81999969482422,29.96552848815918
2012-04-03,502800,43.650001525878906,43.70000076293945,43.06999969482422,43.279998779296875,30.28743553161621
2012-04-02,593600,43.34000015258789,44.0099983215332,43.290000915527344,43.86000061035156,30.693321228027344
2012-03-30,497100,43.619998931884766,43.619998931884766,43.29999923706055,43.52000045776367,30.455381393432617
2012-03-29,728300,43.13999938964844,43.45000076293945,42.81999969482422,43.349998474121094,30.336416244506836
2012-03-28,864000,43.720001220703125,43.790000915527344,43.25,43.5099983215332,30.448381423950195
2012-03-27,348400,43.95000076293945,43.95000076293945,43.630001068115234,43.630001068115234,30.532365798950195
2012-03-26,359000,43.619998931884766,43.939998626708984,43.599998474121094,43.939998626708984,30.74930763244629
2012-03-23,405500,42.91999816894531,43.27000045776367,42.72999954223633,43.25,30.266435623168945
2012-03-22,515200,42.70000076293945,42.869998931884766,42.61000061035156,42.79999923706055,29.95152473449707
2012-03-21,300300,43.16999816894531,43.25,42.939998626708984,43.13999938964844,30.189468383789062
2012-03-20,298100,43.349998474121094,43.40999984741211,43.150001525878906,43.310001373291016,30.308429718017578
2012-03-19,418500,43.939998626708984,44.36000061035156,43.869998931884766,44.209999084472656,30.938241958618164
2012-03-16,308300,44.130001068115234,44.25,44.06999969482422,44.16999816894531,30.910253524780273
2012-03-15,554000,43.72999954223633,43.9900016784668,43.56999969482422,43.939998626708984,30.74930763244629
2012-03-14,395000,43.75,43.79999923706055,43.31999969482422,43.470001220703125,30.420400619506836
2012-03-13,481600,43.470001220703125,44.040000915527344,43.38999938964844,44,30.791288375854492
2012-03-12,419900,43,43.15999984741211,42.81999969482422,42.97999954223633,30.077491760253906
2012-03-09,442700,43.38999938964844,43.58000183105469,43.2599983215332,43.310001373291016,30.308429718017578
2012-03-08,477700,43.25,43.52000045776367,43.08000183105469,43.41999816894531,30.38540267944336
2012-03-07,946000,42.540000915527344,42.779998779296875,42.38999938964844,42.709999084472656,29.8885440826416
2012-03-06,1490800,42.72999954223633,42.72999954223633,42.18000030517578,42.400001525878906,29.671615600585938
2012-03-05,387200,44.099998474121094,44.119998931884766,43.720001220703125,43.84000015258789,30.679332733154297
2012-03-02,354000,44.470001220703125,44.4900016784668,44.22999954223633,44.31999969482422,31.015226364135742
2012-03-01,662900,44.45000076293945,44.79999923706055,44.40999984741211,44.630001068115234,31.232166290283203
2012-02-29,579000,44.849998474121094,44.9900016784668,44.220001220703125,44.279998779296875,30.987232208251953
2012-02-28,636700,44.33000183105469,44.43000030517578,44.15999984741211,44.369998931884766,31.050220489501953
2012-02-27,619300,43.779998779296875,44.369998931884766,43.66999816894531,44.22999954223633,30.952241897583008
2012-02-24,225500,44.29999923706055,44.4900016784668,44.18000030517578,44.220001220703125,30.94524383544922
2012-02-23,410000,43.90999984741211,44.15999984741211,43.779998779296875,44.13999938964844,30.889259338378906
2012-02-22,342100,43.849998474121094,43.9900016784668,43.720001220703125,43.86000061035156,30.693321228027344
2012-02-21,376200,44.0099983215332,44.18000030517578,43.810001373291016,43.900001525878906,30.7213191986084
2012-02-17,428600,43.720001220703125,43.720001220703125,43.349998474121094,43.47999954223633,30.427391052246094
2012-02-16,532900,43.22999954223633,43.70000076293945,43.060001373291016,43.650001525878906,30.546358108520508
2012-02-15,708100,43.849998474121094,43.849998474121094,43.33000183105469,43.40999984741211,30.37840461730957
2012-02-14,775700,43.40999984741211,43.529998779296875,43.02000045776367,43.34000015258789,30.329423904418945
2012-02-13,544900,43.65999984741211,43.779998779296875,43.5099983215332,43.65999984741211,30.553354263305664
2012-02-10,380300,43.04999923706055,43.130001068115234,42.869998931884766,43,30.09149169921875
2012-02-09,405500,44.119998931884766,44.220001220703125,43.810001373291016,43.9900016784668,30.784297943115234
2012-02-08,721000,44.02000045776367,44.22999954223633,43.81999969482422,44,30.791288375854492
2012-02-07,513100,43.650001525878906,43.900001525878906,43.5,43.7400016784668,30.609342575073242
2012-02-06,1078500,43.59000015258789,43.7599983215332,43.47999954223633,43.70000076293945,30.581350326538086
2012-02-03,532400,43.83000183105469,44.119998931884766,43.709999084472656,44.0099983215332,30.79828643798828
2012-02-02,608300,43.47999954223633,43.619998931884766,43.2400016784668,43.40999984741211,30.37840461730957
2012-02-01,971300,43.369998931884766,43.650001525878906,43.290000915527344,43.400001525878906,30.37141227722168
2012-01-31,444900,43.2599983215332,43.27000045776367,42.65999984741211,42.880001068115234,30.007509231567383
2012-01-30,654600,42.540000915527344,42.939998626708984,42.400001525878906,42.83000183105469,29.97252082824707
2012-01-27,2267900,42.97999954223633,43.34000015258789,42.95000076293945,43.29999923706055,30.30142593383789
2012-01-26,726300,43.43000030517578,43.529998779296875,42.77000045776367,42.900001525878906,30.02151107788086
2012-01-25,610600,42.11000061035156,43.060001373291016,42,42.97999954223633,30.077491760253906
2012-01-24,1272900,41.720001220703125,42.11000061035156,41.630001068115234,42.0099983215332,29.398685455322266
2012-01-23,630100,42.15999984741211,42.47999954223633,42.04999923706055,42.2599983215332,29.573637008666992
2012-01-20,465600,41.790000915527344,42.08000183105469,41.7400016784668,42.08000183105469,29.447675704956055
2012-01-19,692500,41.7400016784668,41.869998931884766,41.56999969482422,41.810001373291016,29.25873374938965
2012-01-18,797700,41.0099983215332,41.63999938964844,40.959999084472656,41.63999938964844,29.13975715637207
2012-01-17,391100,41.08000183105469,41.20000076293945,40.81999969482422,40.93000030517578,28.64290428161621
2012-01-13,459800,40.369998931884766,40.459999084472656,39.90999984741211,40.439998626708984,28.29999542236328
2012-01-12,307200,40.709999084472656,40.790000915527344,40.290000915527344,40.75,28.516935348510742
2012-01-11,343200,40.290000915527344,40.58000183105469,40.18000030517578,40.52000045776367,28.355981826782227
2012-01-10,576100,40.40999984741211,40.54999923706055,40.29999923706055,40.380001068115234,28.258014678955078
2012-01-09,438700,39.599998474121094,39.630001068115234,39.279998779296875,39.56999969482422,27.691164016723633
2012-01-06,2157800,39.790000915527344,39.790000915527344,39.310001373291016,39.54999923706055,27.677175521850586
2012-01-05,704300,39.90999984741211,40.06999969482422,39.61000061035156,40.04999923706055,28.027076721191406
2012-01-04,408400,40.189998626708984,40.470001220703125,40.0099983215332,40.439998626708984,28.29999542236328
2012-01-03,628400,39.869998931884766,40.34000015258789,39.849998474121094,40.20000076293945,28.132043838500977
2011-12-30,573500,38.939998626708984,39.13999938964844,38.810001373291016,38.93000030517578,27.243295669555664
2011-12-29,584200,38.66999816894531,39.08000183105469,38.599998474121094,39.029998779296875,27.313274383544922
2011-12-28,507300,39.18000030517578,39.209999084472656,38.5,38.54999923706055,26.977371215820312
2011-12-27,438800,39.400001525878906,39.58000183105469,39.369998931884766,39.40999984741211,27.579204559326172
2011-12-23,403800,39.470001220703125,39.54999923706055,39.279998779296875,39.52000045776367,27.65617561340332
2011-12-22,560700,39.13999938964844,39.45000076293945,38.970001220703125,39.38999938964844,27.56520652770996
2011-12-21,754500,38.93000030517578,39.040000915527344,38.54999923706055,38.97999954223633,27.278287887573242
2011-12-20,873600,38.540000915527344,39.08000183105469,38.47999954223633,39.04999923706055,27.327268600463867
2011-12-19,765000,39.27000045776367,39.36000061035156,38.560001373291016,38.650001525878906,26.36644744873047
2011-12-16,1130900,39.709999084472656,39.90999984741211,39.36000061035156,39.560001373291016,26.987234115600586
2011-12-15,1081200,39.72999954223633,39.81999969482422,39.279998779296875,39.33000183105469,26.830333709716797
2011-12-14,1224600,39.54999923706055,39.77000045776367,39.16999816894531,39.43000030517578,26.8985538482666
2011-12-13,1098500,40.5,40.81999969482422,39.63999938964844,39.83000183105469,27.171419143676758
2011-12-12,703400,40.47999954223633,40.59000015258789,39.970001220703125,40.25,27.45793914794922
2011-12-09,411600,40.7599983215332,41.529998779296875,40.7400016784668,41.470001220703125,28.290203094482422
2011-12-08,770800,41.54999923706055,41.61000061035156,40.65999984741211,40.720001220703125,27.7785701751709
2011-12-07,576200,41.7599983215332,42.279998779296875,41.540000915527344,42.130001068115234,28.74044418334961
2011-12-06,544500,41.93000030517578,42.20000076293945,41.7599983215332,41.86000061035156,28.556257247924805
2011-12-05,518000,42.52000045776367,42.709999084472656,42.15999984741211,42.40999984741211,28.931459426879883
2011-12-02,650500,42.220001220703125,42.43000030517578,41.720001220703125,41.790000915527344,28.508502960205078
2011-12-01,666900,41.619998931884766,41.939998626708984,41.41999816894531,41.560001373291016,28.351606369018555
2011-11-30,946300,41.560001373291016,42.02000045776367,41.529998779296875,41.959999084472656,28.624475479125977
2011-11-29,654000,39.650001525878906,40,39.529998779296875,39.650001525878906,27.04863166809082
2011-11-28,488600,39.58000183105469,39.650001525878906,39.029998779296875,39.349998474121094,26.843969345092773
2011-11-25,266800,37.869998931884766,38.380001068115234,37.79999923706055,37.79999923706055,25.786588668823242
2011-11-23,916500,38.540000915527344,38.540000915527344,37.939998626708984,38.0099983215332,25.929845809936523
2011-11-22,730000,39.119998931884766,39.400001525878906,38.869998931884766,39.189998626708984,26.734827041625977
2011-11-21,1053000,39.31999969482422,39.380001068115234,38.720001220703125,39.06999969482422,26.65296173095703
2011-11-18,1023700,40.52000045776367,40.630001068115234,40.18000030517578,40.29999923706055,27.492050170898438
2011-11-17,1013100,40.939998626708984,41.209999084472656,40.04999923706055,40.31999969482422,27.505695343017578
2011-11-16,1106700,41.310001373291016,41.83000183105469,40.9900016784668,40.9900016784668,27.9627628326416
2011-11-15,653200,41.689998626708984,42.22999954223633,41.459999084472656,42.08000183105469,28.70633888244629
2011-11-14,473500,42.11000061035156,42.15999984741211,41.529998779296875,41.790000915527344,28.508502960205078
2011-11-11,413000,42.16999816894531,42.81999969482422,42.16999816894531,42.68000030517578,29.115646362304688
2011-11-10,509900,41.97999954223633,42.029998779296875,41.25,41.70000076293945,28.44710350036621
2011-11-09,896000,41.91999816894531,41.97999954223633,41.13999938964844,41.189998626708984,28.099193572998047
2011-11-08,533700,42.97999954223633,43.540000915527344,42.61000061035156,43.470001220703125,29.654573440551758
2011-11-07,436300,42.630001068115234,43.0099983215332,42.290000915527344,42.959999084472656,29.30666160583496
2011-11-04,632100,42.5099983215332,42.720001220703125,41.869998931884766,42.560001373291016,29.03379249572754
2011-11-03,1406100,42.5099983215332,43.040000915527344,41.90999984741211,42.880001068115234,29.252084732055664
2011-11-02,1271700,42.20000076293945,42.470001220703125,41.7599983215332,42.27000045776367,28.835948944091797
2011-11-01,1690200,41.13999938964844,42.08000183105469,40.91999816894531,41.56999969482422,28.35841941833496
2011-10-31,915800,43.369998931884766,43.5099983215332,42.68000030517578,42.68000030517578,29.115646362304688
2011-10-28,1001100,44.34000015258789,44.83000183105469,44.279998779296875,44.689998626708984,30.48683738708496
2011-10-27,1389400,44.529998779296875,45.310001373291016,44.099998474121094,45.04999923706055,30.7324275970459
2011-10-26,710800,42.130001068115234,42.380001068115234,41.38999938964844,42.290000915527344,28.849590301513672
2011-10-25,725800,42.08000183105469,42.2400016784668,41.5099983215332,41.61000061035156,28.38570785522461
2011-10-24,886600,41.97999954223633,42.86000061035156,41.970001220703125,42.720001220703125,29.142940521240234
2011-10-21,656700,40.97999954223633,41.52000045776367,40.93000030517578,41.52000045776367,28.32431411743164
2011-10-20,766900,40.58000183105469,40.70000076293945,39.84000015258789,40.58000183105469,27.683063507080078
2011-10-19,1038200,41.34000015258789,41.58000183105469,40.630001068115234,40.77000045776367,27.81267738342285
2011-10-18,1319800,40.709999084472656,41.77000045776367,40.130001068115234,41.47999954223633,28.297019958496094
2011-10-17,571000,41.709999084472656,41.709999084472656,40.810001373291016,40.90999984741211,27.908185958862305
2011-10-14,562100,41.84000015258789,42.13999938964844,41.650001525878906,42.13999938964844,28.74726676940918
2011-10-13,653900,41,41.400001525878906,40.58000183105469,41.2400016784668,28.13330078125
2011-10-12,1125400,41.189998626708984,41.880001068115234,41.15999984741211,41.29999923706055,28.17423439025879
2011-10-11,683000,40,40.56999969482422,39.88999938964844,40.470001220703125,27.608022689819336
2011-10-10,794200,39.959999084472656,40.61000061035156,39.880001068115234,40.61000061035156,27.70352554321289
2011-10-07,1869000,39.4900016784668,39.54999923706055,38.54999923706055,38.869998931884766,26.51651954650879
2011-10-06,1312900,37.7599983215332,38.650001525878906,37.529998779296875,38.63999938964844,26.3596248626709
2011-10-05,1416800,36.5099983215332,37.349998474121094,36.130001068115234,37.2400016784668,25.40456199645996
2011-10-04,1500000,35.130001068115234,36.27000045776367,34.599998474121094,36.209999084472656,24.701915740966797
2011-10-03,886700,36.290000915527344,36.88999938964844,35.650001525878906,35.68000030517578,24.34035301208496
2011-09-30,873900,37.33000183105469,37.709999084472656,36.77000045776367,36.77000045776367,25.08393669128418
2011-09-29,1040800,38.630001068115234,38.880001068115234,37.54999923706055,38.2400016784668,26.086746215820312
2011-09-28,852100,38.939998626708984,39.209999084472656,37.86000061035156,37.90999984741211,25.86163330078125
2011-09-27,709900,39.470001220703125,39.88999938964844,39.02000045776367,39.150001525878906,26.70753288269043
2011-09-26,1136500,37.689998626708984,38.20000076293945,37.06999969482422,38.189998626708984,26.052637100219727
2011-09-23,1956300,37.290000915527344,37.880001068115234,37.15999984741211,37.470001220703125,25.56147003173828
2011-09-22,1317500,37.459999084472656,37.65999984741211,36.56999969482422,37.130001068115234,25.329524993896484
2011-09-21,1136400,40.38999938964844,40.4900016784668,38.97999954223633,39.040000915527344,26.632495880126953
2011-09-20,1920900,40.869998931884766,41.22999954223633,40.369998931884766,40.369998931884766,27.539806365966797
2011-09-19,630200,40.4900016784668,40.86000061035156,40.150001525878906,40.630001068115234,27.71717643737793
2011-09-16,803900,41.88999938964844,42.040000915527344,41.5099983215332,41.93000030517578,28.604013442993164
2011-09-15,760900,41.43000030517578,41.689998626708984,41.08000183105469,41.650001525878906,28.41299057006836
2011-09-14,904900,40.7400016784668,41.36000061035156,40.099998474121094,40.959999084472656,27.94228744506836
2011-09-13,1175900,41.13999938964844,41.439998626708984,40.86000061035156,41.31999969482422,28.18787956237793
2011-09-12,1307200,40.86000061035156,41.380001068115234,40.41999816894531,41.25,28.140127182006836
2011-09-09,925500,42.369998931884766,42.47999954223633,41.58000183105469,41.779998779296875,28.50168228149414
2011-09-08,2581300,43.290000915527344,43.7599983215332,42.95000076293945,43.029998779296875,29.354415893554688
2011-09-07,419100,43.52000045776367,44.040000915527344,43.34000015258789,44.040000915527344,30.043420791625977
2011-09-06,719400,41.959999084472656,42.630001068115234,41.79999923706055,42.54999923706055,29.02696418762207
2011-09-02,826100,43.310001373291016,43.63999938964844,43.029998779296875,43.18000030517578,29.456737518310547
2011-09-01,1327400,44.52000045776367,44.95000076293945,44.2599983215332,44.290000915527344,30.21396255493164
2011-08-31,828900,44.70000076293945,45.06999969482422,44.38999938964844,44.68000030517578,30.480016708374023
2011-08-30,1726800,43.720001220703125,44.40999984741211,43.52000045776367,44.18000030517578,30.138927459716797
2011-08-29,609900,43.66999816894531,44.22999954223633,43.619998931884766,44.22999954223633,30.173036575317383
2011-08-26,1221800,42.18000030517578,43.189998626708984,41.599998474121094,43.11000061035156,29.408987045288086
2011-08-25,1007800,42.97999954223633,43.15999984741211,42.029998779296875,42.15999984741211,28.760908126831055
2011-08-24,1093300,42.43000030517578,43.02000045776367,42.27000045776367,42.849998474121094,29.231616973876953
2011-08-23,1523900,42.099998474121094,43.130001068115234,41.810001373291016,43.099998474121094,29.402162551879883
2011-08-22,1779900,42.029998779296875,42.119998931884766,41.209999084472656,41.310001373291016,28.18105125427246
2011-08-19,1001900,41.279998779296875,42.25,41.15999984741211,41.209999084472656,28.112838745117188
2011-08-18,1415400,42.2599983215332,42.279998779296875,41.13999938964844,41.68000030517578,28.433469772338867
2011-08-17,689000,43.72999954223633,44.09000015258789,43.279998779296875,43.650001525878906,29.77737045288086
2011-08-16,1461400,42.970001220703125,43.43000030517578,42.52000045776367,43.0099983215332,29.34076499938965
2011-08-15,706600,43.349998474121094,43.91999816894531,43.2599983215332,43.91999816894531,29.961563110351562
2011-08-12,1108300,42.380001068115234,42.65999984741211,42,42.310001373291016,28.863243103027344
2011-08-11,1448300,40.709999084472656,42.52000045776367,40.61000061035156,42.150001525878906,28.754093170166016
2011-08-10,2820500,40.880001068115234,41.22999954223633,39.90999984741211,39.939998626708984,27.246458053588867
2011-08-09,4851800,40.689998626708984,42.08000183105469,39.38999938964844,42.08000183105469,28.70633888244629
2011-08-08,2586300,40.56999969482422,41.08000183105469,38.869998931884766,38.900001525878906,26.536991119384766
2011-08-05,3181500,42.720001220703125,42.880001068115234,40.93000030517578,42.029998779296875,28.672222137451172
2011-08-04,1794600,44,44.060001373291016,42.59000015258789,42.599998474121094,29.061067581176758
2011-08-03,1225000,45.38999938964844,45.439998626708984,44.470001220703125,45.400001525878906,30.9711971282959
2011-08-02,857800,46.459999084472656,46.709999084472656,45.75,45.75,31.209951400756836
2011-08-01,1230300,47.810001373291016,47.869998931884766,46.58000183105469,47.08000183105469,32.11725997924805
2011-07-29,841600,46.68000030517578,47.220001220703125,46.47999954223633,46.86000061035156,31.967178344726562
2011-07-28,880700,47.41999816894531,47.61000061035156,47.02000045776367,47.16999816894531,32.17865753173828
2011-07-27,1083900,47.93000030517578,47.93000030517578,47.04999923706055,47.11000061035156,32.13772201538086
2011-07-26,520800,47.810001373291016,47.91999816894531,47.54999923706055,47.7400016784668,32.5675048828125
2011-07-25,866000,47.209999084472656,47.54999923706055,47.16999816894531,47.31999969482422,32.280982971191406
2011-07-22,615700,47.810001373291016,47.869998931884766,47.5,47.79999923706055,32.60843276977539
2011-07-21,1077400,47.040000915527344,47.720001220703125,47.02000045776367,47.59000015258789,32.46517562866211
2011-07-20,1113100,46.849998474121094,46.970001220703125,46.599998474121094,46.86000061035156,31.967178344726562
2011-07-19,1024500,45.95000076293945,46.45000076293945,45.95000076293945,46.369998931884766,31.632911682128906
2011-07-18,2906500,45.630001068115234,45.709999084472656,45.189998626708984,45.369998931884766,30.950725555419922
2011-07-15,831900,45.970001220703125,46.04999923706055,45.61000061035156,45.90999984741211,31.319103240966797
2011-07-14,786200,46.47999954223633,46.650001525878906,45.88999938964844,45.93000030517578,31.332746505737305
2011-07-13,1187700,46.209999084472656,46.939998626708984,46.130001068115234,46.40999984741211,31.660202026367188
2011-07-12,660800,45.900001525878906,46.2599983215332,45.70000076293945,45.75,31.209951400756836
2011-07-11,1044100,46.68000030517578,46.75,46.18000030517578,46.22999954223633,31.53740692138672
2011-07-08,697200,47.34000015258789,47.54999923706055,47.119998931884766,47.52000045776367,32.417423248291016
2011-07-07,668100,47.58000183105469,47.90999984741211,47.56999969482422,47.779998779296875,32.594791412353516
2011-07-06,539300,47,47.150001525878906,46.790000915527344,47.08000183105469,32.11725997924805
2011-07-05,710300,47.41999816894531,47.5099983215332,47.220001220703125,47.310001373291016,32.274166107177734
2011-07-01,475400,47.2599983215332,48.040000915527344,47.15999984741211,48.0099983215332,32.7516975402832
2011-06-30,673200,47.27000045776367,47.68000030517578,47.25,47.61000061035156,32.47882080078125
2011-06-29,951000,46.369998931884766,46.7400016784668,46.18000030517578,46.66999816894531,31.837566375732422
2011-06-28,797400,45.5,46.0099983215332,45.380001068115234,46.0099983215332,31.387325286865234
2011-06-27,805200,45,45.459999084472656,44.869998931884766,45.349998474121094,30.93708610534668
2011-06-24,526300,45.689998626708984,45.77000045776367,45.16999816894531,45.209999084472656,30.84157943725586
2011-06-23,1357600,45.029998779296875,45.560001373291016,44.70000076293945,45.529998779296875,31.05986976623535
2011-06-22,759800,45.869998931884766,46.2400016784668,45.689998626708984,45.709999084472656,31.18266487121582
2011-06-21,1189200,46.43000030517578,46.939998626708984,46.41999816894531,46.880001068115234,31.473957061767578
2011-06-20,612200,45.779998779296875,46.189998626708984,45.779998779296875,46.08000183105469,30.936859130859375
2011-06-17,819000,46.43000030517578,46.599998474121094,46.119998931884766,46.369998931884766,31.131563186645508
2011-06-16,819500,45.88999938964844,46.22999954223633,45.63999938964844,45.9900016784668,30.87643814086914
2011-06-15,2336900,46.88999938964844,47.06999969482422,46.25,46.40999984741211,31.158418655395508
2011-06-14,872900,47.40999984741211,47.7599983215332,47.38999938964844,47.58000183105469,31.943923950195312
2011-06-13,1208100,46.70000076293945,46.900001525878906,46.290000915527344,46.61000061035156,31.292688369750977
2011-06-10,861400,47.0099983215332,47.09000015258789,46.369998931884766,46.47999954223633,31.205411911010742
2011-06-09,536000,47.150001525878906,47.70000076293945,47.060001373291016,47.540000915527344,31.91706657409668
2011-06-08,755900,46.849998474121094,47.189998626708984,46.84000015258789,46.900001525878906,31.487388610839844
2011-06-07,520800,47.77000045776367,47.9900016784668,47.599998474121094,47.619998931884766,31.970781326293945
2011-06-06,748900,47.72999954223633,47.83000183105469,47.27000045776367,47.33000183105469,31.776079177856445
2011-06-03,858300,47.27000045776367,48.06999969482422,47.209999084472656,47.65999984741211,31.997634887695312
2011-06-02,1396300,48.0099983215332,48.189998626708984,47.52000045776367,48.060001373291016,32.26618194580078
2011-06-01,1160600,48.95000076293945,48.97999954223633,47.86000061035156,47.939998626708984,32.185611724853516
2011-05-31,531300,49.02000045776367,49.06999969482422,48.599998474121094,49.06999969482422,32.944271087646484
2011-05-27,644800,48.43000030517578,48.650001525878906,48.31999969482422,48.5,32.56157302856445
2011-05-26,703500,47.790000915527344,48.189998626708984,47.56999969482422,48.08000183105469,32.27960968017578
2011-05-25,580400,47.130001068115234,47.61000061035156,47.08000183105469,47.40999984741211,31.829790115356445
2011-05-24,521800,47.599998474121094,47.709999084472656,47.279998779296875,47.470001220703125,31.870065689086914
2011-05-23,1132900,47.13999938964844,47.33000183105469,46.939998626708984,47.119998931884766,31.635086059570312
2011-05-20,467800,48.7599983215332,48.88999938964844,48.290000915527344,48.54999923706055,32.59515380859375
2011-05-19,555900,49.130001068115234,49.25,48.709999084472656,49.119998931884766,32.97782516479492
2011-05-18,739700,48.220001220703125,48.7400016784668,48.08000183105469,48.68000030517578,32.68243408203125
2011-05-17,1440300,47.72999954223633,48.25,47.529998779296875,48.25,32.393741607666016
2011-05-16,1412500,47.810001373291016,48.45000076293945,47.7599983215332,47.939998626708984,32.185611724853516
2011-05-13,729400,48.61000061035156,48.63999938964844,47.70000076293945,47.9900016784668,32.21918487548828
2011-05-12,972000,48.25,48.709999084472656,47.900001525878906,48.529998779296875,32.581729888916016
2011-05-11,677900,49.54999923706055,49.58000183105469,48.5099983215332,48.7599983215332,32.736141204833984
2011-05-10,720800,49.29999923706055,49.75,49.220001220703125,49.7400016784668,33.39408874511719
2011-05-09,413200,49.060001373291016,49.439998626708984,48.88999938964844,49.31999969482422,33.11211013793945
2011-05-06,2464600,49.310001373291016,49.47999954223633,48.529998779296875,48.84000015258789,32.78985595703125
2011-05-05,3184700,48.540000915527344,48.689998626708984,47.790000915527344,48.040000915527344,32.25275421142578
2011-05-04,2104900,49.369998931884766,49.43000030517578,48.5,48.63999938964844,32.65557098388672
2011-05-03,747000,50.029998779296875,50.189998626708984,49.470001220703125,49.790000915527344,33.427650451660156
2011-05-02,582200,50.630001068115234,50.9900016784668,50.45000076293945,50.529998779296875,33.92447280883789
2011-04-29,553000,50.63999938964844,50.93000030517578,50.52000045776367,50.560001373291016,33.94460678100586
2011-04-28,697700,50.689998626708984,50.970001220703125,50.54999923706055,50.91999816894531,34.186302185058594
2011-04-27,652000,50.709999084472656,51.060001373291016,50.27000045776367,50.900001525878906,34.17287826538086
2011-04-26,602100,50.61000061035156,51,50.5099983215332,50.86000061035156,34.146026611328125
2011-04-25,673600,50.68000030517578,50.720001220703125,50.38999938964844,50.59000015258789,33.964752197265625
2011-04-21,839100,50.63999938964844,50.72999954223633,50.369998931884766,50.72999954223633,34.058753967285156
2011-04-20,1525300,50.099998474121094,50.36000061035156,50.08000183105469,50.209999084472656,33.70962905883789
2011-04-19,1092400,48.849998474121094,49.20000076293945,48.810001373291016,49.09000015258789,32.95769119262695
2011-04-18,1049300,48.93000030517578,49.029998779296875,48.400001525878906,48.900001525878906,32.83013153076172
2011-04-15,1156700,49.630001068115234,49.810001373291016,49.40999984741211,49.689998626708984,33.36051559448242
2011-04-14,2104800,49.25,49.83000183105469,49.13999938964844,49.779998779296875,33.42094421386719
2011-04-13,578600,49.7400016784668,49.77000045776367,49.2400016784668,49.459999084472656,33.20610046386719
2011-04-12,655100,49.38999938964844,49.529998779296875,48.939998626708984,49.060001373291016,32.93755340576172
2011-04-11,481800,50.310001373291016,50.38999938964844,49.790000915527344,49.849998474121094,33.46793746948242
2011-04-08,905600,50.18000030517578,50.220001220703125,49.790000915527344,50.0099983215332,33.57535171508789
2011-04-07,843100,49.66999816894531,49.86000061035156,49.2599983215332,49.540000915527344,33.25981521606445
2011-04-06,2123500,49.54999923706055,49.810001373291016,49.5099983215332,49.66999816894531,33.34709167480469
2011-04-05,1473500,48.68000030517578,49.20000076293945,48.68000030517578,49.0099983215332,32.90397644042969
2011-04-04,943400,48.900001525878906,49,48.72999954223633,49,32.89727020263672
2011-04-01,1237500,48.599998474121094,48.95000076293945,48.459999084472656,48.84000015258789,32.78985595703125
2011-03-31,861100,48.029998779296875,48.45000076293945,48.029998779296875,48.310001373291016,32.43402099609375
2011-03-30,832400,47.90999984741211,48.279998779296875,47.88999938964844,48.099998474121094,32.29303741455078
2011-03-29,713100,46.95000076293945,47.47999954223633,46.790000915527344,47.439998626708984,31.849933624267578
2011-03-28,936600,46.90999984741211,47.099998474121094,46.77000045776367,46.77000045776367,31.400102615356445
2011-03-25,648500,46.93000030517578,47.130001068115234,46.75,46.95000076293945,31.52095603942871
2011-03-24,868700,46.599998474121094,46.95000076293945,46.38999938964844,46.869998931884766,31.467248916625977
2011-03-23,1056200,45.70000076293945,46.2599983215332,45.58000183105469,46.119998931884766,30.96371841430664
2011-03-22,467900,45.63999938964844,45.790000915527344,45.56999969482422,45.650001525878906,30.648170471191406
2011-03-21,850800,45.5099983215332,45.70000076293945,45.5,45.65999984741211,30.654884338378906
2011-03-18,1505700,44.650001525878906,44.720001220703125,44.439998626708984,44.599998474121094,29.9432373046875
2011-03-17,1420500,43.939998626708984,44.02000045776367,43.40999984741211,43.720001220703125,29.352426528930664
2011-03-16,4098100,44.18000030517578,44.33000183105469,42.9900016784668,43.31999969482422,29.08386993408203
2011-03-15,2665400,43.470001220703125,44.560001373291016,43.310001373291016,44.31999969482422,29.755247116088867
2011-03-14,1378700,45.34000015258789,45.650001525878906,45.13999938964844,45.59000015258789,30.607892990112305
2011-03-11,985400,45.33000183105469,46.189998626708984,45.2400016784668,46.060001373291016,30.92344093322754
2011-03-10,2467900,46.02000045776367,46.02000045776367,45.61000061035156,45.650001525878906,30.648170471191406
2011-03-09,673100,47,47.099998474121094,46.7599983215332,46.95000076293945,31.52095603942871
2011-03-08,624700,46.81999969482422,47.369998931884766,46.65999984741211,47.18000030517578,31.675371170043945
2011-03-07,801200,47.09000015258789,47.220001220703125,46.29999923706055,46.540000915527344,31.245697021484375
2011-03-04,724400,47.38999938964844,47.38999938964844,46.7599983215332,47.099998474121094,31.62166404724121
2011-03-03,627200,47.119998931884766,47.349998474121094,46.9900016784668,47.349998474121094,31.789505004882812
2011-03-02,906600,46.63999938964844,47.040000915527344,46.63999938964844,46.91999816894531,31.50081443786621
2011-03-01,845300,47.310001373291016,47.310001373291016,46.439998626708984,46.470001220703125,31.198699951171875
2011-02-28,857100,47.209999084472656,47.31999969482422,47.02000045776367,47.22999954223633,31.70893669128418
2011-02-25,611000,46.84000015258789,47.13999938964844,46.7599983215332,47.119998931884766,31.635086059570312
2011-02-24,709500,46.2400016784668,46.369998931884766,45.75,46.11000061035156,30.95700454711914
2011-02-23,1674800,46.11000061035156,46.2599983215332,45.68000030517578,46.099998474121094,30.950286865234375
2011-02-22,1291100,46.52000045776367,46.709999084472656,45.81999969482422,45.939998626708984,30.84287452697754
2011-02-18,516500,47.54999923706055,47.810001373291016,47.4900016784668,47.66999816894531,32.00434112548828
2011-02-17,749200,47.2400016784668,47.720001220703125,47.15999984741211,47.65999984741211,31.997634887695312
2011-02-16,967800,47.040000915527344,47.470001220703125,47.029998779296875,47.38999938964844,31.816354751586914
2011-02-15,627200,47.029998779296875,47.11000061035156,46.849998474121094,46.90999984741211,31.494108200073242
2011-02-14,688900,47.13999938964844,47.290000915527344,47.08000183105469,47.22999954223633,31.70893669128418
2011-02-11,3373700,46.619998931884766,47.13999938964844,46.54999923706055,47.08000183105469,31.608232498168945
2011-02-10,1270000,46.7599983215332,47.11000061035156,46.689998626708984,46.97999954223633,31.541107177734375
2011-02-09,1294200,47.459999084472656,47.54999923706055,47.119998931884766,47.2599983215332,31.729084014892578
2011-02-08,841300,47.720001220703125,47.939998626708984,47.529998779296875,47.86000061035156,32.13190460205078
2011-02-07,770100,47.869998931884766,47.970001220703125,47.66999816894531,47.810001373291016,32.09833908081055
2011-02-04,531300,47.97999954223633,47.97999954223633,47.52000045776367,47.849998474121094,32.12519454956055
2011-02-03,687200,47.29999923706055,47.5,46.97999954223633,47.4900016784668,31.883495330810547
2011-02-02,550500,47.02000045776367,47.15999984741211,46.939998626708984,47.02000045776367,31.567956924438477
2011-02-01,1246500,46.689998626708984,47.310001373291016,46.63999938964844,47.09000015258789,31.61495018005371
2011-01-31,2304000,46.11000061035156,46.40999984741211,45.880001068115234,46.31999969482422,31.09799575805664
2011-01-28,3016000,46.70000076293945,46.810001373291016,45.58000183105469,45.93000030517578,30.836151123046875
2011-01-27,635300,46.810001373291016,46.880001068115234,46.59000015258789,46.72999954223633,31.373252868652344
2011-01-26,908300,46.849998474121094,47,46.650001525878906,46.88999938964844,31.480670928955078
2011-01-25,981000,46.33000183105469,46.58000183105469,46.06999969482422,46.560001373291016,31.25912094116211
2011-01-24,750500,46.36000061035156,46.849998474121094,46.27000045776367,46.7599983215332,31.393404006958008
2011-01-21,668800,46.439998626708984,46.52000045776367,46.15999984741211,46.20000076293945,31.017427444458008
2011-01-20,1409600,46.369998931884766,46.41999816894531,45.88999938964844,46.27000045776367,31.064420700073242
2011-01-19,955700,47.38999938964844,47.45000076293945,46.83000183105469,46.959999084472656,31.527671813964844
2011-01-18,704300,46.91999816894531,47.119998931884766,46.869998931884766,47.11000061035156,31.628372192382812
2011-01-14,1667900,46.54999923706055,46.81999969482422,46.5,46.7599983215332,31.393404006958008
2011-01-13,1509100,46.90999984741211,47.029998779296875,46.630001068115234,46.790000915527344,31.41353416442871
2011-01-12,2048700,46.56999969482422,46.650001525878906,46.33000183105469,46.599998474121094,31.28597640991211
2011-01-11,2190000,46.099998474121094,46.15999984741211,45.900001525878906,46.099998474121094,30.950286865234375
2011-01-10,1439000,45.77000045776367,46.08000183105469,45.619998931884766,46.040000915527344,30.910003662109375
2011-01-07,2285200,46.34000015258789,46.40999984741211,45.72999954223633,46.130001068115234,30.970430374145508
2011-01-06,1173300,46.56999969482422,46.66999816894531,46.189998626708984,46.310001373291016,31.091283798217773
2011-01-05,594800,46.2599983215332,46.75,46.2599983215332,46.689998626708984,31.34639549255371
2011-01-04,1526500,47.11000061035156,47.11000061035156,46.369998931884766,46.779998779296875,31.40682029724121
2011-01-03,866400,47.34000015258789,47.66999816894531,47.34000015258789,47.380001068115234,31.80964469909668
2010-12-31,462300,46.63999938964844,47.029998779296875,46.599998474121094,46.97999954223633,31.541107177734375
2010-12-30,422700,46.970001220703125,47.040000915527344,46.779998779296875,46.9900016784668,31.547805786132812
2010-12-29,491200,46.81999969482422,47.02000045776367,46.79999923706055,46.939998626708984,31.514245986938477
2010-12-28,289900,46.91999816894531,46.91999816894531,46.4900016784668,46.529998779296875,31.238981246948242
2010-12-27,487400,46.06999969482422,46.45000076293945,46.060001373291016,46.380001068115234,31.138273239135742
2010-12-23,667500,46.220001220703125,46.43000030517578,46.220001220703125,46.33000183105469,31.104711532592773
2010-12-22,581100,46.18000030517578,46.349998474121094,46.150001525878906,46.31999969482422,31.09799575805664
2010-12-21,697600,46.040000915527344,46.16999816894531,45.9900016784668,46.09000015258789,30.943578720092773
2010-12-20,500200,46.599998474121094,46.66999816894531,46.33000183105469,46.599998474121094,30.623998641967773
2010-12-17,427800,46.540000915527344,46.619998931884766,46.310001373291016,46.599998474121094,30.623998641967773
2010-12-16,1165600,46.540000915527344,46.72999954223633,46.31999969482422,46.72999954223633,30.709434509277344
2010-12-15,904300,46.869998931884766,46.97999954223633,46.349998474121094,46.400001525878906,30.492565155029297
2010-12-14,880100,47.33000183105469,47.619998931884766,47.220001220703125,47.29999923706055,31.08401870727539
2010-12-13,896100,47.22999954223633,47.459999084472656,47.08000183105469,47.220001220703125,31.031452178955078
2010-12-10,649200,46.68000030517578,46.79999923706055,46.529998779296875,46.79999923706055,30.75543975830078
2010-12-09,2134300,46.709999084472656,46.75,46.290000915527344,46.5099983215332,30.564863204956055
2010-12-08,700200,46.29999923706055,46.470001220703125,45.91999816894531,46.20000076293945,30.361133575439453
2010-12-07,666700,47.16999816894531,47.18000030517578,46.459999084472656,46.459999084472656,30.531999588012695
2010-12-06,2673900,46.33000183105469,46.5,46.31999969482422,46.349998474121094,30.45970916748047
2010-12-03,884800,46.349998474121094,46.86000061035156,46.349998474121094,46.790000915527344,30.74886131286621
2010-12-02,834300,45.880001068115234,46.63999938964844,45.84000015258789,46.5,30.558286666870117
2010-12-01,1314400,45.470001220703125,45.790000915527344,45.369998931884766,45.720001220703125,30.04570198059082
2010-11-30,1253800,44.290000915527344,44.790000915527344,44.20000076293945,44.4900016784668,29.23737907409668
2010-11-29,1320800,44.459999084472656,44.97999954223633,44.2400016784668,44.880001068115234,29.493669509887695
2010-11-26,591500,44.59000015258789,44.75,44.459999084472656,44.5099983215332,29.250518798828125
2010-11-24,1021900,45.380001068115234,45.650001525878906,45.290000915527344,45.52000045776367,29.914264678955078
2010-11-23,1727700,44.75,44.91999816894531,44.34000015258789,44.529998779296875,29.2636661529541
2010-11-22,1018900,45.97999954223633,46.099998474121094,45.439998626708984,46.09000015258789,30.288841247558594
2010-11-19,1647900,46.08000183105469,46.310001373291016,45.77000045776367,46.27000045776367,30.407136917114258
2010-11-18,1015700,46.4900016784668,46.84000015258789,46.47999954223633,46.7400016784668,30.71600341796875
2010-11-17,1832300,45.68000030517578,45.900001525878906,45.52000045776367,45.75,30.065401077270508
2010-11-16,1972800,46.220001220703125,46.349998474121094,45.459999084472656,45.7400016784668,30.058834075927734
2010-11-15,854500,46.9900016784668,47.150001525878906,46.599998474121094,46.65999984741211,30.663433074951172
2010-11-12,961700,47.02000045776367,47.29999923706055,46.380001068115234,46.68000030517578,30.676586151123047
2010-11-11,1659300,47.630001068115234,47.630001068115234,47.34000015258789,47.61000061035156,31.28774070739746
2010-11-10,1252300,47.7599983215332,48.09000015258789,47.34000015258789,48.060001373291016,31.583467483520508
2010-11-09,1665000,48.70000076293945,48.72999954223633,47.650001525878906,47.81999969482422,31.425748825073242
2010-11-08,1536700,48.529998779296875,48.72999954223633,48.31999969482422,48.630001068115234,31.958059310913086
2010-11-05,1866100,48.77000045776367,49.0099983215332,48.66999816894531,48.90999984741211,32.14205551147461
2010-11-04,1721500,48.34000015258789,48.86000061035156,48.34000015258789,48.849998474121094,32.10262680053711
2010-11-03,1425900,47.060001373291016,47.459999084472656,46.540000915527344,47.459999084472656,31.189167022705078
2010-11-02,1165700,46.86000061035156,47,46.83000183105469,46.849998474121094,30.78829574584961
2010-11-01,1811800,46.2400016784668,46.529998779296875,45.86000061035156,46.060001373291016,30.269140243530273
2010-10-29,798400,45.349998474121094,45.58000183105469,45.25,45.58000183105469,29.953691482543945
2010-10-28,4604400,45.79999923706055,45.86000061035156,45.33000183105469,45.47999954223633,29.88797378540039
2010-10-27,1193600,45.18000030517578,45.29999923706055,44.70000076293945,45.25,29.73682975769043
2010-10-26,1395800,45.970001220703125,46.189998626708984,45.83000183105469,46.06999969482422,30.275697708129883
2010-10-25,1739200,46.689998626708984,46.970001220703125,46.459999084472656,46.47999954223633,30.545137405395508
2010-10-22,912100,45.7599983215332,45.91999816894531,45.58000183105469,45.709999084472656,30.03911781311035
2010-10-21,1362100,45.88999938964844,46.099998474121094,45.09000015258789,45.459999084472656,29.874832153320312
2010-10-20,1359600,45.38999938964844,46.22999954223633,45.349998474121094,45.91999816894531,30.1771297454834
2010-10-19,1817000,45.5099983215332,46.029998779296875,44.900001525878906,45.040000915527344,29.598827362060547
2010-10-18,1147000,46.06999969482422,46.68000030517578,46.02000045776367,46.68000030517578,30.676586151123047
2010-10-15,1610700,46.7400016784668,46.79999923706055,46.060001373291016,46.36000061035156,30.466291427612305
2010-10-14,1616100,46.349998474121094,46.619998931884766,46.11000061035156,46.439998626708984,30.51885414123535
2010-10-13,1444200,46.08000183105469,46.5099983215332,45.959999084472656,46.20000076293945,30.361133575439453
2010-10-12,1552000,45.61000061035156,45.91999816894531,45.2400016784668,45.849998474121094,30.131126403808594
2010-10-11,704700,46.099998474121094,46.27000045776367,45.97999954223633,46.02000045776367,30.24285316467285
2010-10-08,776500,45.63999938964844,46.2400016784668,45.54999923706055,46.130001068115234,30.315128326416016
2010-10-07,858800,46.08000183105469,46.11000061035156,45.380001068115234,45.38999938964844,29.828824996948242
2010-10-06,1093200,45.4900016784668,45.79999923706055,45.4900016784668,45.65999984741211,30.00626564025879
2010-10-05,1140000,44.83000183105469,45.47999954223633,44.77000045776367,45.369998931884766,29.815683364868164
2010-10-04,1377800,44.79999923706055,44.91999816894531,44.310001373291016,44.630001068115234,29.329387664794922
2010-10-01,1400000,44.63999938964844,44.790000915527344,44.310001373291016,44.72999954223633,29.39509391784668
2010-09-30,2070500,44.7400016784668,44.88999938964844,44.0099983215332,44.29999923706055,29.112518310546875
2010-09-29,1336200,44.81999969482422,44.88999938964844,44.560001373291016,44.68000030517578,29.36223793029785
2010-09-28,1140400,44.720001220703125,45.08000183105469,44.310001373291016,44.939998626708984,29.533109664916992
2010-09-27,1158800,44.52000045776367,44.86000061035156,44.5099983215332,44.56999969482422,29.289949417114258
2010-09-24,1022300,44.33000183105469,44.58000183105469,44.209999084472656,44.47999954223633,29.230806350708008
2010-09-23,967000,43.41999816894531,43.86000061035156,43.349998474121094,43.470001220703125,28.567066192626953
2010-09-22,1906100,43.849998474121094,44.16999816894531,43.65999984741211,43.790000915527344,28.777368545532227
2010-09-21,2136700,43.689998626708984,43.970001220703125,43.400001525878906,43.72999954223633,28.73793601989746
2010-09-20,1585000,43.38999938964844,43.970001220703125,43.33000183105469,43.84000015258789,28.810222625732422
2010-09-17,1437200,43.18000030517578,43.279998779296875,42.880001068115234,42.9900016784668,28.251632690429688
2010-09-16,2057000,42.93000030517578,43.060001373291016,42.75,43.02000045776367,28.271350860595703
2010-09-15,1427100,43.02000045776367,43.369998931884766,42.900001525878906,43.31999969482422,28.468488693237305
2010-09-14,1814600,42.869998931884766,43.439998626708984,42.72999954223633,43.22999954223633,28.409339904785156
2010-09-13,1424600,42.939998626708984,43.099998474121094,42.849998474121094,43.040000915527344,28.28448486328125
2010-09-10,884600,42.08000183105469,42.209999084472656,41.939998626708984,42.15999984741211,27.706178665161133
2010-09-09,1296100,42.38999938964844,42.41999816894531,42.04999923706055,42.119998931884766,27.679889678955078
2010-09-08,778000,41.5,41.84000015258789,41.47999954223633,41.61000061035156,27.3447322845459
2010-09-07,1038900,41.470001220703125,41.529998779296875,41.20000076293945,41.290000915527344,27.134450912475586
2010-09-03,952800,41.619998931884766,41.68000030517578,41.290000915527344,41.52000045776367,27.285593032836914
2010-09-02,1197800,41.08000183105469,41.290000915527344,40.88999938964844,41.290000915527344,27.134450912475586
2010-09-01,1195300,40.52000045776367,41.25,40.52000045776367,41.11000061035156,27.016159057617188
2010-08-31,1334300,39.29999923706055,39.59000015258789,39.06999969482422,39.349998474121094,25.859539031982422
2010-08-30,786700,39.52000045776367,39.70000076293945,39.279998779296875,39.29999923706055,25.82668113708496
2010-08-27,1327800,39.060001373291016,39.650001525878906,38.560001373291016,39.52000045776367,25.971254348754883
2010-08-26,1063400,38.810001373291016,39.040000915527344,38.41999816894531,38.56999969482422,25.346946716308594
2010-08-25,1142700,38.040000915527344,38.560001373291016,37.790000915527344,38.459999084472656,25.274656295776367
2010-08-24,1184100,38.43000030517578,38.66999816894531,38.119998931884766,38.40999984741211,25.24180030822754
2010-08-23,924800,39.439998626708984,39.709999084472656,39.11000061035156,39.11000061035156,25.701820373535156
2010-08-20,654300,39.06999969482422,39.290000915527344,38.849998474121094,39.2599983215332,25.800390243530273
2010-08-19,1024100,39.709999084472656,39.880001068115234,39.08000183105469,39.36000061035156,25.866111755371094
2010-08-18,761200,39.9900016784668,40.09000015258789,39.68000030517578,39.880001068115234,26.207839965820312
2010-08-17,706400,40.02000045776367,40.380001068115234,39.91999816894531,40.11000061035156,26.35898780822754
2010-08-16,817200,39.290000915527344,39.709999084472656,39.11000061035156,39.58000183105469,26.010683059692383
2010-08-13,1016400,39.349998474121094,39.61000061035156,39.08000183105469,39.310001373291016,25.833255767822266
2010-08-12,754900,38.779998779296875,39.209999084472656,38.630001068115234,39.040000915527344,25.655818939208984
2010-08-11,1024900,39.52000045776367,39.56999969482422,39.09000015258789,39.130001068115234,25.714963912963867
2010-08-10,1490600,40.540000915527344,40.939998626708984,40.25,40.77000045776367,26.792720794677734
2010-08-09,726900,41.36000061035156,41.459999084472656,41.189998626708984,41.310001373291016,27.147584915161133
2010-08-06,817700,40.65999984741211,40.970001220703125,40.38999938964844,40.970001220703125,26.924150466918945
2010-08-05,878800,40.869998931884766,40.959999084472656,40.65999984741211,40.939998626708984,26.90443229675293
2010-08-04,1684600,41.02000045776367,41.220001220703125,40.83000183105469,41.11000061035156,27.016159057617188
2010-08-03,1000200,40.9900016784668,41.13999938964844,40.65999984741211,40.939998626708984,26.90443229675293
2010-08-02,1670900,40.939998626708984,41.400001525878906,40.83000183105469,41.22999954223633,27.095014572143555
2010-07-30,899100,39.52000045776367,40.22999954223633,39.5099983215332,40.02000045776367,26.299835205078125
2010-07-29,885700,40.2599983215332,40.36000061035156,39.59000015258789,39.95000076293945,26.25383758544922
2010-07-28,1595800,39.7400016784668,39.849998474121094,39.5099983215332,39.650001525878906,26.05669403076172
2010-07-27,724200,40.25,40.2599983215332,39.72999954223633,40,26.286697387695312
2010-07-26,1629700,39.63999938964844,40.18000030517578,39.58000183105469,40.15999984741211,26.391836166381836
2010-07-23,724600,39.150001525878906,39.65999984741211,39.04999923706055,39.63999938964844,26.05011749267578
2010-07-22,974300,38.689998626708984,39.25,38.61000061035156,38.97999954223633,25.616384506225586
2010-07-21,3294800,38.72999954223633,38.72999954223633,37.7599983215332,37.97999954223633,24.95921516418457
2010-07-20,833400,37.72999954223633,38.880001068115234,37.72999954223633,38.810001373291016,25.504671096801758
2010-07-19,664600,37.66999816894531,37.869998931884766,37.33000183105469,37.72999954223633,24.79492950439453
2010-07-16,972000,38.189998626708984,38.2599983215332,37.43000030517578,37.540000915527344,24.670063018798828
2010-07-15,863400,38.61000061035156,38.7400016784668,38,38.599998474121094,25.36665916442871
2010-07-14,855000,38.58000183105469,38.95000076293945,38.45000076293945,38.709999084472656,25.438949584960938
2010-07-13,1036300,38.400001525878906,38.779998779296875,38.310001373291016,38.619998931884766,25.37980079650879
2010-07-12,458600,38.029998779296875,38.31999969482422,37.91999816894531,38.13999938964844,25.064369201660156
2010-07-09,589200,37.97999954223633,38.369998931884766,37.93000030517578,38.31999969482422,25.182655334472656
2010-07-08,1021800,37.939998626708984,38.189998626708984,37.58000183105469,37.970001220703125,24.952640533447266
2010-07-07,1050500,36.349998474121094,37.400001525878906,36.349998474121094,37.36000061035156,24.551776885986328
2010-07-06,1514000,36.720001220703125,37.09000015258789,36.18000030517578,36.470001220703125,23.966896057128906
2010-07-02,1019200,36.16999816894531,36.33000183105469,35.619998931884766,35.869998931884766,23.572593688964844
2010-07-01,2654000,35.84000015258789,35.939998626708984,35.11000061035156,35.81999969482422,23.539737701416016
2010-06-30,1687800,35.970001220703125,36.369998931884766,35.650001525878906,35.7400016784668,23.48716926574707
2010-06-29,1579200,36.65999984741211,36.77000045776367,35.880001068115234,36.04999923706055,23.690881729125977
2010-06-28,671800,37.939998626708984,38.029998779296875,37.599998474121094,37.689998626708984,24.76864242553711
2010-06-25,824100,37.75,38.189998626708984,37.40999984741211,38.040000915527344,24.998653411865234
2010-06-24,1266000,38.06999969482422,38.15999984741211,37.61000061035156,37.720001220703125,24.788349151611328
2010-06-23,1245800,38.68000030517578,38.7400016784668,38.0099983215332,38.41999816894531,25.248371124267578
2010-06-22,957000,39.72999954223633,39.779998779296875,38.88999938964844,39.060001373291016,25.29766273498535
2010-06-21,1805800,40.04999923706055,40.29999923706055,39.43000030517578,39.689998626708984,25.7056827545166
2010-06-18,686900,39.15999984741211,39.40999984741211,39.060001373291016,39.060001373291016,25.29766273498535
2010-06-17,925500,39.09000015258789,39.150001525878906,38.540000915527344,38.959999084472656,25.23289680480957
2010-06-16,967800,38.77000045776367,39.2400016784668,38.7400016784668,39.06999969482422,25.304136276245117
2010-06-15,1838100,38.52000045776367,39.349998474121094,38.47999954223633,39.220001220703125,25.401283264160156
2010-06-14,1952800,38.77000045776367,39.02000045776367,38.2400016784668,38.2400016784668,24.76658058166504
2010-06-11,1025600,37.34000015258789,38.16999816894531,37.34000015258789,38.13999938964844,24.701807022094727
2010-06-10,1341400,37.599998474121094,38.02000045776367,37.5099983215332,37.939998626708984,24.57227897644043
2010-06-09,1461500,36.58000183105469,37.130001068115234,36.13999938964844,36.2599983215332,23.48420524597168
2010-06-08,2335400,35.72999954223633,36.43000030517578,35.41999816894531,36.22999954223633,23.46477699279785
2010-06-07,2582300,35.88999938964844,35.93000030517578,35.119998931884766,35.150001525878906,22.765304565429688
2010-06-04,2480800,36.529998779296875,36.630001068115234,35.52000045776367,35.7599983215332,23.160375595092773
2010-06-03,1873800,37.65999984741211,37.77000045776367,36.97999954223633,37.400001525878906,24.2225399017334
2010-06-02,1494700,36.45000076293945,37.33000183105469,36.2599983215332,37.33000183105469,24.17720603942871
2010-06-01,1746600,36.54999923706055,37.08000183105469,36.13999938964844,36.189998626708984,23.438873291015625
2010-05-28,1667600,37.540000915527344,37.619998931884766,36.88999938964844,37.0099983215332,23.969953536987305
2010-05-27,1529100,36.77000045776367,37.650001525878906,36.709999084472656,37.619998931884766,24.36502456665039
2010-05-26,2536600,35.880001068115234,36.400001525878906,35.27000045776367,35.5099983215332,22.998462677001953
2010-05-25,3238400,34.63999938964844,35.77000045776367,34.36000061035156,35.77000045776367,23.166852951049805
2010-05-24,1827700,36.25,36.65999984741211,35.9900016784668,36.06999969482422,23.361148834228516
2010-05-21,2481700,34.4900016784668,36.150001525878906,34.369998931884766,36.150001525878906,23.4129638671875
2010-05-20,3703400,35.2599983215332,35.630001068115234,34.5,34.720001220703125,22.48680877685547
2010-05-19,3789600,36.84000015258789,37.119998931884766,36.08000183105469,36.86000061035156,23.872800827026367
2010-05-18,1412500,38.869998931884766,39,37.58000183105469,37.779998779296875,24.46865463256836
2010-05-17,1951300,38.86000061035156,39.130001068115234,37.84000015258789,38.59000015258789,24.993257522583008
2010-05-14,1923700,39.61000061035156,39.61000061035156,38.63999938964844,38.880001068115234,25.181079864501953
2010-05-13,1419000,40.310001373291016,40.54999923706055,39.91999816894531,40.02000045776367,25.919414520263672
2010-05-12,1771600,40.15999984741211,40.38999938964844,40.029998779296875,40.34000015258789,26.12666893005371
2010-05-11,2903100,39.7599983215332,40.52000045776367,39.619998931884766,39.91999816894531,25.854652404785156
2010-05-10,2616300,40.619998931884766,40.93000030517578,40.279998779296875,40.720001220703125,26.372783660888672
2010-05-07,4181200,38.72999954223633,39.02000045776367,37.5,38.220001220703125,24.75362777709961
2010-05-06,3560600,39.650001525878906,40.0099983215332,28.610000610351562,37.900001525878906,24.546369552612305
2010-05-05,2981500,40.220001220703125,40.86000061035156,40.029998779296875,40.349998474121094,26.13313865661621
2010-05-04,2639300,41.349998474121094,41.41999816894531,40.52000045776367,40.70000076293945,26.35982322692871
2010-05-03,1932400,42.58000183105469,42.95000076293945,42.38999938964844,42.79999923706055,27.71991539001465
2010-04-30,2553500,42.939998626708984,43,42.20000076293945,42.25,27.363698959350586
2010-04-29,874800,42.95000076293945,43.2400016784668,42.86000061035156,43.2400016784668,28.004880905151367
2010-04-28,2352200,42.72999954223633,42.93000030517578,42.38999938964844,42.779998779296875,27.706954956054688
2010-04-27,1911900,43.060001373291016,43.25,42,42.130001068115234,27.28598403930664
2010-04-26,733100,43.689998626708984,43.900001525878906,43.52000045776367,43.63999938964844,28.263948440551758
2010-04-23,927300,43.22999954223633,43.70000076293945,43.040000915527344,43.689998626708984,28.296329498291016
2010-04-22,841000,43.349998474121094,43.790000915527344,43.02000045776367,43.790000915527344,28.36109733581543
2010-04-21,765600,44.029998779296875,44.060001373291016,43.560001373291016,43.90999984741211,28.438814163208008
2010-04-20,866600,44.09000015258789,44.2400016784668,43.95000076293945,44.18000030517578,28.613689422607422
2010-04-19,1466500,43.349998474121094,43.75,43.13999938964844,43.70000076293945,28.30281639099121
2010-04-16,1628700,44.5099983215332,44.75,43.56999969482422,43.810001373291016,28.37405014038086
2010-04-15,714300,44.83000183105469,45.04999923706055,44.77000045776367,44.95000076293945,29.112384796142578
2010-04-14,1060200,44.790000915527344,45.13999938964844,44.720001220703125,45.11000061035156,29.21600341796875
2010-04-13,683400,44.18000030517578,44.2599983215332,43.810001373291016,44.2599983215332,28.665496826171875
2010-04-12,708800,44.369998931884766,44.439998626708984,44.220001220703125,44.279998779296875,28.6784610748291
2010-04-09,1642600,44.20000076293945,44.5099983215332,44.18000030517578,44.45000076293945,28.788555145263672
2010-04-08,850600,43.7400016784668,44.18000030517578,43.56999969482422,44.06999969482422,28.54244613647461
2010-04-07,1822300,44.15999984741211,44.2400016784668,43.79999923706055,44.060001373291016,28.535968780517578
2010-04-06,567400,43.97999954223633,44.38999938964844,43.91999816894531,44.36000061035156,28.730268478393555
2010-04-05,1487300,44.060001373291016,44.18000030517578,43.869998931884766,44.15999984741211,28.60073471069336
2010-04-01,2272100,43.599998474121094,43.79999923706055,43.5099983215332,43.79999923706055,28.367572784423828
2010-03-31,1499500,42.88999938964844,43.16999816894531,42.849998474121094,42.959999084472656,27.82353973388672
2010-03-30,1092400,43.61000061035156,43.720001220703125,43.310001373291016,43.5,28.173274993896484
2010-03-29,1281700,43.290000915527344,43.560001373291016,43.25,43.380001068115234,28.095556259155273
2010-03-26,1192500,42.939998626708984,43.09000015258789,42.540000915527344,42.84000015258789,27.745820999145508
2010-03-25,1681600,43.06999969482422,43.2400016784668,42.540000915527344,42.599998474121094,27.59037971496582
2010-03-24,1658000,42.779998779296875,42.939998626708984,42.529998779296875,42.66999816894531,27.635719299316406
2010-03-23,1685600,42.95000076293945,43.400001525878906,42.84000015258789,43.400001525878906,28.108518600463867
2010-03-22,770400,42.220001220703125,42.90999984741211,42.16999816894531,42.790000915527344,27.71343994140625
2010-03-19,1103600,42.70000076293945,43.20000076293945,42.52000045776367,42.70000076293945,27.655149459838867
2010-03-18,634500,43.099998474121094,43.2400016784668,42.86000061035156,43.060001373291016,27.888307571411133
2010-03-17,1020900,43.150001525878906,43.4900016784668,43.13999938964844,43.220001220703125,27.99193000793457
2010-03-16,1486500,42.369998931884766,42.849998474121094,42.2599983215332,42.84000015258789,27.745820999145508
2010-03-15,1403400,42.16999816894531,42.27000045776367,41.849998474121094,42.15999984741211,27.305408477783203
2010-03-12,1458100,42.709999084472656,42.709999084472656,42.33000183105469,42.38999938964844,27.454374313354492
2010-03-11,1518700,42.47999954223633,42.54999923706055,42.220001220703125,42.52000045776367,27.538572311401367
2010-03-10,882300,42.58000183105469,42.90999984741211,42.439998626708984,42.61000061035156,27.59685707092285
2010-03-09,1525200,42.060001373291016,42.70000076293945,42.060001373291016,42.52000045776367,27.538572311401367
2010-03-08,1048900,42.2400016784668,42.33000183105469,42.099998474121094,42.16999816894531,27.3118896484375
2010-03-05,1666500,41.810001373291016,42.22999954223633,41.70000076293945,42.22999954223633,27.35074806213379
2010-03-04,906500,41.380001068115234,41.47999954223633,41.029998779296875,41.29999923706055,26.748414993286133
2010-03-03,1181000,41.31999969482422,41.720001220703125,41.29999923706055,41.400001525878906,26.813190460205078
2010-03-02,1527200,41.15999984741211,41.34000015258789,41.0099983215332,41.06999969482422,26.599456787109375
2010-03-01,1313800,40.529998779296875,40.95000076293945,40.5099983215332,40.95000076293945,26.52174186706543
2010-02-26,1226700,39.86000061035156,40.150001525878906,39.5099983215332,40.09000015258789,25.964754104614258
2010-02-25,1345300,38.880001068115234,39.56999969482422,38.72999954223633,39.4900016784668,25.576156616210938
2010-02-24,747400,39.86000061035156,40.310001373291016,39.77000045776367,40.279998779296875,26.087806701660156
2010-02-23,1286400,40.59000015258789,40.75,39.77000045776367,39.77000045776367,25.75750160217285
2010-02-22,701000,40.63999938964844,40.66999816894531,40.36000061035156,40.5,26.230295181274414
2010-02-19,1950000,39.90999984741211,40.31999969482422,39.7400016784668,40.220001220703125,26.048952102661133
2010-02-18,1326300,40.04999923706055,40.59000015258789,40.04999923706055,40.540000915527344,26.256202697753906
2010-02-17,1896200,40.40999984741211,40.47999954223633,40.119998931884766,40.33000183105469,26.120195388793945
2010-02-16,1775600,39.5,40.02000045776367,39.380001068115234,39.90999984741211,25.848176956176758
2010-02-12,1078100,38.41999816894531,38.88999938964844,38.18000030517578,38.810001373291016,25.135744094848633
2010-02-11,1057400,38.599998474121094,39.290000915527344,38.369998931884766,39.2400016784668,25.414241790771484
2010-02-10,3184800,38.25,38.41999816894531,37.709999084472656,38.16999816894531,24.721240997314453
2010-02-09,1751200,38.20000076293945,38.83000183105469,37.869998931884766,38.41999816894531,24.883155822753906
2010-02-08,1232700,37.58000183105469,37.939998626708984,37.2599983215332,37.27000045776367,24.138338088989258
2010-02-05,4434600,37.380001068115234,37.540000915527344,36.58000183105469,37.470001220703125,24.267879486083984
2010-02-04,2864800,38.5,38.529998779296875,37.369998931884766,37.38999938964844,24.216060638427734
2010-02-03,1198300,39.290000915527344,39.41999816894531,38.959999084472656,39.04999923706055,25.29117774963379
2010-02-02,2256300,39.040000915527344,39.5,38.790000915527344,39.380001068115234,25.504913330078125
2010-02-01,5546500,38.65999984741211,39.040000915527344,38.529998779296875,39.029998779296875,25.278228759765625
2010-01-29,4641400,39.25,39.41999816894531,38.15999984741211,38.18000030517578,24.727718353271484
2010-01-28,1473500,39.810001373291016,39.88999938964844,38.869998931884766,39.11000061035156,25.330045700073242
2010-01-27,1854600,39.2599983215332,39.459999084472656,38.77000045776367,39.439998626708984,25.543773651123047
2010-01-26,1702900,39.72999954223633,40.11000061035156,39.560001373291016,39.68000030517578,25.699209213256836
2010-01-25,1101300,40.5099983215332,40.59000015258789,40.18000030517578,40.369998931884766,26.14609718322754
2010-01-22,1888200,40.380001068115234,40.650001525878906,39.70000076293945,39.83000183105469,25.79636573791504
2010-01-21,2803100,41.720001220703125,41.779998779296875,40.439998626708984,40.459999084472656,26.204381942749023
2010-01-20,1219100,42.04999923706055,42.15999984741211,41.560001373291016,41.81999969482422,27.085206985473633
2010-01-19,966500,42.52000045776367,43.15999984741211,42.45000076293945,43.040000915527344,27.875349044799805
2010-01-15,1264500,42.91999816894531,42.95000076293945,42.29999923706055,42.459999084472656,27.499713897705078
2010-01-14,1703400,42.97999954223633,43.2400016784668,42.97999954223633,43.15999984741211,27.95307159423828
2010-01-13,833300,42.59000015258789,42.939998626708984,42.34000015258789,42.88999938964844,27.7782039642334
2010-01-12,1259800,42.779998779296875,42.970001220703125,42.36000061035156,42.52000045776367,27.538572311401367
2010-01-11,992100,43.720001220703125,43.790000915527344,43.380001068115234,43.65999984741211,28.276905059814453
2010-01-08,1473700,42.880001068115234,43.369998931884766,42.869998931884766,43.369998931884766,28.08907699584961
2010-01-07,1001100,42.93000030517578,42.959999084472656,42.68000030517578,42.86000061035156,27.758771896362305
2010-01-06,713000,43.040000915527344,43.2400016784668,42.95000076293945,43.20000076293945,27.97897720336914
2010-01-05,937200,42.900001525878906,43.099998474121094,42.689998626708984,42.97999954223633,27.836496353149414
2010-01-04,1233400,42.27000045776367,42.900001525878906,42.27000045776367,42.7599983215332,27.69400978088379
2009-12-31,392200,41.86000061035156,41.88999938964844,41.369998931884766,41.369998931884766,26.793752670288086
2009-12-30,452200,41.33000183105469,41.4900016784668,41.0099983215332,41.41999816894531,26.826139450073242
2009-12-29,902700,41.599998474121094,41.65999984741211,41.369998931884766,41.439998626708984,26.839092254638672
2009-12-28,897200,40.939998626708984,41.08000183105469,40.81999969482422,41.04999923706055,26.586503982543945
2009-12-24,324100,40.54999923706055,40.849998474121094,40.54999923706055,40.84000015258789,26.450496673583984
2009-12-23,779200,40.13999938964844,40.33000183105469,40.02000045776367,40.150001525878906,26.003620147705078
2009-12-22,1180000,39.90999984741211,39.9900016784668,39.66999816894531,39.77000045776367,25.75750160217285
2009-12-21,1041900,40.41999816894531,40.59000015258789,40.29999923706055,40.43000030517578,25.665531158447266
2009-12-18,1390000,40.59000015258789,40.7400016784668,40.220001220703125,40.7400016784668,25.862323760986328
2009-12-17,871800,40.61000061035156,40.61000061035156,40.279998779296875,40.41999816894531,25.659183502197266
2009-12-16,1271900,41.369998931884766,41.4900016784668,41.150001525878906,41.209999084472656,26.16069221496582
2009-12-15,957700,41.45000076293945,41.599998474121094,41.220001220703125,41.29999923706055,26.217815399169922
2009-12-14,756700,41.7599983215332,41.91999816894531,41.54999923706055,41.91999816894531,26.61140251159668
2009-12-11,747000,41.84000015258789,41.86000061035156,41.47999954223633,41.599998474121094,26.408267974853516
2009-12-10,1139800,41.7400016784668,41.900001525878906,41.59000015258789,41.77000045776367,26.516185760498047
2009-12-09,1081400,41.150001525878906,41.470001220703125,40.939998626708984,41.45000076293945,26.313039779663086
2009-12-08,1800900,41.439998626708984,41.45000076293945,40.970001220703125,41.08000183105469,26.07816505432129
2009-12-07,1234300,41.58000183105469,42.119998931884766,41.58000183105469,41.689998626708984,26.465394973754883
2009-12-04,1795500,42.83000183105469,43.130001068115234,41.869998931884766,42.2400016784668,26.81454849243164
2009-12-03,1582300,43.040000915527344,43.2599983215332,42.58000183105469,42.58000183105469,27.030378341674805
2009-12-02,1831300,42.869998931884766,43.209999084472656,42.709999084472656,42.7400016784668,27.131954193115234
2009-12-01,1854000,42.65999984741211,43.0099983215332,42.52000045776367,42.790000915527344,27.163692474365234
2009-11-30,2005200,41.439998626708984,41.869998931884766,41.29999923706055,41.849998474121094,26.566965103149414
2009-11-27,1292700,40.34000015258789,41.310001373291016,40.2400016784668,41.040000915527344,26.05276870727539
2009-11-25,1264600,42.439998626708984,42.91999816894531,42.400001525878906,42.869998931884766,27.214479446411133
2009-11-24,1296000,42.290000915527344,42.290000915527344,41.720001220703125,42.02000045776367,26.674888610839844
2009-11-23,1243700,42.70000076293945,42.90999984741211,42.4900016784668,42.58000183105469,27.030378341674805
2009-11-20,858300,41.380001068115234,41.790000915527344,41.310001373291016,41.68000030517578,26.459054946899414
2009-11-19,2387900,42.22999954223633,42.22999954223633,41.54999923706055,41.9900016784668,26.655847549438477
2009-11-18,2791000,42.86000061035156,42.900001525878906,42.5,42.72999954223633,27.125606536865234
2009-11-17,1092400,42.79999923706055,42.97999954223633,42.369998931884766,42.970001220703125,27.2779598236084
2009-11-16,1389700,43.16999816894531,43.720001220703125,43.13999938964844,43.439998626708984,27.576324462890625
2009-11-13,1191700,42.310001373291016,42.880001068115234,42.11000061035156,42.70000076293945,27.10655975341797
2009-11-12,1460200,42.81999969482422,43,42.029998779296875,42.130001068115234,26.744720458984375
2009-11-11,1398500,43.060001373291016,43.22999954223633,42.68000030517578,42.939998626708984,27.25891876220703
2009-11-10,1596400,42.43000030517578,42.77000045776367,42.290000915527344,42.63999938964844,27.068470001220703
2009-11-09,1653600,42.08000183105469,42.790000915527344,42.08000183105469,42.7599983215332,27.144643783569336
2009-11-06,1055400,40.56999969482422,41.16999816894531,40.560001373291016,41.060001373291016,26.06546401977539
2009-11-05,1530100,40.400001525878906,40.68000030517578,40.2400016784668,40.61000061035156,25.779800415039062
2009-11-04,3108200,40.47999954223633,40.689998626708984,40.130001068115234,40.22999954223633,25.53856658935547
2009-11-03,2620900,39.290000915527344,39.91999816894531,39.119998931884766,39.900001525878906,25.32908058166504
2009-11-02,3481200,40.029998779296875,40.68000030517578,39.5,40.130001068115234,25.475088119506836
2009-10-30,3161500,40.619998931884766,40.83000183105469,39.27000045776367,39.59000015258789,25.13228988647461
2009-10-29,2517800,40.349998474121094,41.279998779296875,40.349998474121094,41.13999938964844,26.116252899169922
2009-10-28,2438000,40.9900016784668,41.08000183105469,39.91999816894531,40.16999816894531,25.500473022460938
2009-10-27,1752000,42.189998626708984,42.31999969482422,41.65999984741211,41.790000915527344,26.52887725830078
2009-10-26,1689200,42.91999816894531,43.34000015258789,42.13999938964844,42.349998474121094,26.884366989135742
2009-10-23,1552200,43.349998474121094,43.54999923706055,42.54999923706055,42.779998779296875,27.15734100341797
2009-10-22,2962000,42.75,43.29999923706055,42.36000061035156,43.22999954223633,27.443012237548828
2009-10-21,2473100,42.93000030517578,43.599998474121094,42.849998474121094,42.880001068115234,27.220829010009766
2009-10-20,2065700,43.279998779296875,43.31999969482422,42.619998931884766,42.900001525878906,27.2335205078125
2009-10-19,1863900,42.63999938964844,43.2599983215332,42.5099983215332,43.11000061035156,27.36682891845703
2009-10-16,1823800,42.38999938964844,42.599998474121094,42.150001525878906,42.38999938964844,26.909770965576172
2009-10-15,1413700,42.59000015258789,43.040000915527344,42.4900016784668,42.9900016784668,27.29065704345703
2009-10-14,1520900,42.560001373291016,42.90999984741211,42.40999984741211,42.79999923706055,27.1700439453125
2009-10-13,1276100,41.66999816894531,41.720001220703125,41.31999969482422,41.52000045776367,26.357479095458984
2009-10-12,1921400,41.709999084472656,41.81999969482422,41.5,41.58000183105469,26.395570755004883
2009-10-09,1294100,41.470001220703125,41.619998931884766,41.279998779296875,41.61000061035156,26.414609909057617
2009-10-08,1954500,41.38999938964844,41.939998626708984,41.279998779296875,41.689998626708984,26.465394973754883
2009-10-07,1768200,40.25,40.529998779296875,40.13999938964844,40.529998779296875,25.7290096282959
2009-10-06,1795700,39.86000061035156,40.29999923706055,39.81999969482422,40.02000045776367,25.405256271362305
2009-10-05,922200,38.90999984741211,39.5099983215332,38.84000015258789,39.41999816894531,25.02436637878418
2009-10-02,2232100,38.459999084472656,38.9900016784668,38.220001220703125,38.61000061035156,24.510169982910156
2009-10-01,1815100,40.189998626708984,40.310001373291016,39.11000061035156,39.209999084472656,24.89105987548828
2009-09-30,1486000,40.66999816894531,40.810001373291016,40.060001373291016,40.529998779296875,25.7290096282959
2009-09-29,1008500,40.29999923706055,40.43000030517578,40.0099983215332,40.209999084472656,25.525875091552734
2009-09-28,938300,39.709999084472656,40.290000915527344,39.470001220703125,40.130001068115234,25.475088119506836
2009-09-25,1399900,39.529998779296875,39.849998474121094,39.34000015258789,39.599998474121094,25.138633728027344
2009-09-24,2661700,40.11000061035156,40.2400016784668,39.130001068115234,39.36000061035156,24.98628044128418
2009-09-23,1657000,40.2599983215332,40.66999816894531,39.869998931884766,39.939998626708984,25.354473114013672
2009-09-22,1054300,40.040000915527344,40.20000076293945,39.880001068115234,40.150001525878906,25.4877872467041
2009-09-21,1200400,39.20000076293945,39.54999923706055,39.040000915527344,39.34000015258789,24.973581314086914
2009-09-18,2064600,39.849998474121094,39.91999816894531,39.56999969482422,39.720001220703125,25.214811325073242
2009-09-17,2132500,40.040000915527344,40.20000076293945,39.63999938964844,39.849998474121094,25.29733657836914
2009-09-16,3891500,39.81999969482422,40.2400016784668,39.68000030517578,40.22999954223633,25.53856658935547
2009-09-15,2482900,38.599998474121094,38.88999938964844,38.22999954223633,38.79999923706055,24.630783081054688
2009-09-14,1248600,38.349998474121094,38.84000015258789,38.29999923706055,38.7599983215332,24.60538673400879
2009-09-11,1072100,39.279998779296875,39.290000915527344,38.79999923706055,39,24.757740020751953
2009-09-10,1203500,38.599998474121094,39.15999984741211,38.36000061035156,39.15999984741211,24.859310150146484
2009-09-09,1941600,38.650001525878906,38.869998931884766,38.43000030517578,38.63999938964844,24.52920913696289
2009-09-08,1133300,38.529998779296875,38.63999938964844,38.33000183105469,38.529998779296875,24.459383010864258
2009-09-04,1763900,37,37.56999969482422,36.79999923706055,37.40999984741211,23.748394012451172
2009-09-03,915100,36.61000061035156,36.81999969482422,36.34000015258789,36.720001220703125,23.310373306274414
2009-09-02,1480700,36.06999969482422,36.439998626708984,35.95000076293945,36.220001220703125,22.992963790893555
2009-09-01,2102700,36.81999969482422,37.34000015258789,36.060001373291016,36.2599983215332,23.01835060119629
2009-08-31,1499300,36.790000915527344,36.95000076293945,36.540000915527344,36.95000076293945,23.456378936767578
2009-08-28,1031600,37.61000061035156,37.720001220703125,37.060001373291016,37.29999923706055,23.67856216430664
2009-08-27,1346700,36.81999969482422,37.22999954223633,36.40999984741211,37.16999816894531,23.596036911010742
2009-08-26,1013400,36.709999084472656,36.779998779296875,36.349998474121094,36.56999969482422,23.215145111083984
2009-08-25,1840200,37.119998931884766,37.310001373291016,36.75,36.810001373291016,23.367509841918945
2009-08-24,1539200,37.08000183105469,37.209999084472656,36.72999954223633,36.84000015258789,23.386552810668945
2009-08-21,1790700,36.11000061035156,36.459999084472656,35.9900016784668,36.2599983215332,23.01835060119629
2009-08-20,876000,35.83000183105469,36.27000045776367,35.7599983215332,36.22999954223633,22.999313354492188
2009-08-19,924700,35.369998931884766,36.220001220703125,35.34000015258789,36.13999938964844,22.94217872619629
2009-08-18,1008800,35.66999816894531,36.119998931884766,35.58000183105469,36.04999923706055,22.885047912597656
2009-08-17,1617900,35.31999969482422,35.5,35.099998474121094,35.34000015258789,22.434324264526367
2009-08-14,1835400,37.099998474121094,37.18000030517578,36.11000061035156,36.34000015258789,23.069143295288086
2009-08-13,1749600,37.029998779296875,37.150001525878906,36.619998931884766,37.02000045776367,23.500816345214844
2009-08-12,2149400,35.560001373291016,36.599998474121094,35.560001373291016,36.27000045776367,23.024703979492188
2009-08-11,1709400,35.72999954223633,35.81999969482422,35.41999816894531,35.54999923706055,22.56764030456543
2009-08-10,2765300,35.97999954223633,36.02000045776367,35.54999923706055,35.790000915527344,22.719993591308594
2009-08-07,2818900,36.119998931884766,36.349998474121094,35.86000061035156,36.16999816894531,22.96122169494629
2009-08-06,1158100,36.849998474121094,36.849998474121094,35.7599983215332,35.97999954223633,22.840608596801758
2009-08-05,1223900,36.08000183105469,36.130001068115234,35.470001220703125,35.88999938964844,22.783475875854492
2009-08-04,2770300,36.31999969482422,36.650001525878906,36.16999816894531,36.47999954223633,23.158018112182617
2009-08-03,2013000,36.369998931884766,36.68000030517578,36.20000076293945,36.560001373291016,23.20880126953125
2009-07-31,2899900,35.40999984741211,35.88999938964844,35.2599983215332,35.689998626708984,22.656511306762695
2009-07-30,2113000,35.25,35.68000030517578,35.20000076293945,35.27000045776367,22.389892578125
2009-07-29,1422900,34.5,34.560001373291016,34.029998779296875,34.22999954223633,21.72968864440918
2009-07-28,1581900,34.84000015258789,35.09000015258789,34.529998779296875,34.939998626708984,22.180397033691406
2009-07-27,2966300,34.52000045776367,34.77000045776367,34.279998779296875,34.68000030517578,22.015350341796875
2009-07-24,1640500,34.119998931884766,34.31999969482422,33.869998931884766,34.189998626708984,21.704288482666016
2009-07-23,1617500,33.77000045776367,34.540000915527344,33.7400016784668,34.31999969482422,21.78681755065918
2009-07-22,1790900,33.22999954223633,33.79999923706055,33.220001220703125,33.5,21.266271591186523
2009-07-21,2839400,33.959999084472656,33.970001220703125,33.16999816894531,33.66999816894531,21.374183654785156
2009-07-20,829800,33.439998626708984,33.720001220703125,33.279998779296875,33.650001525878906,21.361494064331055
2009-07-17,589700,32.58000183105469,32.779998779296875,32.470001220703125,32.63999938964844,20.72032928466797
2009-07-16,1084300,32.34000015258789,32.880001068115234,32.31999969482422,32.650001525878906,20.726680755615234
2009-07-15,1205000,31.989999771118164,32.52000045776367,31.940000534057617,32.47999954223633,20.61876106262207
2009-07-14,1382300,30.90999984741211,31.1200008392334,30.719999313354492,31.079999923706055,19.73001480102539
2009-07-13,726400,29.75,30.31999969482422,29.399999618530273,30.1299991607666,19.126943588256836
2009-07-10,602400,29.780000686645508,30.079999923706055,28.40999984741211,29.920000076293945,18.993637084960938
2009-07-09,784400,30.06999969482422,30.290000915527344,29.8700008392334,30.110000610351562,19.1142520904541
2009-07-08,1117100,30.010000228881836,30.209999084472656,29.280000686645508,29.6299991607666,18.809539794921875
2009-07-07,618600,30.510000228881836,30.579999923706055,29.729999542236328,29.790000915527344,18.91111183166504
2009-07-06,1869900,30.25,30.639999389648438,30.110000610351562,30.530000686645508,19.38087272644043
2009-07-02,1050500,31.010000228881836,31.020000457763672,30.59000015258789,30.68000030517578,19.47609519958496
2009-07-01,639300,31.889999389648438,32.060001373291016,31.760000228881836,31.84000015258789,20.212480545043945
2009-06-30,947500,31.93000030517578,32.0099983215332,31.43000030517578,31.670000076293945,20.10455894470215
2009-06-29,632900,31.799999237060547,32.029998779296875,31.530000686645508,32.029998779296875,20.333093643188477
2009-06-26,741600,31.690000534057617,31.850000381469727,31.510000228881836,31.760000228881836,20.16169548034668
2009-06-25,792800,30.760000228881836,31.530000686645508,30.639999389648438,31.489999771118164,19.99028968811035
2009-06-24,958400,30.81999969482422,31.1200008392334,30.43000030517578,30.75,19.520532608032227
2009-06-23,847200,30.18000030517578,30.299999237060547,29.649999618530273,30.190000534057617,19.1650390625
2009-06-22,1743400,31.520000457763672,31.56999969482422,30.729999542236328,30.729999542236328,19.109806060791016
2009-06-19,557300,32.13999938964844,32.189998626708984,31.809999465942383,31.959999084472656,19.874696731567383
2009-06-18,1062100,31.469999313354492,31.969999313354492,31.299999237060547,31.75,19.744110107421875
2009-06-17,2152800,31.459999084472656,31.729999542236328,30.950000762939453,31.450000762939453,19.55755043029785
2009-06-16,1487800,32.36000061035156,32.470001220703125,31.600000381469727,31.75,19.744110107421875
2009-06-15,958200,32.790000915527344,32.790000915527344,31.899999618530273,32.119998931884766,19.974191665649414
2009-06-12,1201400,33.27000045776367,33.54999923706055,33.11000061035156,33.41999816894531,20.782611846923828
2009-06-11,1468400,33.45000076293945,34.209999084472656,33.45000076293945,33.880001068115234,21.068675994873047
2009-06-10,1447900,33.47999954223633,33.52000045776367,32.61000061035156,33.15999984741211,20.62093162536621
2009-06-09,1779000,32.40999984741211,32.790000915527344,32.290000915527344,32.599998474121094,20.272687911987305
2009-06-08,691200,31.90999984741211,32.45000076293945,31.729999542236328,32.2599983215332,20.061256408691406
2009-06-05,732400,33.279998779296875,33.31999969482422,32.58000183105469,32.68000030517578,20.32243537902832
2009-06-04,977900,32.59000015258789,32.93000030517578,32.2400016784668,32.75,20.365970611572266
2009-06-03,1338100,33.36000061035156,33.36000061035156,32.41999816894531,32.72999954223633,20.35352897644043
2009-06-02,1854700,33.040000915527344,33.63999938964844,33.040000915527344,33.459999084472656,20.8074893951416
2009-06-01,2085100,32.709999084472656,33.349998474121094,32.65999984741211,33.220001220703125,20.658245086669922
2009-05-29,1215600,31.649999618530273,32.09000015258789,31.450000762939453,32.06999969482422,19.94310188293457
2009-05-28,934100,30.75,31.020000457763672,30.31999969482422,30.8700008392334,19.196866989135742
2009-05-27,644900,31.239999771118164,31.299999237060547,30.5,30.610000610351562,19.035184860229492
2009-05-26,1304400,30.06999969482422,31.329999923706055,30,31.299999237060547,19.46426773071289
2009-05-22,708200,30.360000610351562,30.6299991607666,30.260000228881836,30.34000015258789,18.867284774780273
2009-05-21,1028000,29.93000030517578,30.1299991607666,29.639999389648438,30.049999237060547,18.686939239501953
2009-05-20,808300,31.010000228881836,31.25,30.65999984741211,30.65999984741211,19.06627655029297
2009-05-19,836600,30.639999389648438,31.059999465942383,30.469999313354492,30.719999313354492,19.103588104248047
2009-05-18,983500,29.649999618530273,30.360000610351562,29.6200008392334,30.360000610351562,18.87972068786621
2009-05-15,961900,29.290000915527344,29.540000915527344,28.770000457763672,28.8799991607666,17.95936393737793
2009-05-14,1520300,28.780000686645508,29.479999542236328,28.780000686645508,29.34000015258789,18.245420455932617
2009-05-13,806000,29.5,29.520000457763672,28.899999618530273,28.959999084472656,18.009113311767578
2009-05-12,765300,30.31999969482422,30.440000534057617,29.65999984741211,30.1299991607666,18.7366886138916
2009-05-11,1460900,30.200000762939453,30.360000610351562,29.829999923706055,29.899999618530273,18.593664169311523
2009-05-08,1415600,30.709999084472656,31.3700008392334,30.40999984741211,31.25,19.433176040649414
2009-05-07,1329500,30.8799991607666,30.8799991607666,29.850000381469727,30.010000228881836,18.662067413330078
2009-05-06,1032700,29.979999542236328,30.469999313354492,29.700000762939453,30.350000381469727,18.873498916625977
2009-05-05,914300,29.549999237060547,29.670000076293945,29.209999084472656,29.31999969482422,18.232982635498047
2009-05-04,1136500,28.860000610351562,29.670000076293945,28.670000076293945,29.56999969482422,18.388446807861328
2009-05-01,843200,27.760000228881836,28.059999465942383,27.59000015258789,27.850000381469727,17.31884765625
2009-04-30,2488400,27.920000076293945,28.31999969482422,27.649999618530273,27.770000457763672,17.26909637451172
2009-04-29,1361900,26.670000076293945,27.68000030517578,26.670000076293945,27.420000076293945,17.051443099975586
2009-04-28,691700,26.190000534057617,26.639999389648438,26,26.280000686645508,16.3425235748291
2009-04-27,745500,26.780000686645508,27.040000915527344,26.56999969482422,26.649999618530273,16.572612762451172
2009-04-24,790500,27.34000015258789,27.690000534057617,27.270000457763672,27.5,17.101192474365234
2009-04-23,623900,26.799999237060547,27.15999984741211,26.600000381469727,27.15999984741211,16.88976287841797
2009-04-22,808000,26.280000686645508,26.760000228881836,26.059999465942383,26.329999923706055,16.37361717224121
2009-04-21,868000,25.93000030517578,26.809999465942383,25.850000381469727,26.780000686645508,16.65345573425293
2009-04-20,1436100,26.790000915527344,26.799999237060547,26.020000457763672,26.020000457763672,16.18084144592285
2009-04-17,1254800,27.75,27.780000686645508,27.329999923706055,27.510000228881836,17.10741424560547
2009-04-16,1382900,27.68000030517578,27.93000030517578,27.3799991607666,27.81999969482422,17.300189971923828
2009-04-15,725300,27.020000457763672,27.709999084472656,26.93000030517578,27.610000610351562,17.169599533081055
2009-04-14,898900,27.3700008392334,27.59000015258789,27.049999237060547,27.059999465942383,16.82757568359375
2009-04-13,715000,26.81999969482422,27.600000381469727,26.81999969482422,27.3799991607666,17.026573181152344
2009-04-09,1452600,26.860000610351562,26.950000762939453,26.610000610351562,26.90999984741211,16.734296798706055
2009-04-08,959700,26.139999389648438,26.309999465942383,25.829999923706055,26,16.16840171813965
2009-04-07,868600,26.40999984741211,26.420000076293945,25.989999771118164,25.989999771118164,16.162185668945312
2009-04-06,813900,26.559999465942383,26.700000762939453,26.25,26.549999237060547,16.510421752929688
2009-04-03,1168400,26.479999542236328,26.950000762939453,26.270000457763672,26.950000762939453,16.759174346923828
2009-04-02,1750400,26.239999771118164,26.989999771118164,26.1200008392334,26.510000228881836,16.485553741455078
2009-04-01,821700,24.600000381469727,25.31999969482422,24.510000228881836,25.25,15.702006340026855
2009-03-31,1060600,24.68000030517578,25,24.479999542236328,24.6299991607666,15.316449165344238
2009-03-30,1102400,24.209999084472656,24.280000686645508,23.850000381469727,24.020000457763672,14.937114715576172
2009-03-27,1780300,25.260000228881836,25.309999465942383,25,25.06999969482422,15.590072631835938
2009-03-26,1457100,25.549999237060547,26.06999969482422,25.549999237060547,25.920000076293945,16.11865234375
2009-03-25,1431300,25.1200008392334,25.610000610351562,24.639999389648438,25.200000762939453,15.67091178894043
2009-03-24,1258000,25.100000381469727,25.510000228881836,24.200000762939453,24.8799991607666,15.471918106079102
2009-03-23,1550100,25.200000762939453,25.600000381469727,24.309999465942383,25.600000381469727,15.919657707214355
2009-03-20,879000,23.920000076293945,24.1299991607666,23.56999969482422,23.56999969482422,14.657276153564453
2009-03-19,1343300,24.170000076293945,24.200000762939453,23.729999542236328,23.729999542236328,14.756776809692383
2009-03-18,2423700,22.81999969482422,23.920000076293945,22.780000686645508,23.6299991607666,14.694587707519531
2009-03-17,1081600,22.65999984741211,23.350000381469727,22.65999984741211,23.25,14.458281517028809
2009-03-16,2112400,22.75,23.09000015258789,22.520000457763672,22.56999969482422,14.035415649414062
2009-03-13,1735200,22.200000762939453,22.549999237060547,22.1200008392334,22.31999969482422,13.879952430725098
2009-03-12,1056300,21.260000228881836,22,21.18000030517578,21.850000381469727,13.587677955627441
2009-03-11,1391300,21.510000228881836,21.6299991607666,21.170000076293945,21.329999923706055,13.26430892944336
2009-03-10,1559400,20.84000015258789,21.440000534057617,20.709999084472656,21.309999465942383,13.251871109008789
2009-03-09,1832000,20.100000381469727,20.510000228881836,19.899999618530273,20.059999465942383,12.4745454788208
2009-03-06,1108500,20.790000915527344,20.989999771118164,20.149999618530273,20.450000762939453,12.717071533203125
2009-03-05,731300,20.65999984741211,20.940000534057617,20.260000228881836,20.469999313354492,12.72950553894043
2009-03-04,1034000,21.149999618530273,21.84000015258789,21.040000915527344,21.549999237060547,13.401119232177734
2009-03-03,1673500,20.799999237060547,20.920000076293945,20.31999969482422,20.56999969482422,12.791694641113281
2009-03-02,2881700,20.75,20.940000534057617,20.25,20.360000610351562,12.661105155944824
2009-02-27,688200,21.290000915527344,21.829999923706055,21.239999771118164,21.31999969482422,13.258090019226074
2009-02-26,2128600,22.219999313354492,22.360000610351562,21.700000762939453,21.780000686645508,13.544145584106445
2009-02-25,1351100,22.139999389648438,22.389999389648438,21.6200008392334,21.920000076293945,13.631207466125488
2009-02-24,1515300,21.6200008392334,22.469999313354492,21.59000015258789,22.459999084472656,13.967015266418457
2009-02-23,1290600,22.190000534057617,22.34000015258789,21.360000610351562,21.469999313354492,13.351370811462402
2009-02-20,1010000,21.479999542236328,22.229999542236328,21.309999465942383,22.020000457763672,13.693395614624023
2009-02-19,811600,22.6200008392334,22.760000228881836,22.020000457763672,22.1200008392334,13.75557804107666
2009-02-18,4525400,22.020000457763672,22.170000076293945,21.18000030517578,22.040000915527344,13.705832481384277
2009-02-17,1127900,21.799999237060547,22.25,21.6200008392334,21.850000381469727,13.587677955627441
2009-02-13,825100,23.030000686645508,23.469999313354492,23.030000686645508,23.18000030517578,14.414748191833496
2009-02-12,747200,22.43000030517578,23.040000915527344,22.309999465942383,23.030000686645508,14.321473121643066
2009-02-11,750100,22.920000076293945,23.170000076293945,22.549999237060547,23.059999465942383,14.340127944946289
2009-02-10,1001800,23.520000457763672,23.6200008392334,22.170000076293945,22.309999465942383,13.873734474182129
2009-02-09,680400,23.799999237060547,24.139999389648438,23.649999618530273,23.8799991607666,14.850050926208496
2009-02-06,610800,23.110000610351562,24.149999618530273,23.110000610351562,24.010000228881836,14.930895805358887
2009-02-05,557300,22.399999618530273,23.1299991607666,22.219999313354492,22.889999389648438,14.234411239624023
2009-02-04,1006000,22.709999084472656,23.09000015258789,22.329999923706055,22.559999465942383,14.029194831848145
2009-02-03,1304700,22.5,23.170000076293945,22.309999465942383,23.030000686645508,14.321473121643066
2009-02-02,1158500,22.059999465942383,22.729999542236328,22.059999465942383,22.59000015258789,14.047853469848633
2009-01-30,556800,22.90999984741211,23.049999237060547,22.290000915527344,22.389999389648438,13.923480987548828
2009-01-29,672500,23.139999389648438,23.139999389648438,22.639999389648438,22.690000534057617,14.110038757324219
2009-01-28,705900,23.350000381469727,24.1200008392334,23.030000686645508,23.709999084472656,14.744338989257812
2009-01-27,810500,23.040000915527344,23.1299991607666,22.6200008392334,22.920000076293945,14.253067016601562
2009-01-26,1182700,22.520000457763672,22.860000610351562,22.200000762939453,22.450000762939453,13.960790634155273
2009-01-23,1006200,21.469999313354492,22.479999542236328,21.399999618530273,22.399999618530273,13.929699897766113
2009-01-22,1447300,22.440000534057617,22.829999923706055,22.040000915527344,22.600000381469727,14.054072380065918
2009-01-21,715400,22.5,23.440000534057617,22.100000381469727,23.440000534057617,14.576436996459961
2009-01-20,1428000,22.940000534057617,23.229999542236328,21.93000030517578,22.1200008392334,13.75557804107666
2009-01-16,798400,24.059999465942383,24.1299991607666,23.1299991607666,23.899999618530273,14.862491607666016
2009-01-15,1033100,23.3799991607666,23.790000915527344,22.510000228881836,23.579999923706055,14.663494110107422
2009-01-14,943700,23.780000686645508,23.81999969482422,23.190000534057617,23.549999237060547,14.644841194152832
2009-01-13,739300,24.149999618530273,24.309999465942383,23.75,24.209999084472656,15.055268287658691
2009-01-12,977800,25.1299991607666,25.1299991607666,24.299999237060547,24.549999237060547,15.266705513000488
2009-01-09,550400,25.8799991607666,25.959999084472656,25.06999969482422,25.06999969482422,15.590072631835938
2009-01-08,782400,25.829999923706055,26.200000762939453,25.56999969482422,26.200000762939453,16.292776107788086
2009-01-07,740500,26.559999465942383,26.6299991607666,25.920000076293945,26.1200008392334,16.243024826049805
2009-01-06,2430300,26.719999313354492,27.299999237060547,26.65999984741211,26.899999618530273,16.72808074951172
2009-01-05,1841600,26.219999313354492,26.6200008392334,26.06999969482422,26.34000015258789,16.379833221435547
2009-01-02,858300,25.809999465942383,26.6200008392334,25.59000015258789,26.549999237060547,16.510421752929688
2008-12-31,1294600,25.049999237060547,26.350000381469727,24.950000762939453,26.350000381469727,16.386051177978516
2008-12-30,864300,24.690000534057617,25.34000015258789,24.639999389648438,25.34000015258789,15.757974624633789
2008-12-29,984400,24.809999465942383,24.940000534057617,24.43000030517578,24.600000381469727,15.297796249389648
2008-12-26,480500,24.440000534057617,24.780000686645508,24.3700008392334,24.780000686645508,15.409734725952148
2008-12-24,377200,23.780000686645508,24.600000381469727,23.780000686645508,24.540000915527344,15.260486602783203
2008-12-23,1398100,24.09000015258789,24.520000457763672,23.969999313354492,24.190000534057617,15.042834281921387
2008-12-22,1363300,24.790000915527344,25.1200008392334,24.559999465942383,24.899999618530273,15.181500434875488
2008-12-19,2570000,25.1299991607666,25.610000610351562,25.06999969482422,25.100000381469727,15.303446769714355
2008-12-18,997600,25.81999969482422,26.049999237060547,24.239999771118164,24.8799991607666,15.16931438446045
2008-12-17,1071600,25.100000381469727,26,25.100000381469727,25.639999389648438,15.632685661315918
2008-12-16,1399700,24.459999084472656,26.100000381469727,24.459999084472656,26.030000686645508,15.870471000671387
2008-12-15,1403800,24.719999313354492,25.09000015258789,24.200000762939453,24.559999465942383,14.974213600158691
2008-12-12,1570900,23.889999389648438,24.8700008392334,23.850000381469727,24.739999771118164,15.08395767211914
2008-12-11,622600,24.670000076293945,25.219999313354492,24.139999389648438,24.360000610351562,14.852267265319824
2008-12-10,694700,24.719999313354492,25.040000915527344,24.329999923706055,24.84000015258789,15.144920349121094
2008-12-09,749600,24.170000076293945,25.079999923706055,23.84000015258789,25.079999923706055,15.291250228881836
2008-12-08,1000400,24.299999237060547,25.209999084472656,24.260000228881836,25.209999084472656,15.370512008666992
2008-12-05,773600,22.1200008392334,23.520000457763672,21.950000762939453,23.520000457763672,14.340123176574707
2008-12-04,574400,22.899999618530273,23.290000915527344,22.15999984741211,22.3799991607666,13.645064353942871
2008-12-03,608200,22.600000381469727,23.559999465942383,22.5,23.540000915527344,14.352314949035645
2008-12-02,1346900,22.709999084472656,23.790000915527344,22.709999084472656,23.520000457763672,14.340123176574707
2008-12-01,913100,23.610000610351562,23.610000610351562,22.350000381469727,22.43000030517578,13.67555046081543
2008-11-28,981800,24.1200008392334,24.559999465942383,23.780000686645508,24.559999465942383,14.974213600158691
2008-11-26,2486500,23.15999984741211,24.360000610351562,22.809999465942383,24.200000762939453,14.754716873168945
2008-11-25,1603500,24.09000015258789,24.239999771118164,23.100000381469727,23.520000457763672,14.340123176574707
2008-11-24,1094900,22.1299991607666,23.68000030517578,22.110000610351562,23.100000381469727,14.0840482711792
2008-11-21,1598800,21.479999542236328,22.479999542236328,20.68000030517578,22.479999542236328,13.706037521362305
2008-11-20,1533800,20.850000381469727,21.530000686645508,19.479999542236328,19.579999923706055,11.937906265258789
2008-11-19,1664200,22.5,22.8700008392334,21.149999618530273,21.149999618530273,12.895134925842285
2008-11-18,494900,22.530000686645508,23.25,22.079999923706055,23.079999923706055,14.071856498718262
2008-11-17,601200,23.139999389648438,24.110000610351562,22.969999313354492,23.100000381469727,14.0840482711792
2008-11-14,1158400,24.100000381469727,24.81999969482422,23.43000030517578,23.479999542236328,14.31573486328125
2008-11-13,1203000,23.75,25.670000076293945,22.540000915527344,25.559999465942383,15.583906173706055
2008-11-12,819800,24.510000228881836,24.84000015258789,23.350000381469727,23.709999084472656,14.455965042114258
2008-11-11,838500,25.290000915527344,25.6299991607666,24.219999313354492,25.09000015258789,15.297350883483887
2008-11-10,778300,27.700000762939453,27.780000686645508,25.81999969482422,26.219999313354492,15.986308097839355
2008-11-07,808400,26.799999237060547,27.260000228881836,26.360000610351562,27.1299991607666,16.541135787963867
2008-11-06,782900,27.030000686645508,27.389999389648438,25.510000228881836,25.510000228881836,15.553426742553711
2008-11-05,536600,28.459999084472656,28.90999984741211,27.260000228881836,27.459999084472656,16.74233627319336
2008-11-04,729200,28.06999969482422,28.979999542236328,28.020000457763672,28.829999923706055,17.577621459960938
2008-11-03,783900,26.780000686645508,27.3700008392334,26.510000228881836,27.229999542236328,16.602108001708984
2008-10-31,727900,25.920000076293945,26.700000762939453,25.450000762939453,26.3799991607666,16.083858489990234
2008-10-30,591100,26.729999542236328,26.809999465942383,25.469999313354492,26.420000076293945,16.108251571655273
2008-10-29,909500,24.84000015258789,26.290000915527344,24.420000076293945,25.139999389648438,15.327836990356445
2008-10-28,815100,23.3700008392334,25.25,22.649999618530273,25.219999313354492,15.376609802246094
2008-10-27,760300,22.3700008392334,23.079999923706055,21.93000030517578,22.049999237060547,13.44386100769043
2008-10-24,763000,21.65999984741211,23.770000457763672,21.65999984741211,23.25,14.175503730773926
2008-10-23,593800,25.270000457763672,26.229999542236328,23.850000381469727,25.420000076293945,15.49854850769043
2008-10-22,673900,26.1299991607666,26.510000228881836,24.889999389648438,25.309999465942383,15.431485176086426
2008-10-21,492200,28,28.34000015258789,27.06999969482422,27.40999984741211,16.711854934692383
2008-10-20,626700,27.8799991607666,28.940000534057617,27.6299991607666,28.729999542236328,17.516660690307617
2008-10-17,755200,26.31999969482422,27.889999389648438,26.059999465942383,26.530000686645508,16.17531394958496
2008-10-16,731800,26.84000015258789,28.110000610351562,25.350000381469727,27.950000762939453,17.04108428955078
2008-10-15,861200,28.1200008392334,28.3799991607666,25.899999618530273,26.34000015258789,16.05946922302246
2008-10-14,1732100,30.950000762939453,31.420000076293945,28.290000915527344,29.530000686645508,18.004411697387695
2008-10-13,1106800,27.799999237060547,30.700000762939453,27.700000762939453,30.43000030517578,18.553142547607422
2008-10-10,1830600,25.219999313354492,26.68000030517578,23.75,26.100000381469727,15.913148880004883
2008-10-09,1306700,29.59000015258789,29.8799991607666,26.540000915527344,26.540000915527344,16.181415557861328
2008-10-08,2041800,26.799999237060547,29.479999542236328,26.559999465942383,28.200000762939453,17.19351577758789
2008-10-07,1561200,31.59000015258789,31.690000534057617,29.299999237060547,29.65999984741211,18.083669662475586
2008-10-06,1678100,31.079999923706055,31.280000686645508,28.6200008392334,29.950000762939453,18.260486602783203
2008-10-03,853100,34.099998474121094,35.08000183105469,33.20000076293945,33.29999923706055,20.302978515625
2008-10-02,751900,34.86000061035156,34.9900016784668,33.529998779296875,33.70000076293945,20.546863555908203
2008-10-01,569600,35.40999984741211,37.20000076293945,34.939998626708984,35.86000061035156,21.86380958557129
2008-09-30,1250900,35.18000030517578,36.09000015258789,34.5099983215332,35.900001525878906,21.888200759887695
2008-09-29,1083400,36.369998931884766,36.369998931884766,31.5,33.86000061035156,20.644411087036133
2008-09-26,518200,37.27000045776367,38.13999938964844,36.810001373291016,38.13999938964844,23.253929138183594
2008-09-25,737200,38.380001068115234,39.02000045776367,38.349998474121094,38.439998626708984,23.436830520629883
2008-09-24,651900,38.290000915527344,38.38999938964844,37.83000183105469,38.31999969482422,23.363672256469727
2008-09-23,725400,38.220001220703125,38.84000015258789,37.36000061035156,37.779998779296875,23.03443145751953
2008-09-22,796000,39.16999816894531,39.279998779296875,38.22999954223633,38.22999954223633,23.308794021606445
2008-09-19,981600,37,40,35,38.08000183105469,23.21734046936035
2008-09-18,1353000,35.33000183105469,36.540000915527344,34.13999938964844,36.189998626708984,22.065011978149414
2008-09-17,1381800,34.90999984741211,35.310001373291016,33.84000015258789,34.290000915527344,20.90658187866211
2008-09-16,1645100,34.970001220703125,36.66999816894531,34.95000076293945,36.540000915527344,22.27840805053711
2008-09-15,786100,36.560001373291016,37.220001220703125,36.029998779296875,36.209999084472656,22.077199935913086
2008-09-12,454800,37.41999816894531,38.470001220703125,37.279998779296875,38.470001220703125,23.45512580871582
2008-09-11,829800,36.099998474121094,37.34000015258789,35.93000030517578,37.33000183105469,22.760066986083984
2008-09-10,555400,37.72999954223633,38.02000045776367,37.189998626708984,37.619998931884766,22.936880111694336
2008-09-09,676200,38.36000061035156,38.599998474121094,36.93000030517578,36.93000030517578,22.51618194580078
2008-09-08,1378500,39.70000076293945,39.79999923706055,38.310001373291016,39.130001068115234,23.857526779174805
2008-09-05,824800,37.439998626708984,37.959999084472656,36.970001220703125,37.7599983215332,23.022233963012695
2008-09-04,791400,38.95000076293945,39.13999938964844,37.4900016784668,37.650001525878906,22.955169677734375
2008-09-03,511400,39.84000015258789,40.08000183105469,39.4900016784668,39.7599983215332,24.24163055419922
2008-09-02,572700,40.599998474121094,40.970001220703125,40.220001220703125,40.220001220703125,24.522098541259766
2008-08-29,371600,41.349998474121094,41.5,41.0099983215332,41.11000061035156,25.064727783203125
2008-08-28,426800,41.38999938964844,41.54999923706055,41.189998626708984,41.310001373291016,25.186668395996094
2008-08-27,485600,40.4900016784668,40.72999954223633,40.29999923706055,40.59000015258789,24.747684478759766
2008-08-26,409000,40.029998779296875,40.41999816894531,40,40.18000030517578,24.497705459594727
2008-08-25,480300,40.45000076293945,40.599998474121094,39.79999923706055,39.79999923706055,24.266023635864258
2008-08-22,390900,40.31999969482422,40.63999938964844,40.29999923706055,40.619998931884766,24.765979766845703
2008-08-21,824400,39.939998626708984,40.38999938964844,39.540000915527344,40.279998779296875,24.558677673339844
2008-08-20,625000,40.11000061035156,40.4900016784668,39.939998626708984,40.47999954223633,24.680620193481445
2008-08-19,473200,39.40999984741211,39.650001525878906,39.189998626708984,39.56999969482422,24.125797271728516
2008-08-18,318800,40.81999969482422,40.900001525878906,39.84000015258789,40.040000915527344,24.412349700927734
2008-08-15,568200,40.380001068115234,40.540000915527344,40.0099983215332,40.38999938964844,24.625743865966797
2008-08-14,1430300,40.63999938964844,41.189998626708984,40.63999938964844,40.779998779296875,24.863523483276367
2008-08-13,1068900,40.58000183105469,41.119998931884766,40.2400016784668,40.959999084472656,24.973276138305664
2008-08-12,407200,41.439998626708984,41.619998931884766,41.040000915527344,41.20000076293945,25.119598388671875
2008-08-11,751800,41.90999984741211,42.06999969482422,41.560001373291016,41.72999954223633,25.44274139404297
2008-08-08,365900,41.06999969482422,42.08000183105469,41.06999969482422,41.93000030517578,25.564685821533203
2008-08-07,322000,42.11000061035156,42.22999954223633,41.540000915527344,41.61000061035156,25.36958122253418
2008-08-06,363300,42.40999984741211,42.709999084472656,42.150001525878906,42.61000061035156,25.97927474975586
2008-08-05,1540800,41.90999984741211,42.439998626708984,41.72999954223633,42.380001068115234,25.839048385620117
2008-08-04,528700,42.349998474121094,42.5,41.81999969482422,41.869998931884766,25.52810287475586
2008-08-01,525800,43.08000183105469,43.58000183105469,42.41999816894531,42.41999816894531,25.86343002319336
2008-07-31,583300,43.75,43.88999938964844,43.189998626708984,43.25,26.36948585510254
2008-07-30,1563700,43.5,44.119998931884766,43.439998626708984,44.119998931884766,26.899921417236328
2008-07-29,316000,43.04999923706055,43.68000030517578,42.869998931884766,43.68000030517578,26.631656646728516
2008-07-28,214300,43.900001525878906,44.189998626708984,42.9900016784668,43.06999969482422,26.25973129272461
2008-07-25,295800,44.47999954223633,44.66999816894531,44.2400016784668,44.459999084472656,27.107221603393555
2008-07-24,1039400,45.599998474121094,45.61000061035156,44.529998779296875,44.70000076293945,27.2535457611084
2008-07-23,4515600,45.41666793823242,45.77333450317383,45.323333740234375,45.503334045410156,27.74334144592285
2008-07-22,1023600,44.470001220703125,45.12666702270508,44.400001525878906,45.073333740234375,27.481172561645508
2008-07-21,1212900,45.07666778564453,45.13666534423828,44.67333221435547,44.96666717529297,27.416135787963867
2008-07-18,882000,43.7599983215332,44.029998779296875,43.619998931884766,44.029998779296875,26.845048904418945
2008-07-17,1339800,44.233333587646484,44.529998779296875,43.913333892822266,44.0966682434082,26.88568878173828
2008-07-16,1258800,42.92333221435547,44.04999923706055,42.856666564941406,44.04999923706055,26.857242584228516
2008-07-15,2678400,42.91666793823242,43.246665954589844,42.31999969482422,42.79666519165039,26.093088150024414
2008-07-14,1119000,44.07666778564453,44.23666763305664,43.51333236694336,43.61000061035156,26.588979721069336
2008-07-11,1142400,43.473331451416016,43.83000183105469,42.82666778564453,43.496665954589844,26.519872665405273
2008-07-10,1953600,43.45000076293945,43.9900016784668,43.290000915527344,43.84000015258789,26.729211807250977
2008-07-09,1591500,44.1533317565918,44.31999969482422,43.12333297729492,43.143333435058594,26.30445098876953
2008-07-08,1181700,43.47999954223633,43.96333312988281,43.24333190917969,43.96333312988281,26.804405212402344
2008-07-07,1680300,43.86666488647461,44.41666793823242,43.189998626708984,43.65666580200195,26.61743927001953
2008-07-03,650100,43.88333511352539,44.099998474121094,43.393333435058594,43.733333587646484,26.664173126220703
2008-07-02,965400,44.790000915527344,44.983333587646484,43.643333435058594,43.650001525878906,26.613370895385742
2008-07-01,3231900,44.29666519165039,44.66666793823242,44.03333282470703,44.276668548583984,26.995439529418945
2008-06-30,966000,45.48666763305664,45.7400016784668,45.36333465576172,45.36333465576172,27.65797996520996
2008-06-27,1465500,45.66666793823242,46.026668548583984,45.439998626708984,45.5,27.741302490234375
2008-06-26,1611600,45.88333511352539,45.99333190917969,45.04999923706055,45.13333511352539,27.517751693725586
2008-06-25,986100,45.936668395996094,46.59000015258789,45.91666793823242,46.09000015258789,28.10103416442871
2008-06-24,759600,45.79666519165039,46.323333740234375,45.66999816894531,45.91666793823242,27.90816307067871
2008-06-23,616800,45.99333190917969,46.11000061035156,45.71666717529297,45.90666580200195,27.902084350585938
2008-06-20,548700,46.17333221435547,46.17333221435547,45.473331451416016,45.5433349609375,27.681251525878906
2008-06-19,1506000,46.50666809082031,47.04666519165039,46.38333511352539,46.880001068115234,28.49367904663086
2008-06-18,912900,46.779998779296875,46.85333251953125,46.380001068115234,46.686668395996094,28.376169204711914
2008-06-17,981900,46.99333190917969,47.2066650390625,46.55666732788086,46.81999969482422,28.45721435546875
2008-06-16,270000,46.39666748046875,46.62333297729492,46.24333190917969,46.47666549682617,28.2485294342041
2008-06-13,961500,46.16666793823242,46.67333221435547,46.06666564941406,46.586666107177734,28.315393447875977
2008-06-12,1401000,46.33333206176758,46.663333892822266,45.9900016784668,46.23666763305664,28.102659225463867
2008-06-11,1100700,47.1533317565918,47.34000015258789,46.5099983215332,46.650001525878906,28.353883743286133
2008-06-10,1384800,47.08333206176758,47.22999954223633,46.733333587646484,47.03333282470703,28.586868286132812
2008-06-09,822300,48.27000045776367,48.33000183105469,47.336666107177734,47.8466682434082,29.081218719482422
2008-06-06,867000,48.90666580200195,48.973331451416016,48.12666702270508,48.15999984741211,29.27165412902832
2008-06-05,1364100,48.53333282470703,49.46666717529297,48.53333282470703,49.393333435058594,30.021282196044922
2008-06-04,1642500,48.893333435058594,49.253334045410156,48.689998626708984,48.766666412353516,29.640392303466797
2008-06-03,1572600,49.2599983215332,49.2599983215332,48.47666549682617,48.7400016784668,29.624181747436523
2008-06-02,1842000,49.459999084472656,49.67333221435547,48.89666748046875,49.26333236694336,29.942272186279297
2008-05-30,1716900,50.10333251953125,50.31666564941406,49.92333221435547,50.09333419799805,30.446741104125977
2008-05-29,1606500,49.87666702270508,50.1966667175293,49.72666549682617,49.970001220703125,30.371776580810547
2008-05-28,1463700,49.90999984741211,50.086666107177734,49.61666488647461,50.07666778564453,30.436614990234375
2008-05-27,400200,49.766666412353516,50.09333419799805,49.54666519165039,50.086666107177734,30.442691802978516
2008-05-23,421800,50.1966667175293,50.1966667175293,49.55666732788086,49.6966667175293,30.205646514892578
2008-05-22,1563000,50.526668548583984,50.733333587646484,50.276668548583984,50.473331451416016,30.67770767211914
2008-05-21,664500,51.130001068115234,51.246665954589844,50.15999984741211,50.2400016784668,30.535886764526367
2008-05-20,606300,51.47666549682617,51.47666549682617,50.61666488647461,50.70333480834961,30.81749725341797
2008-05-19,1015800,51.84000015258789,52.15666580200195,51.573333740234375,51.6533317565918,31.394906997680664
2008-05-16,548100,51.59000015258789,52.029998779296875,51.4466667175293,51.87333297729492,31.528627395629883
2008-05-15,444000,50.9033317565918,51.46666717529297,50.766666412353516,51.42333221435547,31.255115509033203
2008-05-14,452700,51.15999984741211,51.15999984741211,50.55666732788086,50.5966682434082,30.75266456604004
2008-05-13,891000,50.62333297729492,50.65666580200195,50.16666793823242,50.4566650390625,30.66757583618164
2008-05-12,228300,50.2066650390625,50.69333267211914,49.97666549682617,50.68000030517578,30.80332374572754
2008-05-09,842700,49.54999923706055,49.87333297729492,49.39666748046875,49.663333892822266,30.18539047241211
2008-05-08,561900,49.5533332824707,49.996665954589844,49.52333450317383,49.79666519165039,30.26641845703125
2008-05-07,695100,49.66666793823242,49.66666793823242,48.63666534423828,48.64666748046875,29.567453384399414
2008-05-06,330600,50.936668395996094,50.936668395996094,49.64666748046875,50.5966682434082,30.75266456604004
2008-05-05,807000,50.130001068115234,50.233333587646484,49.85333251953125,50.16666793823242,30.491315841674805
2008-05-02,777300,49.983333587646484,50.02000045776367,49.5966682434082,49.85333251953125,30.300874710083008
2008-05-01,1591200,48.473331451416016,49.266666412353516,48.29999923706055,49.1966667175293,29.901752471923828
2008-04-30,660300,48.66666793823242,49.290000915527344,48.62333297729492,48.70000076293945,29.599870681762695
2008-04-29,754800,48.253334045410156,48.36000061035156,48.01333236694336,48.18000030517578,29.283823013305664
2008-04-28,1304100,48.87333297729492,49.0966682434082,48.650001525878906,48.720001220703125,29.612030029296875
2008-04-25,769500,48.96333312988281,49.11000061035156,48.526668548583984,48.83000183105469,29.678892135620117
2008-04-24,778500,49.20000076293945,49.20000076293945,48.233333587646484,48.96333312988281,29.759920120239258
2008-04-23,1074000,49.10333251953125,49.5433349609375,48.94333267211914,49.349998474121094,29.994945526123047
2008-04-22,527100,48.563331604003906,48.71333312988281,48.16666793823242,48.473331451416016,29.462099075317383
2008-04-21,405000,48.473331451416016,48.83000183105469,48.356666564941406,48.67333221435547,29.583662033081055
2008-04-18,558000,47.996665954589844,47.996665954589844,47.30666732788086,47.69333267211914,28.988027572631836
2008-04-17,519300,47.41999816894531,47.6533317565918,47.2599983215332,47.54666519165039,28.89887237548828
2008-04-16,677400,47.4466667175293,48.34333419799805,47.37333297729492,48.31666564941406,29.36688232421875
2008-04-15,1833900,46.4466667175293,46.68000030517578,46.18333435058594,46.65999984741211,28.359962463378906
2008-04-14,453000,45.936668395996094,46.07666778564453,45.63999938964844,45.90666580200195,27.902084350585938
2008-04-11,414900,46.323333740234375,46.68000030517578,46.13999938964844,46.233333587646484,28.100629806518555
2008-04-10,960600,46.5966682434082,47.05666732788086,46.40999984741211,46.8033332824707,28.44707489013672
2008-04-09,774600,47.28666687011719,47.323333740234375,46.61666488647461,46.83000183105469,28.463285446166992
2008-04-08,369600,47.40666580200195,48.073333740234375,47.356666564941406,47.95000076293945,29.144023895263672
2008-04-07,813000,48.23666763305664,48.62666702270508,47.98666763305664,47.98666763305664,29.16631317138672
2008-04-04,1003500,47.880001068115234,48.22666549682617,47.59000015258789,48.0099983215332,29.180492401123047
2008-04-03,961800,46.939998626708984,47.88333511352539,46.880001068115234,47.68333435058594,28.981945037841797
2008-04-02,776700,46.81999969482422,47.16666793823242,46.47666549682617,46.69333267211914,28.380226135253906
2008-04-01,1413000,45.766666412353516,46.5966682434082,45.766666412353516,46.573333740234375,28.30728530883789
2008-03-31,505800,45.073333740234375,45.473331451416016,45.0533332824707,45.19333267211914,27.468517303466797
2008-03-28,579600,45.58000183105469,45.71666717529297,45.00666809082031,45.11333465576172,27.419893264770508
2008-03-27,386100,45.88999938964844,46.02000045776367,45.11333465576172,45.11333465576172,27.419893264770508
2008-03-26,456000,45.54999923706055,45.663333892822266,45.1533317565918,45.38333511352539,27.584001541137695
2008-03-25,769800,45.060001373291016,45.48666763305664,44.7933349609375,45.253334045410156,27.504987716674805
2008-03-24,528900,43.753334045410156,45.073333740234375,43.753334045410156,44.709999084472656,27.17474937438965
2008-03-20,979500,42.58333206176758,43.77000045776367,42.40999984741211,43.21666717529297,26.26710319519043
2008-03-19,1032000,44.900001525878906,45.176666259765625,43.15666580200195,43.15666580200195,26.23063087463379
2008-03-18,1149600,44.06666564941406,44.78333282470703,42.71666717529297,44.78333282470703,27.21932029724121
2008-03-17,1276800,42.37666702270508,43.61333465576172,40.5,43.09000015258789,26.19011688232422
2008-03-14,1138800,45.209999084472656,45.30666732788086,43.5,44.03666687011719,26.765493392944336
2008-03-13,1655700,43.87666702270508,45.20000076293945,43.71333312988281,44.893333435058594,27.28618049621582
2008-03-12,782700,45.0966682434082,45.50666809082031,44.74333190917969,44.82666778564453,27.24566078186035
2008-03-11,760800,44.90666580200195,45.529998779296875,44.37333297729492,45.503334045410156,27.656938552856445
2008-03-10,1132800,43.98666763305664,43.98666763305664,42.959999084472656,43.20000076293945,26.256973266601562
2008-03-07,798300,43.983333587646484,44.56999969482422,43.2400016784668,43.893333435058594,26.678377151489258
2008-03-06,629700,46.0099983215332,46.0099983215332,44.869998931884766,44.9466667175293,27.31859588623047
2008-03-05,435000,45.77333450317383,46.393333435058594,45.55666732788086,46.290000915527344,28.135074615478516
2008-03-04,1064400,45.38999938964844,45.7599983215332,44.65666580200195,45.496665954589844,27.652896881103516
2008-03-03,891300,46.07666778564453,46.61000061035156,45.75666809082031,46.41999816894531,28.214082717895508
2008-02-29,461700,47.2400016784668,47.2933349609375,46.08333206176758,46.15999984741211,28.05605697631836
2008-02-28,624300,48.33333206176758,48.436668395996094,47.96333312988281,48.086666107177734,29.22709083557129
2008-02-27,775200,48.38333511352539,49.03666687011719,48.15666580200195,48.73666763305664,29.622156143188477
2008-02-26,1045200,47.58000183105469,48.436668395996094,47.393333435058594,48.35333251953125,29.38916778564453
2008-02-25,804900,46.810001373291016,47.823333740234375,46.599998474121094,47.66666793823242,28.97180938720703
2008-02-22,567900,46.65999984741211,46.810001373291016,45.753334045410156,46.810001373291016,28.451129913330078
2008-02-21,779100,46.9466667175293,47.04666519165039,45.96333312988281,46.099998474121094,28.01959228515625
2008-02-20,764400,45.40999984741211,46.70000076293945,45.40999984741211,46.64666748046875,28.351852416992188
2008-02-19,1349400,47.61666488647461,47.663333892822266,46.849998474121094,47.029998779296875,28.584835052490234
2008-02-15,2121900,46.573333740234375,46.9466667175293,46.22666549682617,46.87333297729492,28.4896240234375
2008-02-14,2154600,46.76333236694336,47,46,46.09000015258789,28.013513565063477
2008-02-13,694500,45.813331604003906,46.22999954223633,45.31999969482422,46.176666259765625,28.06618881225586
2008-02-12,884700,46.75666809082031,47.1966667175293,46.15666580200195,46.313331604003906,28.14925765991211
2008-02-11,903600,45.39666748046875,45.90999984741211,45.0433349609375,45.84333419799805,27.86359214782715
2008-02-08,955800,45.33333206176758,46.06666564941406,45.24333190917969,45.65666580200195,27.750133514404297
2008-02-07,1074900,45.0433349609375,46.34000015258789,44.94333267211914,45.85333251953125,27.86966323852539
2008-02-06,827100,46.220001220703125,46.61000061035156,45.61000061035156,45.7933349609375,27.833206176757812
2008-02-05,1476900,47.086666107177734,47.663333892822266,46.026668548583984,46.22999954223633,28.09860610961914
2008-02-04,1123800,48.4566650390625,48.64666748046875,47.849998474121094,48,29.174409866333008
2008-02-01,970200,48.15999984741211,49.143333435058594,48.15999984741211,48.983333587646484,29.772085189819336
2008-01-31,1138500,45.6966667175293,47.779998779296875,45.6966667175293,47.37666702270508,28.79554557800293
2008-01-30,1544700,46.36666488647461,47.63999938964844,45,46.2400016784668,28.104686737060547
2008-01-29,670200,47.223331451416016,47.52000045776367,46.90999984741211,47.503334045410156,28.872539520263672
2008-01-28,906900,46.96333312988281,48.016666412353516,46,48,29.174409866333008
2008-01-25,1941600,48.3466682434082,48.94333267211914,47.03666687011719,47.21333312988281,28.696271896362305
2008-01-24,1235400,45.6533317565918,46.3466682434082,45.33000183105469,46.2400016784668,28.104686737060547
2008-01-23,2095500,42.62666702270508,45.31666564941406,42.09333419799805,45.31666564941406,27.543476104736328
2008-01-22,2630700,42.98666763305664,45.22666549682617,42.16666793823242,44.599998474121094,27.107891082763672
2008-01-18,1953000,46.779998779296875,47.41999816894531,45.573333740234375,46.310001373291016,28.147239685058594
2008-01-17,2777400,47.4033317565918,47.779998779296875,45.2933349609375,45.5433349609375,27.681251525878906
2008-01-16,1309200,47.086666107177734,47.573333740234375,45.66666793823242,46.973331451416016,28.550395965576172
2008-01-15,1430100,49.12666702270508,49.12666702270508,47.70000076293945,47.869998931884766,29.095396041870117
2008-01-14,836700,50.11666488647461,50.30666732788086,49.61333465576172,50.30666732788086,30.576398849487305
2008-01-11,1113000,49.746665954589844,49.97666549682617,49.246665954589844,49.52333450317383,30.100303649902344
2008-01-10,1131300,49.63333511352539,51.33333206176758,49.62333297729492,51.106666564941406,31.062641143798828
2008-01-09,1173600,49.91999816894531,50.6966667175293,49.586666107177734,50.529998779296875,30.7121524810791
2008-01-08,929400,50.5,50.9566650390625,49.540000915527344,49.56666564941406,30.126636505126953
2008-01-07,1295700,50.473331451416016,50.66999816894531,49.779998779296875,50.41666793823242,30.64326286315918
2008-01-04,1124400,50.80666732788086,50.90999984741211,49.849998474121094,49.849998474121094,30.29884147644043
2008-01-03,1275300,51.17333221435547,51.54666519165039,50.5,51.2933349609375,31.176097869873047
2008-01-02,861600,51.643333435058594,51.87666702270508,50.71666717529297,51.17333221435547,31.10316276550293
2007-12-31,482400,51.676666259765625,51.73666763305664,51.22999954223633,51.426666259765625,31.257143020629883
2007-12-28,557400,51.516666412353516,51.65666580200195,50.98666763305664,51.356666564941406,31.214599609375
2007-12-27,729900,51.686668395996094,51.686668395996094,50.91999816894531,51.23666763305664,31.141651153564453
2007-12-26,365100,51.62666702270508,51.856666564941406,51.143333435058594,51.8033332824707,31.48607635498047
2007-12-24,289800,52.38666534423828,52.85333251953125,51.279998779296875,51.71333312988281,31.43138313293457
2007-12-21,671400,50.98666763305664,51.41999816894531,50.89666748046875,51.41999816894531,31.253076553344727
2007-12-20,900600,50.086666107177734,50.106666564941406,49.15666580200195,49.686668395996094,30.199569702148438
2007-12-19,1820700,52.086666107177734,52.39666748046875,51.66999816894531,52.00666809082031,30.133310317993164
2007-12-18,2198100,52.36333465576172,52.47666549682617,51.073333740234375,52.266666412353516,30.283966064453125
2007-12-17,2291700,52.12333297729492,52.2066650390625,51.21333312988281,51.413333892822266,29.789531707763672
2007-12-14,743400,54.16666793823242,54.38333511352539,53.68333435058594,53.79999923706055,31.17238998413086
2007-12-13,2567700,55.04999923706055,55.71666717529297,54.66666793823242,55.5,32.157405853271484
2007-12-12,984300,57.276668548583984,57.470001220703125,55.62666702270508,56.43000030517578,32.69625473022461
2007-12-11,1543800,57.25,57.560001373291016,54.92333221435547,55.27333450317383,32.026065826416016
2007-12-10,876900,56.176666259765625,56.93000030517578,56.03666687011719,56.93000030517578,32.9859619140625
2007-12-07,729300,56.56666564941406,56.56666564941406,56.09333419799805,56.16666793823242,32.54367446899414
2007-12-06,1140300,56.233333587646484,57.1533317565918,56,57.01333236694336,33.034244537353516
2007-12-05,591300,55.83333206176758,56.40999984741211,55.82666778564453,56.25,32.59196090698242
2007-12-04,501600,55.186668395996094,55.356666564941406,54.93000030517578,55.03333282470703,31.887008666992188
2007-12-03,615600,56.24333190917969,56.24333190917969,55.25,55.43333435058594,32.118770599365234
2007-11-30,708000,56.426666259765625,56.60333251953125,55.40999984741211,55.83000183105469,32.34860610961914
2007-11-29,897000,54.88999938964844,55.54666519165039,54.619998931884766,55.20333480834961,31.985509872436523
2007-11-28,820200,54.41999816894531,55.6533317565918,54.26333236694336,55.43333435058594,32.118770599365234
2007-11-27,983100,52.4900016784668,53.753334045410156,52.4900016784668,53.54999923706055,31.02755355834961
2007-11-26,981000,53.64666748046875,54.24333190917969,52.16666793823242,52.16666793823242,30.226028442382812
2007-11-23,728700,53,53.55666732788086,52.72999954223633,53.36666488647461,30.921323776245117
2007-11-21,1274700,53.16666793823242,53.16666793823242,51.939998626708984,52.17333221435547,30.229883193969727
2007-11-20,1885200,53.96666717529297,54.83000183105469,53.43000030517578,54.63333511352539,31.655244827270508
2007-11-19,745200,55.56666564941406,55.56666564941406,53.21333312988281,53.400001525878906,30.940629959106445
2007-11-16,450300,54.77000045776367,55.66666793823242,54.233333587646484,54.900001525878906,31.809741973876953
2007-11-15,915000,54.75666809082031,55.689998626708984,54.470001220703125,54.779998779296875,31.74022102355957
2007-11-14,722700,57.459999084472656,57.973331451416016,56.06999969482422,56.33333206176758,32.640254974365234
2007-11-13,1031100,54.723331451416016,56.56666564941406,54.723331451416016,56.56666564941406,32.77543640136719
2007-11-12,1118100,55.83333206176758,55.83333206176758,53.49333190917969,53.733333587646484,31.133777618408203
2007-11-09,1050300,56.16666793823242,56.89666748046875,55.7599983215332,56.04999923706055,32.476078033447266
2007-11-08,1599900,57.5099983215332,58.23666763305664,56.2066650390625,57.37666702270508,33.24476623535156
2007-11-07,1084200,58.87666702270508,58.87666702270508,57.186668395996094,57.380001068115234,33.2466926574707
2007-11-06,695700,57.86333465576172,58.709999084472656,57.810001373291016,58.60333251953125,33.95551300048828
2007-11-05,767100,57.60333251953125,57.60333251953125,56.56999969482422,57.0966682434082,33.08251953125
2007-11-02,980700,58.70000076293945,58.823333740234375,57.54999923706055,58.823333740234375,34.082984924316406
2007-11-01,1263600,59.37666702270508,59.4466667175293,58.03333282470703,58.29999923706055,33.779747009277344
2007-10-31,1001700,59.73666763305664,60.970001220703125,59.46666717529297,60.61000061035156,35.11819839477539
2007-10-30,540600,59.61333465576172,59.723331451416016,59.313331604003906,59.36666488647461,34.397804260253906
2007-10-29,788700,59.58333206176758,60.369998931884766,59.58333206176758,60.28333282470703,34.928932189941406
2007-10-26,531300,58.46666717529297,59.33000183105469,58.46666717529297,59.33000183105469,34.37655258178711
2007-10-25,575400,57.31666564941406,57.52333450317383,56.676666259765625,57.4033317565918,33.260215759277344
2007-10-24,545100,56.67333221435547,57.00666809082031,55.54999923706055,56.88666534423828,32.960853576660156
2007-10-23,647700,56.97666549682617,57.25,56.276668548583984,57.0966682434082,33.08251953125
2007-10-22,1282800,54.4466667175293,55.753334045410156,54.1533317565918,55.75,32.30224609375
2007-10-19,579300,57.4900016784668,57.52000045776367,55.526668548583984,55.5966682434082,32.21341323852539
2007-10-18,1282800,56.973331451416016,57.66999816894531,56.89666748046875,57.53333282470703,33.335540771484375
2007-10-17,1677900,57.4033317565918,57.4466667175293,55.97999954223633,56.91666793823242,32.97822952270508
2007-10-16,1331700,56.560001373291016,56.63333511352539,55.86666488647461,56.06666564941406,32.48573684692383
2007-10-15,1461000,58.30666732788086,58.30666732788086,56.96666717529297,57.41999816894531,33.26987075805664
2007-10-12,468000,57.880001068115234,58.526668548583984,57.79999923706055,58.526668548583984,33.911102294921875
2007-10-11,963300,58.11666488647461,59.026668548583984,57.253334045410156,57.79999923706055,33.490055084228516
2007-10-10,743400,57.470001220703125,57.663333892822266,57.063331604003906,57.53333282470703,33.335540771484375
2007-10-09,611700,56.77333450317383,57.849998474121094,56.77333450317383,57.79999923706055,33.490055084228516
2007-10-08,956700,56.70333480834961,56.71666717529297,56.186668395996094,56.25,32.59196090698242
2007-10-05,828900,56.7933349609375,57.37333297729492,56.74333190917969,57.19333267211914,33.13853073120117
2007-10-04,1303500,55.63333511352539,55.98666763305664,55.4033317565918,55.81666564941406,32.34088134765625
2007-10-03,697500,56.21333312988281,56.276668548583984,55.41999816894531,55.516666412353516,32.16705322265625
2007-10-02,1961400,56.61000061035156,56.61333465576172,56.04999923706055,56.38666534423828,32.671142578125
2007-10-01,810600,55.75,56.856666564941406,55.71666717529297,56.63333511352539,32.814064025878906
2007-09-28,279900,55.50666809082031,55.5099983215332,55.09000015258789,55.43333435058594,32.118770599365234
2007-09-27,646200,55.0533332824707,55.246665954589844,54.7599983215332,55.119998931884766,31.93722152709961
2007-09-26,1050600,54.33333206176758,54.7400016784668,54.253334045410156,54.63666534423828,31.657176971435547
2007-09-25,551700,53.36666488647461,54.11666488647461,53.246665954589844,54.11666488647461,31.355876922607422
2007-09-24,459300,53.766666412353516,53.88333511352539,53.33333206176758,53.540000915527344,31.02175521850586
2007-09-21,815400,53.016666412353516,53.18333435058594,52.82666778564453,52.83333206176758,30.612308502197266
2007-09-20,713700,52.68333435058594,52.939998626708984,52.380001068115234,52.45000076293945,30.39019203186035
2007-09-19,937800,52.5433349609375,53.06999969482422,52.38999938964844,52.58333206176758,30.467439651489258
2007-09-18,805800,50.290000915527344,52.02000045776367,49.973331451416016,51.90666580200195,30.075374603271484
2007-09-17,650700,50.12333297729492,50.50666809082031,49.79999923706055,49.88333511352539,28.903024673461914
2007-09-14,348900,50.57666778564453,51.029998779296875,50.38999938964844,51,29.550046920776367
2007-09-13,326700,50.54666519165039,51.106666564941406,50.473331451416016,50.93333435058594,29.51140785217285
2007-09-12,701700,50.0099983215332,50.74333190917969,49.83333206176758,50.496665954589844,29.258403778076172
2007-09-11,611100,49.599998474121094,50.47999954223633,49.516666412353516,50.41666793823242,29.212055206298828
2007-09-10,393900,49.14666748046875,49.313331604003906,48.27000045776367,48.9900016784668,28.38543128967285
2007-09-07,328500,48.959999084472656,48.959999084472656,48.2400016784668,48.66666793823242,28.198078155517578
2007-09-06,234300,49.13666534423828,49.5533332824707,48.7066650390625,49.5,28.680919647216797
2007-09-05,888900,48.973331451416016,48.9900016784668,48.25666809082031,48.53666687011719,28.12275505065918
2007-09-04,1517400,49.040000915527344,49.813331604003906,48.97999954223633,49.57666778564453,28.7253475189209
2007-08-31,769200,48.40999984741211,49.02000045776367,48.40999984741211,48.71666717529297,28.2270565032959
2007-08-30,591900,47.33000183105469,48.11666488647461,47.186668395996094,47.47999954223633,27.510509490966797
2007-08-29,508200,47.266666412353516,48.42333221435547,47.2400016784668,48.4033317565918,28.04549789428711
2007-08-28,766800,47.86666488647461,47.996665954589844,46.38999938964844,46.56666564941406,26.981306076049805
2007-08-27,878700,48.54666519165039,48.64666748046875,48.25666809082031,48.266666412353516,27.9663143157959
2007-08-24,1069800,47.643333435058594,48.619998931884766,47.470001220703125,48.619998931884766,28.171035766601562
2007-08-23,1061700,47.89666748046875,47.95333480834961,47.05666732788086,47.66666793823242,27.61867332458496
2007-08-22,882300,46.35333251953125,46.87333297729492,46.27333450317383,46.68333435058594,27.048908233642578
2007-08-21,972300,44.66666793823242,45.400001525878906,44.63999938964844,45.0966682434082,26.12957763671875
2007-08-20,2984700,45.21666717529297,45.60333251953125,44.37666702270508,45.33333206176758,26.266708374023438
2007-08-17,2645100,44.08333206176758,45,43.25,44.25,25.639005661010742
2007-08-16,2865900,42.25666809082031,43.266666412353516,40.400001525878906,42.86666488647461,24.83748435974121
2007-08-15,1515900,44.996665954589844,45.689998626708984,44.04999923706055,44.063331604003906,25.530851364135742
2007-08-14,478800,47.266666412353516,47.266666412353516,45.970001220703125,46.099998474121094,26.710926055908203
2007-08-13,1937700,47.96666717529297,47.983333587646484,47.33333206176758,47.43333435058594,27.483474731445312
2007-08-10,924000,46.5966682434082,47.27000045776367,46.0533332824707,46.96666717529297,27.21307945251465
2007-08-09,651000,47.689998626708984,48.4466667175293,47.34000015258789,47.42333221435547,27.477676391601562
2007-08-08,662100,48.88999938964844,49.4033317565918,48.70000076293945,49.13666534423828,28.47040367126465
2007-08-07,431400,47.2400016784668,47.98666763305664,47.06666564941406,47.78333282470703,27.686267852783203
2007-08-06,865500,47.27000045776367,47.76333236694336,46.56666564941406,47.733333587646484,27.65729522705078
2007-08-03,718500,47.83000183105469,47.96333312988281,46.4566650390625,46.766666412353516,27.097200393676758
2007-08-02,731400,48.04666519165039,48.40999984741211,47.90666580200195,48.323333740234375,27.999149322509766
2007-08-01,1206300,47.959999084472656,48.22666549682617,47.13999938964844,47.99333190917969,27.80794906616211
2007-07-31,1271700,49.6533317565918,49.689998626708984,48.34000015258789,48.66666793823242,28.198078155517578
2007-07-30,874200,48.56666564941406,49.189998626708984,48.223331451416016,48.99333190917969,28.38735580444336
2007-07-27,1026300,48.53666687011719,49.24333190917969,47.723331451416016,47.78333282470703,27.686267852783203
2007-07-26,2447100,50.060001373291016,50.349998474121094,48.46333312988281,49.099998474121094,28.449167251586914
2007-07-25,1291500,51.78333282470703,51.86666488647461,51.1966667175293,51.65666580200195,29.930519104003906
2007-07-24,615600,51.96333312988281,52.073333740234375,51.29999923706055,51.4033317565918,29.783742904663086
2007-07-23,575100,52.06666564941406,52.189998626708984,51.880001068115234,52.016666412353516,30.139110565185547
2007-07-20,409200,51.900001525878906,51.900001525878906,51.233333587646484,51.54666519165039,29.866785049438477
2007-07-19,379800,51.70000076293945,51.766666412353516,51.56666564941406,51.619998931884766,29.90927505493164
2007-07-18,704100,51.12666702270508,51.163333892822266,50.75,51.040000915527344,29.573217391967773
2007-07-17,441600,51.38333511352539,51.46333312988281,51.22666549682617,51.22666549682617,29.681371688842773
2007-07-16,435300,51.413333892822266,51.43000030517578,51.150001525878906,51.16666793823242,29.6466121673584
2007-07-13,419100,51.290000915527344,51.51333236694336,51.2066650390625,51.459999084472656,29.816570281982422
2007-07-12,381300,50.78333282470703,51.5099983215332,50.75,51.439998626708984,29.80498504638672
2007-07-11,749400,50.369998931884766,50.56999969482422,50.27333450317383,50.516666412353516,29.269996643066406
2007-07-10,845700,50.6966667175293,50.6966667175293,50.18333435058594,50.33333206176758,29.163774490356445
2007-07-09,855900,50.95000076293945,51.176666259765625,50.900001525878906,51.03333282470703,29.56935691833496
2007-07-06,1263900,50.400001525878906,50.650001525878906,50.27000045776367,50.52000045776367,29.27192497253418
2007-07-05,642900,49.9900016784668,50.11666488647461,49.80666732788086,50,28.970630645751953
2007-07-03,301200,49.6966667175293,49.766666412353516,49.52333450317383,49.69333267211914,28.79294204711914
2007-07-02,793200,49.4466667175293,49.83333206176758,49.37333297729492,49.83333206176758,28.874069213867188
2007-06-29,1103700,49.099998474121094,49.266666412353516,48.61333465576172,48.939998626708984,28.356454849243164
2007-06-28,417900,48.93333435058594,49.189998626708984,48.87666702270508,48.95333480834961,28.364181518554688
2007-06-27,674700,48.143333435058594,48.53666687011719,48.026668548583984,48.53333282470703,28.120824813842773
2007-06-26,385200,49.16666793823242,49.20333480834961,48.75,48.790000915527344,28.26953887939453
2007-06-25,470700,49.266666412353516,49.63666534423828,48.9900016784668,49.15999984741211,28.483924865722656
2007-06-22,438000,49.5533332824707,49.58000183105469,49.0533332824707,49.12666702270508,28.464609146118164
2007-06-21,384000,49.5,49.86333465576172,49.27333450317383,49.776668548583984,28.84122657775879
2007-06-20,396600,49.766666412353516,49.81999969482422,49.20000076293945,49.266666412353516,28.54572296142578
2007-06-19,626100,49.313331604003906,49.66666793823242,49.25,49.54999923706055,28.709897994995117
2007-06-18,331200,49.24333190917969,49.2599983215332,48.939998626708984,49.05666732788086,28.42405128479004
2007-06-15,270600,48.65999984741211,48.95333480834961,48.6533317565918,48.849998474121094,28.30430793762207
2007-06-14,523800,48.05666732788086,48.473331451416016,48.05666732788086,48.4566650390625,28.076412200927734
2007-06-13,251400,47.766666412353516,48.266666412353516,47.766666412353516,48.266666412353516,27.9663143157959
2007-06-12,518700,47.77333450317383,48.10333251953125,47.4900016784668,47.5099983215332,27.527896881103516
2007-06-11,296100,48.150001525878906,48.599998474121094,48.029998779296875,48.33333206176758,28.004940032958984
2007-06-08,402000,47.65666580200195,48.33333206176758,47.540000915527344,48.33333206176758,28.004940032958984
2007-06-07,963600,48.26333236694336,48.5966682434082,47.5,47.53333282470703,27.541414260864258
2007-06-06,585300,48.45000076293945,48.563331604003906,48.040000915527344,48.18333435058594,27.918033599853516
2007-06-05,374700,48.83333206176758,48.90666580200195,48.4566650390625,48.7933349609375,28.271474838256836
2007-06-04,840900,48.59333419799805,49.00666809082031,48.54999923706055,48.983333587646484,28.381568908691406
2007-06-01,699900,48.29999923706055,48.483333587646484,48.18000030517578,48.483333587646484,28.091848373413086
2007-05-31,232200,47.9566650390625,48.15666580200195,47.88999938964844,47.96666717529297,27.792495727539062
2007-05-30,284400,47.03333282470703,47.77000045776367,47,47.77000045776367,27.67854118347168
2007-05-29,297000,47.58333206176758,47.74333190917969,47.2400016784668,47.5,27.5221004486084
2007-05-25,381000,47.426666259765625,47.52333450317383,47.1966667175293,47.356666564941406,27.439050674438477
2007-05-24,660300,47.900001525878906,47.97999954223633,46.84000015258789,46.93333435058594,27.19376564025879
2007-05-23,303300,48.45333480834961,48.59000015258789,48.099998474121094,48.13666534423828,27.890993118286133
2007-05-22,722700,48.06666564941406,48.233333587646484,47.88666534423828,47.96666717529297,27.792495727539062
2007-05-21,451500,48.08333206176758,48.436668395996094,48.06666564941406,48.266666412353516,27.9663143157959
2007-05-18,893400,48.246665954589844,48.5,48.16666793823242,48.413333892822266,28.051294326782227
2007-05-17,589800,48.13333511352539,48.38666534423828,48.026668548583984,48.29999923706055,27.985626220703125
2007-05-16,376500,48.22999954223633,48.2400016784668,47.813331604003906,48.099998474121094,27.8697509765625
2007-05-15,2400900,48.086666107177734,48.630001068115234,48.03666687011719,48.11333465576172,27.877471923828125
2007-05-14,333900,48.61666488647461,48.71666717529297,48.13666534423828,48.266666412353516,27.9663143157959
2007-05-11,400200,48.0533332824707,48.6533317565918,48.040000915527344,48.526668548583984,28.116966247558594
2007-05-10,656700,48.34000015258789,48.3466682434082,47.5533332824707,47.66666793823242,27.61867332458496
2007-05-09,549300,47.86666488647461,48.40666580200195,47.86666488647461,48.32666778564453,28.001079559326172
2007-05-08,476100,47.733333587646484,47.8466682434082,47.45000076293945,47.74333190917969,27.66309928894043
2007-05-07,426000,48.163333892822266,48.18333435058594,47.959999084472656,48.03666687011719,27.833053588867188
2007-05-04,278100,47.836666107177734,47.99333190917969,47.733333587646484,47.900001525878906,27.753862380981445
2007-05-03,153300,47.54666519165039,47.66666793823242,47.400001525878906,47.643333435058594,27.60515022277832
2007-05-02,223200,47.060001373291016,47.4466667175293,47.060001373291016,47.29999923706055,27.40622329711914
2007-05-01,441600,46.68333435058594,46.746665954589844,46.356666564941406,46.70000076293945,27.058570861816406
2007-04-30,375900,47,47.10333251953125,46.5,46.529998779296875,26.96006965637207
2007-04-27,227400,47.2599983215332,47.27000045776367,47.040000915527344,47.130001068115234,27.30771827697754
2007-04-26,435000,47.38999938964844,47.4566650390625,47.11666488647461,47.29999923706055,27.40622329711914
2007-04-25,828900,47.223331451416016,47.56666564941406,47.08000183105469,47.56666564941406,27.560728073120117
2007-04-24,371700,46.83333206176758,46.93000030517578,46.676666259765625,46.79999923706055,27.11651039123535
2007-04-23,703500,47.400001525878906,47.63333511352539,47.33333206176758,47.38333511352539,27.454504013061523
2007-04-20,1328400,47.68333435058594,47.84333419799805,47.62333297729492,47.79999923706055,27.695920944213867
2007-04-19,994800,46.86666488647461,47.209999084472656,46.70000076293945,47.13333511352539,27.309648513793945
2007-04-18,1561800,47.606666564941406,47.87333297729492,47.40666580200195,47.766666412353516,27.676603317260742
2007-04-17,401400,47.926666259765625,48.0099983215332,47.66666793823242,47.88999938964844,27.748064041137695
2007-04-16,549000,47.5,47.926666259765625,47.5,47.83333206176758,27.71523666381836
2007-04-13,361500,47.016666412353516,47.27000045776367,46.959999084472656,47.246665954589844,27.37531852722168
2007-04-12,477000,46.88333511352539,47.33333206176758,46.650001525878906,47.28333282470703,27.396562576293945
2007-04-11,1489200,47.06666564941406,47.06666564941406,46.59333419799805,46.766666412353516,27.097200393676758
2007-04-10,512100,46.76333236694336,47.33333206176758,46.76333236694336,47.189998626708984,27.342485427856445
2007-04-09,634800,46.35333251953125,46.59000015258789,46.29666519165039,46.516666412353516,26.952348709106445
2007-04-05,606900,46.20000076293945,46.42333221435547,46.13333511352539,46.400001525878906,26.884750366210938
2007-04-04,657000,45.66666793823242,46.186668395996094,45.66666793823242,46.13333511352539,26.73023796081543
2007-04-03,575700,45.5,45.87333297729492,45.47999954223633,45.84000015258789,26.56027603149414
2007-04-02,669000,44.836666107177734,45.05666732788086,44.71666717529297,45.0099983215332,26.07935905456543
2007-03-30,504300,44.7599983215332,44.9466667175293,44.676666259765625,44.78333282470703,25.94803810119629
2007-03-29,468900,44.71666717529297,44.79666519165039,44.33333206176758,44.516666412353516,25.793521881103516
2007-03-28,360000,44.099998474121094,44.29999923706055,43.9566650390625,44.10333251953125,25.554027557373047
2007-03-27,709500,44.62333297729492,44.8033332824707,44.5533332824707,44.64666748046875,25.86884117126465
2007-03-26,494700,44.79999923706055,44.926666259765625,44.4466667175293,44.87333297729492,26.00017547607422
2007-03-23,756900,44.50666809082031,44.71666717529297,44.47666549682617,44.586666107177734,25.834070205688477
2007-03-22,576300,44.58333206176758,44.8466682434082,44.563331604003906,44.62666702270508,25.857250213623047
2007-03-21,2903100,43.68333435058594,44.95333480834961,43.5433349609375,44.78333282470703,25.94803810119629
2007-03-20,171900,43.31666564941406,43.7400016784668,43.17333221435547,43.7066650390625,25.324195861816406
2007-03-19,381300,43.29666519165039,43.439998626708984,43.119998931884766,43.40666580200195,25.150371551513672
2007-03-16,264000,42.869998931884766,42.96666717529297,42.53333282470703,42.7066650390625,24.744783401489258
2007-03-15,173400,42.51333236694336,42.913333892822266,42.51333236694336,42.779998779296875,24.787267684936523
2007-03-14,1210500,41.70333480834961,42.33333206176758,41.33333206176758,42.31666564941406,24.518808364868164
2007-03-13,1018500,42.86666488647461,42.99333190917969,41.913333892822266,41.9900016784668,24.329530715942383
2007-03-12,528000,42.900001525878906,43.336666107177734,42.766666412353516,43.2400016784668,25.05379867553711
2007-03-09,341700,42.63999938964844,42.63999938964844,42.253334045410156,42.496665954589844,24.62310218811035
2007-03-08,279300,42.32666778564453,42.40666580200195,42.15666580200195,42.22666549682617,24.466663360595703
2007-03-07,1388400,41.939998626708984,42.10333251953125,41.62333297729492,41.723331451416016,24.175020217895508
2007-03-06,536400,41.43000030517578,42.02000045776367,41.34000015258789,41.86666488647461,24.258073806762695
2007-03-05,1463700,40.33333206176758,40.85333251953125,39.41666793823242,40.21666717529297,23.302043914794922
2007-03-02,630900,41.686668395996094,41.88666534423828,41.34333419799805,41.49333190917969,24.04176139831543
2007-03-01,1093800,41.83333206176758,42.07666778564453,40.560001373291016,41.95000076293945,24.306358337402344
2007-02-28,841200,42.349998474121094,42.72666549682617,42.06666564941406,42.66999816894531,24.72353172302246
2007-02-27,1896000,42.33333206176758,43.413333892822266,41.27333450317383,42.21666717529297,24.460872650146484
2007-02-26,334800,44.983333587646484,44.996665954589844,44.643333435058594,44.84000015258789,25.98086166381836
2007-02-23,218700,44.70000076293945,44.70333480834961,44.496665954589844,44.68333435058594,25.890087127685547
2007-02-22,736800,44.61666488647461,44.733333587646484,44.39666748046875,44.46333312988281,25.762617111206055
2007-02-21,450900,44.04999923706055,44.28666687011719,43.95000076293945,44.22666549682617,25.625486373901367
2007-02-20,846000,44.18333435058594,44.246665954589844,43.96666717529297,44.209999084472656,25.6158390045166
2007-02-16,441300,44.11333465576172,44.11333465576172,43.75,44.03333282470703,25.513471603393555
2007-02-15,374100,44.05666732788086,44.07666778564453,43.88666534423828,43.99333190917969,25.490291595458984
2007-02-14,760500,43.62666702270508,43.88666534423828,43.5533332824707,43.86666488647461,25.416900634765625
2007-02-13,450600,43.63666534423828,43.63666534423828,43.08000183105469,43.41666793823242,25.156164169311523
2007-02-12,827700,43.16666793823242,43.17333221435547,42.86000061035156,42.970001220703125,24.897361755371094
2007-02-09,663900,43.266666412353516,43.56666564941406,43.0966682434082,43.33333206176758,25.107879638671875
2007-02-08,2511300,43.43333435058594,43.5966682434082,43.28666687011719,43.56999969482422,25.24500274658203
2007-02-07,631200,43.33000183105469,43.42333221435547,43.2599983215332,43.36333465576172,25.125261306762695
2007-02-06,1447500,43.16666793823242,43.266666412353516,43.01333236694336,43.1533317565918,25.00358772277832
2007-02-05,437400,42.75,42.849998474121094,42.59000015258789,42.75,24.7698917388916
2007-02-02,369600,42.733333587646484,42.83000183105469,42.62666702270508,42.75,24.7698917388916
2007-02-01,1080900,42.66666793823242,42.70000076293945,42.483333587646484,42.483333587646484,24.615379333496094
2007-01-31,580200,42.016666412353516,42.436668395996094,41.893333435058594,42.4033317565918,24.569021224975586
2007-01-30,352200,42.266666412353516,42.48666763305664,42.20000076293945,42.46666717529297,24.605724334716797
2007-01-29,490200,41.93333435058594,42.05666732788086,41.83333206176758,41.93000030517578,24.294769287109375
2007-01-26,405000,41.869998931884766,41.97666549682617,41.63666534423828,41.9033317565918,24.279315948486328
2007-01-25,507300,42.400001525878906,42.43333435058594,41.74333190917969,41.74333190917969,24.186613082885742
2007-01-24,891000,42.66666793823242,42.900001525878906,42.46666717529297,42.8466682434082,24.825899124145508
2007-01-23,790200,43,43.186668395996094,42.83333206176758,43.18333435058594,25.020967483520508
2007-01-22,627300,42.900001525878906,42.900001525878906,42.439998626708984,42.52000045776367,24.63663101196289
2007-01-19,563400,42.099998474121094,42.516666412353516,42.03333282470703,42.516666412353516,24.634687423706055
2007-01-18,469800,42.099998474121094,42.176666259765625,41.7400016784668,41.813331604003906,24.227174758911133
2007-01-17,1551600,41.59333419799805,41.86666488647461,41.503334045410156,41.733333587646484,24.180816650390625
2007-01-16,542100,41.55666732788086,41.63333511352539,41.349998474121094,41.62333297729492,24.117088317871094
2007-01-12,363300,41.20000076293945,41.45333480834961,41.06666564941406,41.43000030517578,24.005064010620117
2007-01-11,1355400,40.66666793823242,41.16666793823242,40.61333465576172,40.79999923706055,23.640031814575195
2007-01-10,1146900,40.36666488647461,40.63999938964844,40.14666748046875,40.56666564941406,23.504837036132812
2007-01-09,628800,41.099998474121094,41.130001068115234,40.64666748046875,40.93000030517578,23.715364456176758
2007-01-08,582900,40.766666412353516,40.81666564941406,40.58333206176758,40.81666564941406,23.649690628051758
2007-01-05,700500,41,41.0433349609375,40.39666748046875,40.496665954589844,23.464279174804688
2007-01-04,963300,41.21666717529297,41.21666717529297,40.96333312988281,41.04999923706055,23.784883499145508
2007-01-03,756000,42.150001525878906,42.220001220703125,41.606666564941406,41.7599983215332,24.196271896362305
2006-12-29,218400,41.766666412353516,41.82666778564453,41.66666793823242,41.746665954589844,24.18854331970215
2006-12-28,698700,41.61666488647461,41.88999938964844,41.599998474121094,41.88999938964844,24.271591186523438
2006-12-27,306900,41.266666412353516,41.61333465576172,41.21666717529297,41.53333282470703,24.064937591552734
2006-12-26,274500,41,41.25,40.7599983215332,41.2400016784668,23.894977569580078
2006-12-22,200700,41,41.063331604003906,40.776668548583984,40.90666580200195,23.70183563232422
2006-12-21,587700,40.686668395996094,40.8466682434082,40.6533317565918,40.733333587646484,23.601409912109375
2006-12-20,584100,40.96666717529297,40.97999954223633,40.37333297729492,40.913333892822266,23.70570182800293
2006-12-19,300600,41.93333435058594,42.439998626708984,41.913333892822266,42.36000061035156,23.540185928344727
2006-12-18,454200,42.53333282470703,42.643333435058594,42.29999923706055,42.400001525878906,23.562414169311523
2006-12-15,825900,42.63333511352539,42.663333892822266,42.400001525878906,42.516666412353516,23.627241134643555
2006-12-14,372300,42.33333206176758,42.61666488647461,42.2933349609375,42.560001373291016,23.65133285522461
2006-12-13,515700,41.93333435058594,41.93333435058594,41.66666793823242,41.81666564941406,23.238243103027344
2006-12-12,349500,41.733333587646484,41.7599983215332,41.459999084472656,41.7400016784668,23.195648193359375
2006-12-11,405300,41.63333511352539,41.893333435058594,41.496665954589844,41.733333587646484,23.19193458557129
2006-12-08,442500,41.69333267211914,41.709999084472656,41.266666412353516,41.483333587646484,23.053010940551758
2006-12-07,296400,41.83333206176758,41.88333511352539,41.58000183105469,41.67333221435547,23.158592224121094
2006-12-06,995100,41.663333892822266,41.80666732788086,41.58333206176758,41.66666793823242,23.154890060424805
2006-12-05,832500,41.663333892822266,41.790000915527344,41.39666748046875,41.75,23.201200485229492
2006-12-04,255300,41.33333206176758,41.83333206176758,41.31666564941406,41.776668548583984,23.216014862060547
2006-12-01,375600,41.400001525878906,41.4466667175293,40.86000061035156,41.06666564941406,22.821460723876953
2006-11-30,361800,41.58333206176758,41.766666412353516,41.436668395996094,41.676666259765625,23.16044807434082
2006-11-29,400500,41.099998474121094,41.43333435058594,41.099998474121094,41.43333435058594,23.025222778320312
2006-11-28,741900,40.3466682434082,40.723331451416016,40.2066650390625,40.676666259765625,22.60472869873047
2006-11-27,507000,41,41.029998779296875,40.470001220703125,40.599998474121094,22.56212043762207
2006-11-24,498900,40.83333206176758,41.063331604003906,40.83333206176758,40.9033317565918,22.73069190979004
2006-11-22,268200,40.83333206176758,41.03333282470703,40.723331451416016,41,22.784408569335938
2006-11-21,911400,40.31999969482422,40.46333312988281,40.16666793823242,40.37666702270508,22.43801498413086
2006-11-20,558900,39.86666488647461,39.970001220703125,39.733333587646484,39.8466682434082,22.14348602294922
2006-11-17,179700,40.01333236694336,40.53333282470703,40.01333236694336,40.53333282470703,22.52507209777832
2006-11-16,240300,40.4466667175293,40.45000076293945,40.28333282470703,40.28333282470703,22.386144638061523
2006-11-15,432000,40.53333282470703,40.53333282470703,40.18000030517578,40.4466667175293,22.47692108154297
2006-11-14,292200,40.36666488647461,41.06999969482422,40.099998474121094,40.46666717529297,22.488033294677734
2006-11-13,190500,40,40.12333297729492,39.85333251953125,40.06666564941406,22.2657413482666
2006-11-10,137400,40.16666793823242,40.24333190917969,40.03666687011719,40.189998626708984,22.33428192138672
2006-11-09,456000,40.233333587646484,40.39666748046875,40.01333236694336,40.13999938964844,22.306499481201172
2006-11-08,477900,40.33333206176758,40.80666732788086,40.16666793823242,40.46666717529297,22.488033294677734
2006-11-07,429900,40.66666793823242,40.93333435058594,40.63333511352539,40.63333511352539,22.580646514892578
2006-11-06,635400,40.09000015258789,40.630001068115234,40.04999923706055,40.630001068115234,22.57879638671875
2006-11-03,320400,40.13333511352539,40.150001525878906,39.936668395996094,40.02000045776367,22.23980712890625
2006-11-02,279000,40.026668548583984,40.0533332824707,39.80666732788086,39.939998626708984,22.195350646972656
2006-11-01,354900,40.06666564941406,40.21333312988281,39.6966667175293,39.83333206176758,22.13607406616211
2006-10-31,262800,39.5,39.79999923706055,39.47666549682617,39.77000045776367,22.10088348388672
2006-10-30,205800,39.483333587646484,39.53333282470703,39.33333206176758,39.44333267211914,21.919340133666992
2006-10-27,237600,39.5,39.599998474121094,39.25,39.31666564941406,21.848949432373047
2006-10-26,440700,39.29999923706055,39.63333511352539,39.29999923706055,39.63333511352539,22.024932861328125
2006-10-25,363300,38.900001525878906,39.1966667175293,38.88666534423828,39.143333435058594,21.75263023376465
2006-10-24,152400,38.76333236694336,38.89666748046875,38.66666793823242,38.86666488647461,21.598880767822266
2006-10-23,266700,38.766666412353516,38.983333587646484,38.66666793823242,38.95333480834961,21.647043228149414
2006-10-20,235800,38.96666717529297,38.96666717529297,38.6533317565918,38.79666519165039,21.55997657775879
2006-10-19,311700,38.38999938964844,38.6966667175293,38.38666534423828,38.65666580200195,21.482179641723633
2006-10-18,141600,38.45000076293945,38.599998474121094,38.31666564941406,38.369998931884766,21.322872161865234
2006-10-17,417900,38.08000183105469,38.186668395996094,37.936668395996094,38.09333419799805,21.16912841796875
2006-10-16,151800,38.44333267211914,38.63333511352539,38.380001068115234,38.58333206176758,21.441423416137695
2006-10-13,166200,38.28666687011719,38.400001525878906,38.176666259765625,38.3466682434082,21.309904098510742
2006-10-12,318000,37.983333587646484,38.323333740234375,37.970001220703125,38.2933349609375,21.280269622802734
2006-10-11,176100,37.81999969482422,37.91999816894531,37.586666107177734,37.733333587646484,20.969066619873047
2006-10-10,167100,37.62666702270508,37.7933349609375,37.62666702270508,37.790000915527344,21.000558853149414
2006-10-09,165300,37.53333282470703,37.63666534423828,37.4033317565918,37.573333740234375,20.880157470703125
2006-10-06,214200,37.5966682434082,37.65666580200195,37.46333312988281,37.62333297729492,20.907939910888672
2006-10-05,363900,37.630001068115234,37.9466667175293,37.59000015258789,37.9466667175293,21.087615966796875
2006-10-04,414600,36.97999954223633,37.53333282470703,36.90999984741211,37.46333312988281,20.819019317626953
2006-10-03,267300,37.2400016784668,37.33333206176758,37.04999923706055,37.06666564941406,20.598587036132812
2006-10-02,458700,37.13333511352539,37.49333190917969,37.13333511352539,37.313331604003906,20.73566436767578
2006-09-29,207300,37.0966682434082,37.16666793823242,36.983333587646484,36.983333587646484,20.55228042602539
2006-09-28,212100,37.00666809082031,37.05666732788086,36.86666488647461,36.996665954589844,20.5596866607666
2006-09-27,302700,36.72666549682617,37.060001373291016,36.71666717529297,37.0533332824707,20.591176986694336
2006-09-26,355500,36.39666748046875,36.650001525878906,36.33333206176758,36.59333419799805,20.335546493530273
2006-09-25,547800,36.413333892822266,36.650001525878906,36.16666793823242,36.58333206176758,20.329994201660156
2006-09-22,1107300,36.55666732788086,36.55666732788086,36.20000076293945,36.290000915527344,20.166982650756836
2006-09-21,396600,36.81666564941406,36.913333892822266,36.563331604003906,36.663333892822266,20.374448776245117
2006-09-20,446700,36.606666564941406,36.900001525878906,36.606666564941406,36.78333282470703,20.44113540649414
2006-09-19,418500,37.08000183105469,37.08000183105469,36.459999084472656,36.599998474121094,20.33925437927246
2006-09-18,209100,36.96333312988281,37.220001220703125,36.90666580200195,37.150001525878906,20.6448974609375
2006-09-15,176100,36.88333511352539,36.90999984741211,36.66666793823242,36.85333251953125,20.480037689208984
2006-09-14,160500,36.87333297729492,36.91666793823242,36.73666763305664,36.766666412353516,20.43187141418457
2006-09-13,151200,36.586666107177734,36.823333740234375,36.53333282470703,36.75,20.422611236572266
2006-09-12,365700,36.356666564941406,36.61666488647461,36.233333587646484,36.58333206176758,20.329994201660156
2006-09-11,490200,36.599998474121094,36.61000061035156,36.16666793823242,36.3466682434082,20.19847297668457
2006-09-08,185400,37,37.04999923706055,36.82666778564453,37.00666809082031,20.565250396728516
2006-09-07,520800,36.93333435058594,37.16999816894531,36.790000915527344,36.959999084472656,20.539308547973633
2006-09-06,282300,38.31666564941406,38.31666564941406,37.21666717529297,37.279998779296875,20.71713638305664
2006-09-05,362100,38,38.03333282470703,37.77000045776367,37.9900016784668,21.1117000579834
2006-09-01,179700,37.81666564941406,37.81666564941406,37.313331604003906,37.61000061035156,20.900529861450195
2006-08-31,215400,37.33333206176758,37.36000061035156,37.21666717529297,37.28333282470703,20.7189884185791
2006-08-30,334800,37.266666412353516,37.266666412353516,36.97666549682617,37.08000183105469,20.606000900268555
2006-08-29,326100,37,37,36.59000015258789,36.856666564941406,20.48188591003418
2006-08-28,141600,36.41666793823242,36.573333740234375,36.336666107177734,36.54666519165039,20.30961799621582
2006-08-25,161400,36.37666702270508,36.4466667175293,36.28333282470703,36.36333465576172,20.207727432250977
2006-08-24,165600,36.473331451416016,36.4900016784668,36.186668395996094,36.33000183105469,20.189207077026367
2006-08-23,191700,37.2933349609375,37.2933349609375,36.54999923706055,36.733333587646484,20.413347244262695
2006-08-22,183600,36.869998931884766,37.163333892822266,36.723331451416016,36.813331604003906,20.457805633544922
2006-08-21,192300,36.88666534423828,36.96666717529297,36.849998474121094,36.93333435058594,20.524492263793945
2006-08-18,101400,36.77333450317383,36.7933349609375,36.58333206176758,36.766666412353516,20.43187141418457
2006-08-17,430800,37.13333511352539,37.13333511352539,36.66666793823242,36.766666412353516,20.43187141418457
2006-08-16,515400,36.686668395996094,36.82666778564453,36.6533317565918,36.82666778564453,20.465213775634766
2006-08-15,260400,36.43333435058594,36.53666687011719,36.33333206176758,36.53333282470703,20.302204132080078
2006-08-14,330000,36.20000076293945,36.28333282470703,35.94333267211914,36.060001373291016,20.039169311523438
2006-08-11,126600,36,36.16666793823242,35.893333435058594,35.996665954589844,20.003971099853516
2006-08-10,160200,36.099998474121094,36.1533317565918,35.970001220703125,36.1533317565918,20.09103012084961
2006-08-09,382200,36.43333435058594,36.53666687011719,36,36.003334045410156,20.00767707824707
2006-08-08,173700,36.2599983215332,36.336666107177734,36.02000045776367,36.08333206176758,20.0521297454834
2006-08-07,106800,35.86666488647461,35.9900016784668,35.79999923706055,35.849998474121094,19.92246437072754
2006-08-04,169200,36.186668395996094,36.336666107177734,35.776668548583984,35.91666793823242,19.95951271057129
2006-08-03,525000,36.21666717529297,36.279998779296875,35.91666793823242,36.086666107177734,20.05398178100586
2006-08-02,227400,36.03333282470703,36.22999954223633,36,36.14666748046875,20.087329864501953
2006-08-01,291900,36.0099983215332,36.063331604003906,35.75666809082031,36.016666412353516,20.015092849731445
2006-07-31,140700,36.246665954589844,36.27000045776367,36.10333251953125,36.14666748046875,20.087329864501953
2006-07-28,341700,36,36.483333587646484,35.96666717529297,36.45333480834961,20.257747650146484
2006-07-27,264000,36.29999923706055,36.38333511352539,35.98666763305664,36.03333282470703,20.024351119995117
2006-07-26,203400,35.54999923706055,35.83333206176758,35.41999816894531,35.766666412353516,19.87615966796875
2006-07-25,327000,35.70000076293945,35.83333206176758,35.52000045776367,35.70333480834961,19.840967178344727
2006-07-24,426900,35.483333587646484,35.95333480834961,35.400001525878906,35.79999923706055,19.894676208496094
2006-07-21,566400,35.47999954223633,35.47999954223633,34.98666763305664,35.03666687011719,19.470483779907227
2006-07-20,541800,35.41999816894531,35.7400016784668,35.11000061035156,35.14666748046875,19.531612396240234
2006-07-19,799800,34.54999923706055,35.4566650390625,34.483333587646484,35.436668395996094,19.69277000427246
2006-07-18,687300,34.79999923706055,35,34.503334045410156,34.79999923706055,19.338964462280273
2006-07-17,259500,34.93333435058594,35,34.68333435058594,34.983333587646484,19.440847396850586
2006-07-14,231900,35.3466682434082,35.3466682434082,34.810001373291016,35.01333236694336,19.45751190185547
2006-07-13,852300,35.900001525878906,35.90999984741211,35.369998931884766,35.599998474121094,19.783538818359375
2006-07-12,444000,36.33333206176758,36.33333206176758,35.7933349609375,35.900001525878906,19.950244903564453
2006-07-11,292800,36.06666564941406,36.35333251953125,35.893333435058594,36.35333251953125,20.202177047729492
2006-07-10,208200,36.393333435058594,36.5,36.1533317565918,36.209999084472656,20.122522354125977
2006-07-07,371700,36.36666488647461,36.5,36.13666534423828,36.16666793823242,20.09844207763672
2006-07-06,249900,36.16666793823242,36.27000045776367,35.900001525878906,36.220001220703125,20.12807846069336
2006-07-05,338400,35.79999923706055,35.79999923706055,35.34333419799805,35.53333282470703,19.746484756469727
2006-07-03,171000,36,36.060001373291016,35.81999969482422,36.04999923706055,20.033605575561523
2006-06-30,168300,36.016666412353516,36.016666412353516,35.663333892822266,35.766666412353516,19.87615966796875
2006-06-29,345300,34.83333206176758,35.68333435058594,34.79999923706055,35.68000030517578,19.8279972076416
2006-06-28,317400,34.26333236694336,34.2933349609375,33.95000076293945,34.2933349609375,19.057401657104492
2006-06-27,173100,34.753334045410156,34.78333282470703,34.2066650390625,34.25,19.03331756591797
2006-06-26,475200,34.46666717529297,34.5966682434082,34.29999923706055,34.5966682434082,19.225971221923828
2006-06-23,229800,34.400001525878906,34.483333587646484,34.26333236694336,34.369998931884766,19.100006103515625
2006-06-22,343200,34.62333297729492,34.66666793823242,34.21666717529297,34.516666412353516,19.181509017944336
2006-06-21,694500,34.233333587646484,34.733333587646484,33.93333435058594,34.59333419799805,19.224117279052734
2006-06-20,291600,34.08000183105469,34.21666717529297,33.913333892822266,34.029998779296875,18.911062240600586
2006-06-19,442800,34.21666717529297,34.400001525878906,33.88333511352539,33.90999984741211,18.84437370300293
2006-06-16,849900,34.56666564941406,34.63333511352539,34.33333206176758,34.4900016784668,19.166688919067383
2006-06-15,1425300,34.16666793823242,34.65999984741211,33.939998626708984,34.50666809082031,19.175952911376953
2006-06-14,826500,33.46666717529297,33.97999954223633,33.45333480834961,33.97999954223633,18.883277893066406
2006-06-13,993900,33.47999954223633,33.95000076293945,33.03333282470703,33.27333450317383,18.490564346313477
2006-06-12,747000,34.266666412353516,34.82666778564453,33.766666412353516,34.33333206176758,19.079626083374023
2006-06-09,742200,34.83333206176758,34.973331451416016,34.53666687011719,34.71666717529297,19.292652130126953
2006-06-08,1614000,34.400001525878906,34.65999984741211,33.6966667175293,34.31666564941406,19.07036590576172
2006-06-07,300600,35.253334045410156,35.439998626708984,34.95000076293945,34.95000076293945,19.422321319580078
2006-06-06,899100,35.41666793823242,35.4566650390625,34.686668395996094,35.0433349609375,19.474185943603516
2006-06-05,530700,36.16666793823242,36.20000076293945,35.516666412353516,35.563331604003906,19.763160705566406
2006-06-02,1258500,36.13333511352539,36.186668395996094,35.71666717529297,36.05666732788086,20.037315368652344
2006-06-01,673200,35.52333450317383,36.06999969482422,35.43333435058594,36.060001373291016,20.039169311523438
2006-05-31,468300,36,36,35.516666412353516,35.650001525878906,19.811323165893555
2006-05-30,324600,36.25,36.5,35.83333206176758,35.87666702270508,19.93729019165039
2006-05-26,305400,36.33333206176758,36.36666488647461,35.99333190917969,36.31666564941406,20.181798934936523
2006-05-25,714000,35.83333206176758,36.099998474121094,35.643333435058594,36.063331604003906,20.041015625
2006-05-24,1003800,35.61666488647461,36.0099983215332,35.12333297729492,35.6966667175293,19.83725357055664
2006-05-23,819600,35.81666564941406,36.43333435058594,35.720001220703125,35.970001220703125,19.989152908325195
2006-05-22,1200600,35.58333206176758,35.9033317565918,35.27000045776367,35.75,19.866893768310547
2006-05-19,502200,36.516666412353516,36.54999923706055,36.130001068115234,36.5,20.283674240112305
2006-05-18,741300,36.75,37.03666687011719,36.5,36.5,20.283674240112305
2006-05-17,771900,37.5099983215332,37.5099983215332,36.38999938964844,36.560001373291016,20.31702995300293
2006-05-16,942300,37.56666564941406,37.66666793823242,37.34000015258789,37.53333282470703,20.857929229736328
2006-05-15,1113300,37.099998474121094,37.40999984741211,36.66666793823242,37.189998626708984,20.667125701904297
2006-05-12,863100,38.77000045776367,38.77000045776367,37.96333312988281,38,21.11725616455078
2006-05-11,818400,39.18333435058594,39.18333435058594,38.71666717529297,38.776668548583984,21.54886817932129
2006-05-10,358500,39.03333282470703,39.08333206176758,38.83333206176758,38.996665954589844,21.67112159729004
2006-05-09,651000,39,39.2400016784668,38.93333435058594,39.150001525878906,21.756332397460938
2006-05-08,232800,39,39.0433349609375,38.84333419799805,38.93333435058594,21.63592529296875
2006-05-05,522600,38.766666412353516,38.81666564941406,38.61000061035156,38.790000915527344,21.556278228759766
2006-05-04,446700,38.349998474121094,38.516666412353516,38.32666778564453,38.46333312988281,21.374738693237305
2006-05-03,403500,38.68333435058594,38.686668395996094,38.36666488647461,38.5,21.39511489868164
2006-05-02,556200,38.25,38.4566650390625,37.58333206176758,38.35333251953125,21.313613891601562
2006-05-01,352500,38.33333206176758,38.439998626708984,38.106666564941406,38.11666488647461,21.182090759277344
2006-04-28,200100,37.83333206176758,38.01333236694336,37.733333587646484,37.913333892822266,21.069095611572266
2006-04-27,259800,38.60333251953125,38.60333251953125,37.38333511352539,37.779998779296875,20.994997024536133
2006-04-26,411600,37.96666717529297,37.983333587646484,37.75666809082031,37.86000061035156,21.039457321166992
2006-04-25,326400,37.413333892822266,37.5,37.13333511352539,37.13333511352539,20.635637283325195
2006-04-24,475800,37.38333511352539,37.439998626708984,37.176666259765625,37.413333892822266,20.791236877441406
2006-04-21,642300,37.38333511352539,37.5533332824707,37.32666778564453,37.51333236694336,20.84680938720703
2006-04-20,891900,37.413333892822266,37.45000076293945,37.003334045410156,37.10333251953125,20.61896514892578
2006-04-19,541500,37.349998474121094,37.73666763305664,37.33333206176758,37.733333587646484,20.969066619873047
2006-04-18,545100,37.099998474121094,37.41999816894531,36.913333892822266,37.38333511352539,20.774564743041992
2006-04-17,380100,36.436668395996094,36.6533317565918,36.356666564941406,36.560001373291016,20.31702995300293
2006-04-13,790800,36.06666564941406,36.349998474121094,35.970001220703125,36.2599983215332,20.15030860900879
2006-04-12,422400,36.20000076293945,36.400001525878906,36.099998474121094,36.393333435058594,20.224403381347656
2006-04-11,306600,36.586666107177734,36.599998474121094,36.16999816894531,36.276668548583984,20.159574508666992
2006-04-10,432000,36.29999923706055,36.38999938964844,36.20000076293945,36.3033332824707,20.174392700195312
2006-04-07,326100,36.516666412353516,36.58000183105469,36,36.16999816894531,20.10029411315918
2006-04-06,234900,36.72666549682617,36.72666549682617,36.349998474121094,36.46666717529297,20.265153884887695
2006-04-05,312600,35.88333511352539,36.28666687011719,35.88333511352539,36.28666687011719,20.165130615234375
2006-04-04,348900,35.58333206176758,35.7599983215332,35.470001220703125,35.62666702270508,19.798357009887695
2006-04-03,627900,35.43333435058594,35.7933349609375,35.34000015258789,35.599998474121094,19.783538818359375
2006-03-31,176100,34.81666564941406,35.016666412353516,34.81666564941406,34.983333587646484,19.440847396850586
2006-03-30,177000,34.87333297729492,35,34.86666488647461,34.97999954223633,19.43899154663086
2006-03-29,169200,34.38666534423828,34.650001525878906,34.34333419799805,34.650001525878906,19.255605697631836
2006-03-28,636300,34.4900016784668,34.663333892822266,34.28666687011719,34.36333465576172,19.096298217773438
2006-03-27,236700,34.45000076293945,34.47999954223633,34.33333206176758,34.413333892822266,19.124082565307617
2006-03-24,168600,34.25,34.5,34.21666717529297,34.38333511352539,19.107418060302734
2006-03-23,221100,34.53333282470703,34.58333206176758,34.2400016784668,34.2933349609375,19.057401657104492
2006-03-22,352200,33.81666564941406,34.65666580200195,33.81666564941406,34.59000015258789,19.222259521484375
2006-03-21,270600,34.43333435058594,34.45000076293945,34.20000076293945,34.20000076293945,19.00553321838379
2006-03-20,186600,34.573333740234375,34.61333465576172,34.503334045410156,34.573333740234375,19.213001251220703
2006-03-17,183000,34.68333435058594,34.71333312988281,34.560001373291016,34.650001525878906,19.255605697631836
2006-03-16,285000,34.81999969482422,34.88666534423828,34.7400016784668,34.836666107177734,19.359333038330078
2006-03-15,323700,34.836666107177734,34.880001068115234,34.650001525878906,34.80666732788086,19.342666625976562
2006-03-14,237900,34.41666793823242,34.7599983215332,34.33333206176758,34.7599983215332,19.316736221313477
2006-03-13,137700,34.436668395996094,34.586666107177734,34.41666793823242,34.56999969482422,19.211149215698242
2006-03-10,230700,34.11666488647461,34.189998626708984,33.96333312988281,34.16999816894531,18.988859176635742
2006-03-09,425700,34.36666488647461,34.36666488647461,33.96333312988281,33.96333312988281,18.874013900756836
2006-03-08,573000,33.849998474121094,33.99333190917969,33.70333480834961,33.869998931884766,18.8221435546875
2006-03-07,633300,34.03333282470703,34.12666702270508,33.91666793823242,33.996665954589844,18.892534255981445
2006-03-06,285300,34.733333587646484,34.80666732788086,34.37333297729492,34.45000076293945,19.14445686340332
2006-03-03,213600,34.78333282470703,34.88999938964844,34.57666778564453,34.77000045776367,19.322290420532227
2006-03-02,280800,34.83333206176758,34.849998474121094,34.68000030517578,34.8466682434082,19.364892959594727
2006-03-01,331200,34.599998474121094,34.663333892822266,34.43333435058594,34.663333892822266,19.26301383972168
2006-02-28,459300,34.733333587646484,34.76333236694336,34.49333190917969,34.56666564941406,19.20929718017578
2006-02-27,199800,34.65666580200195,34.7933349609375,34.65666580200195,34.68333435058594,19.274133682250977
2006-02-24,419100,34.43000030517578,34.61333465576172,34.41666793823242,34.61333465576172,19.235227584838867
2006-02-23,212100,34.5,34.599998474121094,34.37666702270508,34.43000030517578,19.133352279663086
2006-02-22,284700,33.913333892822266,34.38333511352539,33.913333892822266,34.380001068115234,19.105560302734375
2006-02-21,313500,34.20000076293945,34.33333206176758,34.11666488647461,34.2400016784668,19.027761459350586
2006-02-17,187200,33.54999923706055,33.753334045410156,33.54999923706055,33.72666549682617,18.742488861083984
2006-02-16,326700,33.79999923706055,33.91666793823242,33.720001220703125,33.856666564941406,18.814739227294922
2006-02-15,356100,33.983333587646484,34.13333511352539,33.723331451416016,33.869998931884766,18.8221435546875
2006-02-14,330900,33.96666717529297,34.41666793823242,33.87666702270508,34.380001068115234,19.105560302734375
2006-02-13,267600,33.68333435058594,33.86333465576172,33.5433349609375,33.58000183105469,18.660987854003906
2006-02-10,245400,34.16666793823242,34.16666793823242,33.733333587646484,33.95333480834961,18.868457794189453
2006-02-09,307800,34.01333236694336,34.25,34.01333236694336,34.0966682434082,18.948110580444336
2006-02-08,523800,33.78333282470703,33.97999954223633,33.70000076293945,33.973331451416016,18.87957000732422
2006-02-07,869700,34.25,34.349998474121094,33.900001525878906,33.90666580200195,18.842525482177734
2006-02-06,172800,34.400001525878906,34.54999923706055,34.349998474121094,34.483333587646484,19.162981033325195
2006-02-03,434400,34.233333587646484,34.5,34.0966682434082,34.28333282470703,19.051837921142578
2006-02-02,325500,34.720001220703125,34.96666717529297,34.66666793823242,34.78333282470703,19.329702377319336
2006-02-01,313200,35.099998474121094,35.290000915527344,35.099998474121094,35.22999954223633,19.57792091369629
2006-01-31,369600,35.099998474121094,35.356666564941406,35.09333419799805,35.266666412353516,19.59829330444336
2006-01-30,327900,35,35.06666564941406,34.959999084472656,35.02333450317383,19.463071823120117
2006-01-27,457800,34.94333267211914,35.04999923706055,34.87666702270508,35.04999923706055,19.47789192199707
2006-01-26,693000,34.5533332824707,34.689998626708984,34.526668548583984,34.630001068115234,19.24449348449707
2006-01-25,343500,34.439998626708984,34.47666549682617,34.28666687011719,34.349998474121094,19.088891983032227
2006-01-24,279600,34,34.163333892822266,33.96333312988281,34.11666488647461,18.959217071533203
2006-01-23,341400,33.96666717529297,34.06666564941406,33.92333221435547,34.016666412353516,18.903650283813477
2006-01-20,528000,34.266666412353516,34.266666412353516,33.64666748046875,33.689998626708984,18.722118377685547
2006-01-19,1240500,34.150001525878906,34.23666763305664,34.029998779296875,34.16666793823242,18.98701286315918
2006-01-18,615300,33.56666564941406,33.95000076293945,33.56666564941406,33.83000183105469,18.799917221069336
2006-01-17,298800,34.36666488647461,34.36666488647461,34.186668395996094,34.336666107177734,19.081480026245117
2006-01-13,531000,34.33333206176758,34.50666809082031,34.29999923706055,34.45333480834961,19.146316528320312
2006-01-12,251100,34.45000076293945,34.45000076293945,34.16666793823242,34.22666549682617,19.020353317260742
2006-01-11,485400,34.18000030517578,34.63333511352539,34.18000030517578,34.61333465576172,19.235227584838867
2006-01-10,316500,34.233333587646484,34.253334045410156,34.11666488647461,34.253334045410156,19.035171508789062
2006-01-09,534000,34.400001525878906,34.55666732788086,34.266666412353516,34.54999923706055,19.20003318786621
2006-01-06,413400,34.06666564941406,34.426666259765625,34.0099983215332,34.33333206176758,19.079626083374023
2006-01-05,535800,33.91666793823242,34.00666809082031,33.8466682434082,33.89666748046875,18.83696746826172
2006-01-04,511800,33.83333206176758,34.04666519165039,33.7400016784668,34.04666519165039,18.920320510864258
2006-01-03,413700,33.11666488647461,33.643333435058594,33.04999923706055,33.59000015258789,18.66654396057129
2005-12-30,267000,32.72666549682617,32.89666748046875,32.66999816894531,32.88999938964844,18.277544021606445
2005-12-29,144300,32.86333465576172,33.11000061035156,32.86333465576172,32.96333312988281,18.318294525146484
2005-12-28,174600,32.80666732788086,32.869998931884766,32.71666717529297,32.869998931884766,18.266429901123047
2005-12-27,279600,32.779998779296875,32.8466682434082,32.25,32.36000061035156,17.983016967773438
2005-12-23,333300,32.733333587646484,32.77000045776367,32.65999984741211,32.709999084472656,18.177507400512695
2005-12-22,146100,33.84000015258789,34.0099983215332,33.84000015258789,33.97666549682617,18.19640350341797
2005-12-21,477900,34.01333236694336,34.10333251953125,33.95000076293945,34.04666519165039,18.2338924407959
2005-12-20,173100,33.86666488647461,33.90666580200195,33.723331451416016,33.746665954589844,18.073226928710938
2005-12-19,247800,33.93000030517578,33.97999954223633,33.71333312988281,33.753334045410156,18.076799392700195
2005-12-16,366600,33.79999923706055,33.86000061035156,33.75,33.79999923706055,18.10179328918457
2005-12-15,378300,33.79999923706055,33.856666564941406,33.66999816894531,33.83333206176758,18.11964225769043
2005-12-14,264300,33.900001525878906,34.163333892822266,33.900001525878906,34.13333511352539,18.280311584472656
2005-12-13,302700,33.67333221435547,33.96666717529297,33.66666793823242,33.93000030517578,18.17140769958496
2005-12-12,301500,33.93000030517578,33.98666763305664,33.78333282470703,33.82666778564453,18.11607551574707
2005-12-09,183600,33.54999923706055,33.66666793823242,33.5,33.643333435058594,18.017881393432617
2005-12-08,197100,33.393333435058594,33.630001068115234,33.336666107177734,33.47666549682617,17.928627014160156
2005-12-07,213300,33.663333892822266,33.83333206176758,33.53333282470703,33.63333511352539,18.012531280517578
2005-12-06,247200,33.86666488647461,34.03333282470703,33.776668548583984,33.936668395996094,18.174985885620117
2005-12-05,898800,33.84333419799805,33.93333435058594,33.753334045410156,33.78666687011719,18.094646453857422
2005-12-02,481500,33.71666717529297,33.95000076293945,33.65666580200195,33.86666488647461,18.137493133544922
2005-12-01,210000,33.46666717529297,33.723331451416016,33.400001525878906,33.643333435058594,18.017881393432617
2005-11-30,344100,33.40999984741211,33.45000076293945,33.099998474121094,33.099998474121094,17.726896286010742
2005-11-29,171900,33.563331604003906,33.66666793823242,33.42333221435547,33.5099983215332,17.94647789001465
2005-11-28,376800,33.61000061035156,33.75,33.503334045410156,33.650001525878906,18.02145767211914
2005-11-25,131700,33.61666488647461,33.619998931884766,33.52000045776367,33.52333450317383,17.953622817993164
2005-11-23,322500,33.38666534423828,33.59333419799805,33.38666534423828,33.52333450317383,17.953622817993164
2005-11-22,261900,33.11333465576172,33.38333511352539,33.099998474121094,33.3466682434082,17.8590030670166
2005-11-21,328800,33.43333435058594,33.59333419799805,33.43333435058594,33.52000045776367,17.95182991027832
2005-11-18,148800,33.393333435058594,33.470001220703125,33.3033332824707,33.470001220703125,17.925058364868164
2005-11-17,253500,33.11000061035156,33.313331604003906,33.099998474121094,33.2933349609375,17.830446243286133
2005-11-16,130200,32.77333450317383,32.893333435058594,32.709999084472656,32.8466682434082,17.59122657775879
2005-11-15,176700,32.7066650390625,32.913333892822266,32.69333267211914,32.753334045410156,17.541242599487305
2005-11-14,212700,32.63333511352539,32.76333236694336,32.573333740234375,32.720001220703125,17.52338981628418
2005-11-11,231300,32.79999923706055,32.836666107177734,32.720001220703125,32.823333740234375,17.578733444213867
2005-11-10,178500,32.54666519165039,32.6533317565918,32.38666534423828,32.63333511352539,17.47697639465332
2005-11-09,180600,32.45333480834961,32.663333892822266,32.37333297729492,32.63999938964844,17.480546951293945
2005-11-08,123600,32.35333251953125,32.5433349609375,32.34000015258789,32.540000915527344,17.426992416381836
2005-11-07,236100,32.34000015258789,32.473331451416016,32.21333312988281,32.36666488647461,17.33415985107422
2005-11-04,199200,32.540000915527344,32.59333419799805,32.26333236694336,32.38666534423828,17.344871520996094
2005-11-03,406800,33.23666763305664,33.59000015258789,32.68333435058594,32.7599983215332,17.54481315612793
2005-11-02,786600,32.290000915527344,32.59000015258789,32.26333236694336,32.586666107177734,17.451982498168945
2005-11-01,440700,32.53666687011719,32.55666732788086,32.369998931884766,32.43000030517578,17.368078231811523
2005-10-31,357300,32.426666259765625,32.66999816894531,32.426666259765625,32.53333282470703,17.423419952392578
2005-10-28,237000,31.946666717529297,32.143333435058594,31.790000915527344,32.13999938964844,17.212772369384766
2005-10-27,873600,32.483333587646484,32.49333190917969,32.08000183105469,32.08333206176758,17.182416915893555
2005-10-26,340800,32.5,32.66999816894531,32.473331451416016,32.51333236694336,17.41270637512207
2005-10-25,821100,32.28666687011719,32.39666748046875,32.16666793823242,32.26333236694336,17.27882194519043
2005-10-24,353700,31.866666793823242,32.36666488647461,31.84000015258789,32.36666488647461,17.33415985107422
2005-10-21,186900,32.08333206176758,32.086666107177734,31.780000686645508,31.883333206176758,17.075307846069336
2005-10-20,282000,32.07666778564453,32.150001525878906,31.68000030517578,31.68000030517578,16.966413497924805
2005-10-19,373500,31.78333282470703,32.25,31.700000762939453,32.25,17.27167510986328
2005-10-18,220500,32.47999954223633,32.496665954589844,32.28333282470703,32.28333282470703,17.28952980041504
2005-10-17,263100,32.503334045410156,32.540000915527344,32.36000061035156,32.5,17.405567169189453
2005-10-14,524700,32.40999984741211,32.70000076293945,32.356666564941406,32.68333435058594,17.503747940063477
2005-10-13,392700,32.4566650390625,32.64666748046875,32.28333282470703,32.64666748046875,17.484115600585938
2005-10-12,321000,32.96666717529297,33.04999923706055,32.63999938964844,32.709999084472656,17.518030166625977
2005-10-11,446400,32.93333435058594,32.95000076293945,32.77333450317383,32.823333740234375,17.578733444213867
2005-10-10,185700,33.27000045776367,33.27000045776367,33.073333740234375,33.086666107177734,17.719762802124023
2005-10-07,536700,32.90666580200195,32.9466667175293,32.86666488647461,32.926666259765625,17.634069442749023
2005-10-06,947100,33.04999923706055,33.04999923706055,32.4466667175293,32.55666732788086,17.435916900634766
2005-10-05,537600,33.59000015258789,33.71666717529297,33.29666519165039,33.29666519165039,17.832225799560547
2005-10-04,673800,34.5099983215332,34.53666687011719,34.253334045410156,34.253334045410156,18.344573974609375
2005-10-03,252300,34.400001525878906,34.53666687011719,34.36666488647461,34.45000076293945,18.449901580810547
2005-09-30,219300,34.276668548583984,34.43000030517578,34.276668548583984,34.38333511352539,18.414199829101562
2005-09-29,506100,34.28333282470703,34.650001525878906,34.28333282470703,34.650001525878906,18.557018280029297
2005-09-28,243300,34.150001525878906,34.223331451416016,34.08000183105469,34.220001220703125,18.32672691345215
2005-09-27,201300,33.996665954589844,34.063331604003906,33.900001525878906,34.04666519165039,18.2338924407959
2005-09-26,343800,34.06999969482422,34.09000015258789,33.92333221435547,33.959999084472656,18.18747901916504
2005-09-23,270000,33.66999816894531,33.71666717529297,33.61666488647461,33.7066650390625,18.05180549621582
2005-09-22,144900,33.87333297729492,33.87333297729492,33.746665954589844,33.86333465576172,18.135711669921875
2005-09-21,273900,34,34.060001373291016,33.86666488647461,33.869998931884766,18.139280319213867
2005-09-20,714600,34.15999984741211,34.233333587646484,33.91999816894531,33.95000076293945,18.18212127685547
2005-09-19,412200,33.75666809082031,33.86666488647461,33.709999084472656,33.78333282470703,18.092864990234375
2005-09-16,183900,34.0533332824707,34.106666564941406,33.93000030517578,34.099998474121094,18.262454986572266
2005-09-15,177000,33.85333251953125,33.869998931884766,33.72999954223633,33.77000045776367,18.085723876953125
2005-09-14,329400,33.900001525878906,33.94333267211914,33.8033332824707,33.813331604003906,18.108928680419922
2005-09-13,396600,33.62333297729492,33.63333511352539,33.426666259765625,33.540000915527344,17.96254539489746
2005-09-12,196200,33.73666763305664,33.77000045776367,33.63333511352539,33.689998626708984,18.042879104614258
2005-09-09,577800,33.59000015258789,33.91666793823242,33.59000015258789,33.85333251953125,18.130353927612305
2005-09-08,220800,33.563331604003906,33.61666488647461,33.5099983215332,33.5533332824707,17.96968650817871
2005-09-07,715200,33.66999816894531,33.766666412353516,33.586666107177734,33.66666793823242,18.030384063720703
2005-09-06,507300,33.5,33.663333892822266,33.436668395996094,33.59000015258789,17.989322662353516
2005-09-02,118500,33.34333419799805,33.50666809082031,33.34000015258789,33.45333480834961,17.91613006591797
2005-09-01,457800,33.32666778564453,33.48666763305664,33.28333282470703,33.41666793823242,17.89649772644043
2005-08-31,225600,32.529998779296875,32.936668395996094,32.529998779296875,32.93000030517578,17.635860443115234
2005-08-30,170100,32.356666564941406,32.369998931884766,32.18333435058594,32.22999954223633,17.26096534729004
2005-08-29,248100,32.36000061035156,32.60333251953125,32.27333450317383,32.60333251953125,17.460908889770508
2005-08-26,157200,32.93333435058594,32.93333435058594,32.6533317565918,32.71666717529297,17.5216064453125
2005-08-25,209700,32.400001525878906,32.72666549682617,32.400001525878906,32.720001220703125,17.52338981628418
2005-08-24,648900,32.766666412353516,32.766666412353516,32.400001525878906,32.400001525878906,17.35201072692871
2005-08-23,137700,32.88333511352539,32.96333312988281,32.86666488647461,32.93333435058594,17.63764190673828
2005-08-22,162300,33.13333511352539,33.26333236694336,33.10333251953125,33.150001525878906,17.753681182861328
2005-08-19,195600,32.80666732788086,32.80666732788086,32.68333435058594,32.71666717529297,17.5216064453125
2005-08-18,189300,32.86333465576172,32.86333465576172,32.723331451416016,32.73666763305664,17.532318115234375
2005-08-17,239700,33.400001525878906,33.400001525878906,33.0966682434082,33.143333435058594,17.75010871887207
2005-08-16,246000,33.439998626708984,33.46666717529297,33.36333465576172,33.37333297729492,17.873287200927734
2005-08-15,193500,33.540000915527344,33.540000915527344,33.36000061035156,33.46666717529297,17.923276901245117
2005-08-12,214500,33.599998474121094,33.63333511352539,33.4466667175293,33.630001068115234,18.010746002197266
2005-08-11,500700,33.5,33.630001068115234,33.46666717529297,33.59333419799805,17.991111755371094
2005-08-10,270600,33.18333435058594,33.29999923706055,33.06666564941406,33.130001068115234,17.74296760559082
2005-08-09,357300,33.029998779296875,33.11333465576172,32.996665954589844,33.10333251953125,17.72869110107422
2005-08-08,238200,33.063331604003906,33.09333419799805,32.880001068115234,32.88333511352539,17.610864639282227
2005-08-05,203400,32.959999084472656,32.97999954223633,32.746665954589844,32.78333282470703,17.557310104370117
2005-08-04,297900,33.04999923706055,33.130001068115234,32.93000030517578,32.94333267211914,17.64299774169922
2005-08-03,300600,32.90666580200195,33.163333892822266,32.90666580200195,33.073333740234375,17.712621688842773
2005-08-02,270900,32.89666748046875,33.12666702270508,32.89666748046875,33.119998931884766,17.737611770629883
2005-08-01,163500,32.70000076293945,32.733333587646484,32.63999938964844,32.686668395996094,17.50554084777832
2005-07-29,231600,32.65999984741211,32.709999084472656,32.413333892822266,32.413333892822266,17.359155654907227
2005-07-28,144600,32.529998779296875,32.69333267211914,32.46333312988281,32.68333435058594,17.503747940063477
2005-07-27,128700,32.5433349609375,32.61333465576172,32.473331451416016,32.573333740234375,17.44483757019043
2005-07-26,274500,32.47666549682617,32.540000915527344,32.38333511352539,32.45000076293945,17.378787994384766
2005-07-25,347400,32.5966682434082,32.66999816894531,32.52000045776367,32.58000183105469,17.44841194152832
2005-07-22,533700,32.96666717529297,32.96666717529297,32.68000030517578,32.7599983215332,17.54481315612793
2005-07-21,333000,32.49333190917969,32.779998779296875,32.47999954223633,32.733333587646484,17.530532836914062
2005-07-20,288300,31.866666793823242,32.130001068115234,31.809999465942383,32.063331604003906,17.171710968017578
2005-07-19,122100,31.636667251586914,31.729999542236328,31.56333351135254,31.726667404174805,16.991403579711914
2005-07-18,120600,31.520000457763672,31.729999542236328,31.520000457763672,31.676666259765625,16.964624404907227
2005-07-15,296400,31.483333587646484,31.573333740234375,31.41666603088379,31.5,16.870014190673828
2005-07-14,143700,31.639999389648438,31.66666603088379,31.520000457763672,31.60333251953125,16.925352096557617
2005-07-13,336300,31.350000381469727,31.479999542236328,31.336666107177734,31.469999313354492,16.85395050048828
2005-07-12,119700,31.343334197998047,31.536666870117188,31.33333396911621,31.513334274291992,16.877153396606445
2005-07-11,347100,31.059999465942383,31.280000686645508,31.036666870117188,31.280000686645508,16.752193450927734
2005-07-08,237900,30.610000610351562,30.80666732788086,30.59000015258789,30.80666732788086,16.498693466186523
2005-07-07,305700,30.383333206176758,30.610000610351562,30.336666107177734,30.610000610351562,16.39336395263672
2005-07-06,275100,30.959999084472656,30.996665954589844,30.816667556762695,30.866666793823242,16.53082847595215
2005-07-05,261300,31,31.266666412353516,31,31.263334274291992,16.743263244628906
2005-07-01,155700,31.383333206176758,31.389999389648438,31.209999084472656,31.229999542236328,16.72541046142578
2005-06-30,253500,31.516666412353516,31.549999237060547,31.373332977294922,31.3799991607666,16.805742263793945
2005-06-29,350400,31.983333587646484,31.983333587646484,31.366666793823242,31.39666748046875,16.814674377441406
2005-06-28,440700,31.6200008392334,31.733333587646484,31.59666633605957,31.71666717529297,16.98604965209961
2005-06-27,320400,31.366666793823242,31.5,31.34666633605957,31.41666603088379,16.82538604736328
2005-06-24,333600,31.586666107177734,31.586666107177734,31.3700008392334,31.3700008392334,16.800386428833008
2005-06-23,528600,31.72333335876465,31.83333396911621,31.450000762939453,31.496665954589844,16.86822509765625
2005-06-22,174300,31.950000762939453,31.986665725708008,31.876667022705078,31.950000762939453,17.111011505126953
2005-06-21,306900,31.91666603088379,32.04666519165039,31.799999237060547,31.969999313354492,17.121719360351562
2005-06-20,593100,31.860000610351562,31.963333129882812,31.81999969482422,31.953332901000977,17.112794876098633
2005-06-17,396000,31.926666259765625,32.163333892822266,31.926666259765625,32.12333297729492,17.203838348388672
2005-06-16,467100,31.52666664123535,31.5766658782959,31.360000610351562,31.573333740234375,16.909290313720703
2005-06-15,177600,31.239999771118164,31.350000381469727,31.139999389648438,31.350000381469727,16.7896785736084
2005-06-14,122400,31.030000686645508,31.126667022705078,31.010000228881836,31.040000915527344,16.6236572265625
2005-06-13,247200,30.93000030517578,31.113332748413086,30.873332977294922,31.05666732788086,16.632585525512695
2005-06-10,112800,31.106666564941406,31.106666564941406,30.913333892822266,30.963333129882812,16.582595825195312
2005-06-09,159600,30.996665954589844,31.183332443237305,30.986665725708008,31.163333892822266,16.689706802368164
2005-06-08,156300,31.116666793823242,31.19333267211914,30.94333267211914,30.976667404174805,16.58974266052246
2005-06-07,573000,31,31.133333206176758,31,31.003334045410156,16.60401725769043
2005-06-06,108900,30.80666732788086,30.899999618530273,30.786666870117188,30.84666633605957,16.520116806030273
2005-06-03,126600,30.600000381469727,30.69333267211914,30.440000534057617,30.47333335876465,16.32016944885254
2005-06-02,217500,30.433332443237305,30.540000915527344,30.3799991607666,30.536666870117188,16.354093551635742
2005-06-01,123900,30,30.33333396911621,30,30.266666412353516,16.209491729736328
2005-05-31,349800,30.066667556762695,30.110000610351562,29.963333129882812,30.08333396911621,16.11130714416504
2005-05-27,199200,30.143333435058594,30.31333351135254,30.143333435058594,30.293333053588867,16.223772048950195
2005-05-26,71700,30.030000686645508,30.106666564941406,30.023332595825195,30.079999923706055,16.109527587890625
2005-05-25,138300,30.010000228881836,30.040000915527344,29.90333366394043,29.97333335876465,16.05239486694336
2005-05-24,273600,30.229999542236328,30.27666664123535,30.139999389648438,30.24333381652832,16.196996688842773
2005-05-23,159300,29.976667404174805,30.126667022705078,29.933332443237305,30.08333396911621,16.11130714416504
2005-05-20,160800,29.760000228881836,29.770000457763672,29.649999618530273,29.71666717529297,15.914936065673828
2005-05-19,170400,29.886667251586914,29.920000076293945,29.83333396911621,29.899999618530273,16.013120651245117
2005-05-18,146700,29.633333206176758,29.906665802001953,29.60333251953125,29.889999389648438,16.007768630981445
2005-05-17,185400,29.253334045410156,29.486665725708008,29.21666717529297,29.486665725708008,15.791760444641113
2005-05-16,181200,29.386667251586914,29.479999542236328,29.373332977294922,29.479999542236328,15.788190841674805
2005-05-13,115500,29.78333282470703,29.816667556762695,29.56999969482422,29.623332977294922,15.864954948425293
2005-05-12,314700,30.049999237060547,30.086666107177734,29.763334274291992,29.816667556762695,15.968491554260254
2005-05-11,237000,30.100000381469727,30.1733341217041,30.003334045410156,30.1733341217041,16.159507751464844
2005-05-10,179700,30.049999237060547,30.06333351135254,29.946666717529297,29.996665954589844,16.064889907836914
2005-05-09,298800,30.066667556762695,30.110000610351562,30.013334274291992,30.036666870117188,16.086313247680664
2005-05-06,246900,30.066667556762695,30.066667556762695,29.953332901000977,29.953332901000977,16.041685104370117
2005-05-05,362700,30.16666603088379,30.16666603088379,29.920000076293945,29.96666717529297,16.048826217651367
2005-05-04,230700,29.866666793823242,30.190000534057617,29.81999969482422,30.183332443237305,16.16486358642578
2005-05-03,145500,29.906665802001953,30.00666618347168,29.85333251953125,29.953332901000977,16.041685104370117
2005-05-02,82200,30.136667251586914,30.246665954589844,30.136667251586914,30.233333587646484,16.191646575927734
2005-04-29,365700,30.08333396911621,30.260000228881836,30,30.260000228881836,16.20592498779297
2005-04-28,381300,30.133333206176758,30.133333206176758,29.93000030517578,30.013334274291992,16.073816299438477
2005-04-27,324900,29.986665725708008,30.086666107177734,29.843334197998047,30.08333396911621,16.11130714416504
2005-04-26,315300,30.05666732788086,30.200000762939453,30.016666412353516,30.059999465942383,16.098819732666016
2005-04-25,244500,30.113332748413086,30.22333335876465,30.06333351135254,30.200000762939453,16.173789978027344
2005-04-22,344400,30.14666748046875,30.190000534057617,29.93666648864746,29.983333587646484,16.057750701904297
2005-04-21,310200,29.956666946411133,30.066667556762695,29.893333435058594,30.066667556762695,16.10238265991211
2005-04-20,266400,29.66666603088379,29.75,29.453332901000977,29.456666946411133,15.775694847106934
2005-04-19,428400,29.586666107177734,29.799999237060547,29.540000915527344,29.793333053588867,15.955999374389648
2005-04-18,723000,29.066667556762695,29.25666618347168,29.049999237060547,29.203332901000977,15.64001750946045
2005-04-15,375000,29.58333396911621,29.696666717529297,29.33333396911621,29.40333366394043,15.747127532958984
2005-04-14,447300,30.16666603088379,30.233333587646484,29.836666107177734,29.84666633605957,15.9845609664917
2005-04-13,316200,30.566667556762695,30.696666717529297,30.406665802001953,30.459999084472656,16.313034057617188
2005-04-12,134700,30.469999313354492,30.64666748046875,30.316667556762695,30.643333435058594,16.41122055053711
2005-04-11,304200,30.483333587646484,30.496665954589844,30.413333892822266,30.46666717529297,16.316600799560547
2005-04-08,141300,30.383333206176758,30.49333381652832,30.366666793823242,30.4233341217041,16.29339599609375
2005-04-07,92400,30.25,30.25666618347168,30.156665802001953,30.1733341217041,16.159507751464844
2005-04-06,343200,29.989999771118164,30.126667022705078,29.926666259765625,30.046667098999023,16.091672897338867
2005-04-05,206700,30.049999237060547,30.18000030517578,30.049999237060547,30.18000030517578,16.16307258605957
2005-04-04,234300,30,30.046667098999023,29.836666107177734,30.040000915527344,16.088102340698242
2005-04-01,192600,30.299999237060547,30.33333396911621,29.96666717529297,30.00666618347168,16.070249557495117
2005-03-31,217500,30.21666717529297,30.21666717529297,29.969999313354492,30.030000686645508,16.082746505737305
2005-03-30,212700,29.883333206176758,29.996665954589844,29.860000610351562,29.96666717529297,16.048826217651367
2005-03-29,448500,29.799999237060547,29.989999771118164,29.733333587646484,29.75666618347168,15.936360359191895
2005-03-28,543300,30.106666564941406,30.133333206176758,30.00666618347168,30.049999237060547,16.093454360961914
2005-03-24,387300,30.15999984741211,30.25,30.106666564941406,30.1299991607666,16.13629913330078
2005-03-23,1329900,31.373332977294922,31.373332977294922,30.08333396911621,30.106666564941406,16.12380599975586
2005-03-22,513300,31.516666412353516,31.530000686645508,30.93666648864746,31,16.60223388671875
2005-03-21,495900,31.613332748413086,31.616666793823242,31.420000076293945,31.53333282470703,16.887861251831055
2005-03-18,502200,31.610000610351562,31.649999618530273,31.520000457763672,31.639999389648438,16.944984436035156
2005-03-17,421500,31.446666717529297,31.553333282470703,31.40333366394043,31.49333381652832,16.86644172668457
2005-03-16,336600,31.559999465942383,31.593334197998047,31.363332748413086,31.366666793823242,16.79860496520996
2005-03-15,412800,31.476667404174805,31.476667404174805,31.24333381652832,31.25,16.736122131347656
2005-03-14,392700,31.446666717529297,31.516666412353516,31.383333206176758,31.5,16.870014190673828
2005-03-11,324900,31.41666603088379,31.489999771118164,31.33333396911621,31.366666793823242,16.79860496520996
2005-03-10,357000,31.50666618347168,31.513334274291992,31.336666107177734,31.459999084472656,16.84859275817871
2005-03-09,349200,31.649999618530273,31.753334045410156,31.60333251953125,31.60333251953125,16.925352096557617
2005-03-08,460500,31.71666717529297,31.83333396911621,31.690000534057617,31.729999542236328,16.993192672729492
2005-03-07,672000,31.5,31.6299991607666,31.5,31.553333282470703,16.898576736450195
2005-03-04,400500,31.360000610351562,31.586666107177734,31.360000610351562,31.579999923706055,16.91285514831543
2005-03-03,224400,31.100000381469727,31.233333587646484,31.079999923706055,31.16666603088379,16.691495895385742
2005-03-02,401700,30.90999984741211,31.149999618530273,30.873332977294922,31.05666732788086,16.632585525512695
2005-03-01,507900,31.226667404174805,31.24333381652832,31.126667022705078,31.196666717529297,16.70755386352539
2005-02-28,469500,31.266666412353516,31.343334197998047,31.086666107177734,31.18000030517578,16.698637008666992
2005-02-25,278400,30.829999923706055,31.06333351135254,30.773332595825195,31.059999465942383,16.634366989135742
2005-02-24,327300,30.683332443237305,30.733333587646484,30.50666618347168,30.733333587646484,16.45941734313965
2005-02-23,442200,30.836666107177734,30.873332977294922,30.649999618530273,30.829999923706055,16.51119041442871
2005-02-22,589500,30.97333335876465,31.100000381469727,30.883333206176758,30.946666717529297,16.573671340942383
2005-02-18,227100,30.893333435058594,30.996665954589844,30.83333396911621,30.97333335876465,16.587953567504883
2005-02-17,449400,30.75,30.816667556762695,30.703332901000977,30.75,16.468347549438477
2005-02-16,626700,30.649999618530273,30.65999984741211,30.503334045410156,30.656665802001953,16.418359756469727
2005-02-15,272400,30.816667556762695,30.816667556762695,30.690000534057617,30.766666412353516,16.47726821899414
2005-02-14,516600,31.203332901000977,31.203332901000977,30.83333396911621,30.933332443237305,16.5665283203125
2005-02-11,304800,30.68000030517578,30.9233341217041,30.58333396911621,30.9233341217041,16.561172485351562
2005-02-10,319200,30.459999084472656,30.683332443237305,30.4233341217041,30.66666603088379,16.42371368408203
2005-02-09,207000,30.149999618530273,30.170000076293945,30.066667556762695,30.1299991607666,16.13629913330078
2005-02-08,555600,30.16666603088379,30.27666664123535,29.729999542236328,30.25,16.200571060180664
2005-02-07,223200,30.316667556762695,30.376667022705078,30.25,30.280000686645508,16.216630935668945
2005-02-04,345900,30.123332977294922,30.233333587646484,30.09666633605957,30.18000030517578,16.16307258605957
2005-02-03,170400,30.03333282470703,30.03333282470703,29.883333206176758,29.883333206176758,16.004194259643555
2005-02-02,319200,30.15333366394043,30.213333129882812,30.059999465942383,30.206666946411133,16.177356719970703
2005-02-01,421800,29.799999237060547,30.183332443237305,29.78333282470703,30.18000030517578,16.16307258605957
2005-01-31,262800,29.883333206176758,29.96666717529297,29.883333206176758,29.91666603088379,16.022045135498047
2005-01-28,241200,29.816667556762695,29.883333206176758,29.75,29.83333396911621,15.977420806884766
2005-01-27,242700,29.816667556762695,29.956666946411133,29.773332595825195,29.940000534057617,16.0345458984375
2005-01-26,264000,29.68000030517578,29.74333381652832,29.656665802001953,29.719999313354492,15.916726112365723
2005-01-25,124800,29.33333396911621,29.450000762939453,29.27666664123535,29.27666664123535,15.679292678833008
2005-01-24,124500,29.266666412353516,29.299999237060547,29.196666717529297,29.24333381652832,15.661441802978516
2005-01-21,279600,29.149999618530273,29.343334197998047,29.133333206176758,29.196666717529297,15.636449813842773
2005-01-20,324600,28.96666717529297,29.100000381469727,28.9233341217041,28.959999084472656,15.509696960449219
2005-01-19,252600,29.30666732788086,29.30666732788086,29.09666633605957,29.09666633605957,15.582890510559082
2005-01-18,362100,29.06999969482422,29.229999542236328,29.023332595825195,29.206666946411133,15.641802787780762
2005-01-14,153600,29.19333267211914,29.323333740234375,29.19333267211914,29.303333282470703,15.693572998046875
2005-01-13,231300,29.433332443237305,29.450000762939453,29.299999237060547,29.33333396911621,15.70964241027832
2005-01-12,210900,29.266666412353516,29.459999084472656,29.246665954589844,29.456666946411133,15.775694847106934
2005-01-11,422400,29.133333206176758,29.213333129882812,29.116666793823242,29.170000076293945,15.622169494628906
2005-01-10,151800,29.183332443237305,29.293333053588867,29.133333206176758,29.246665954589844,15.663228988647461
2005-01-07,226800,29.350000381469727,29.350000381469727,29,29.053333282470703,15.559690475463867
2005-01-06,198900,29.066667556762695,29.15999984741211,29.049999237060547,29.15999984741211,15.616809844970703
2005-01-05,288600,29.066667556762695,29.16666603088379,29.049999237060547,29.09000015258789,15.579323768615723
2005-01-04,437700,29.74333381652832,29.74333381652832,29,29.1733341217041,15.623950958251953
2005-01-03,465300,29.933332443237305,29.959999084472656,29.739999771118164,29.773332595825195,15.94528579711914
2004-12-31,454500,29.959999084472656,30.059999465942383,29.926666259765625,30.05666732788086,16.097026824951172
2004-12-30,205200,29.69333267211914,29.90999984741211,29.69333267211914,29.899999618530273,16.013120651245117
2004-12-29,325200,29.66666603088379,29.683332443237305,29.593334197998047,29.65333366394043,15.881017684936523
2004-12-28,870000,29.836666107177734,29.8700008392334,29.799999237060547,29.85333251953125,15.988130569458008
2004-12-27,414000,29.633333206176758,29.796667098999023,29.633333206176758,29.773332595825195,15.94528579711914
2004-12-23,438300,29.433332443237305,29.59000015258789,29.383333206176758,29.573333740234375,15.838168144226074
2004-12-22,533100,30.383333206176758,30.46666717529297,30.383333206176758,30.433332443237305,15.760876655578613
2004-12-21,568200,30.183332443237305,30.413333892822266,30.183332443237305,30.40999984741211,15.74879264831543
2004-12-20,307200,30.010000228881836,30.19333267211914,30.010000228881836,30.183332443237305,15.6314058303833
2004-12-17,228000,29.71666717529297,29.899999618530273,29.703332901000977,29.8799991607666,15.474310874938965
2004-12-16,203700,29.75,29.773332595825195,29.606666564941406,29.639999389648438,15.35002613067627
2004-12-15,330000,29.66666603088379,29.84000015258789,29.66666603088379,29.84000015258789,15.453596115112305
2004-12-14,354000,29.450000762939453,29.600000381469727,29.450000762939453,29.586666107177734,15.322404861450195
2004-12-13,269700,29.266666412353516,29.366666793823242,29.18666648864746,29.350000381469727,15.199840545654297
2004-12-10,165600,28.83333396911621,28.983333587646484,28.823333740234375,28.93666648864746,14.9857759475708
2004-12-09,480600,28.96666717529297,29.14666748046875,28.763334274291992,29.143333435058594,15.092804908752441
2004-12-08,423000,29.133333206176758,29.25,29.03333282470703,29.213333129882812,15.129060745239258
2004-12-07,305400,30.16666603088379,30.16666603088379,29.906665802001953,29.956666946411133,15.514020919799805
2004-12-06,198300,30.16666603088379,30.21666717529297,30.10333251953125,30.196666717529297,15.638309478759766
2004-12-03,334200,30.16666603088379,30.350000381469727,30.15333366394043,30.350000381469727,15.717720985412598
2004-12-02,252900,30.343334197998047,30.399999618530273,30.236665725708008,30.296667098999023,15.690098762512207
2004-12-01,484500,29.77666664123535,30.16666603088379,29.766666412353516,30.16666603088379,15.62277889251709
2004-11-30,627600,30.00666618347168,30.100000381469727,29.81999969482422,29.823333740234375,15.444969177246094
2004-11-29,361800,30.316667556762695,30.399999618530273,30.19333267211914,30.296667098999023,15.690098762512207
2004-11-26,112800,30.233333587646484,30.31999969482422,30.100000381469727,30.31999969482422,15.702186584472656
2004-11-24,379200,30.09000015258789,30.110000610351562,29.883333206176758,30.110000610351562,15.593426704406738
2004-11-23,270900,29.766666412353516,29.81333351135254,29.700000762939453,29.80666732788086,15.436338424682617
2004-11-22,644400,29.450000762939453,29.46666717529297,29.236665725708008,29.336666107177734,15.192928314208984
2004-11-19,188100,29.71666717529297,29.74333381652832,29.46666717529297,29.46666717529297,15.260257720947266
2004-11-18,262800,29.58333396911621,29.58333396911621,29.456666946411133,29.513334274291992,15.284424781799316
2004-11-17,390900,29.649999618530273,29.790000915527344,29.523332595825195,29.586666107177734,15.322404861450195
2004-11-16,231900,29.21666717529297,29.25,29.170000076293945,29.213333129882812,15.129060745239258
2004-11-15,271800,29.399999618530273,29.49333381652832,29.336666107177734,29.343334197998047,15.196388244628906
2004-11-12,272700,29.093334197998047,29.303333282470703,29.08333396911621,29.299999237060547,15.173942565917969
2004-11-11,271500,28.850000381469727,29.066667556762695,28.793333053588867,29.059999465942383,15.049654960632324
2004-11-10,214500,28.71666717529297,28.83333396911621,28.66666603088379,28.793333053588867,14.911551475524902
2004-11-09,322800,28.476667404174805,28.616666793823242,28.476667404174805,28.616666793823242,14.820056915283203
2004-11-08,740100,28.53333282470703,28.729999542236328,28.53333282470703,28.69333267211914,14.859764099121094
2004-11-05,709500,28.799999237060547,28.81333351135254,28.68000030517578,28.75,14.889110565185547
2004-11-04,198300,28.633333206176758,28.850000381469727,28.56999969482422,28.850000381469727,14.940896034240723
2004-11-03,372900,28.433332443237305,28.59666633605957,28.433332443237305,28.59666633605957,14.809698104858398
2004-11-02,251400,28.013334274291992,28.086666107177734,27.940000534057617,28.016666412353516,14.509331703186035
2004-11-01,120300,27.83333396911621,27.906665802001953,27.80666732788086,27.8700008392334,14.433374404907227
2004-10-29,121800,27.733333587646484,27.816667556762695,27.726667404174805,27.796667098999023,14.395392417907715
2004-10-28,357000,27.706666946411133,27.836666107177734,27.66666603088379,27.799999237060547,14.397120475769043
2004-10-27,330600,27.453332901000977,27.649999618530273,27.433332443237305,27.626667022705078,14.307355880737305
2004-10-26,216000,27.046667098999023,27.28333282470703,27.046667098999023,27.28333282470703,14.129549980163574
2004-10-25,112800,27.133333206176758,27.133333206176758,26.96666717529297,27.066667556762695,14.017338752746582
2004-10-22,125700,27.043333053588867,27.116666793823242,27.00666618347168,27.023332595825195,13.99489974975586
2004-10-21,91500,26.989999771118164,27.100000381469727,26.953332901000977,27.100000381469727,14.034607887268066
2004-10-20,68700,26.91666603088379,26.956666946411133,26.85333251953125,26.873332977294922,13.917219161987305
2004-10-19,315300,26.906665802001953,27.093334197998047,26.850000381469727,26.863332748413086,13.91203498840332
2004-10-18,30900,26.91666603088379,26.91666603088379,26.75,26.850000381469727,13.905130386352539
2004-10-15,75300,27,27.093334197998047,27,27.036666870117188,14.001809120178223
2004-10-14,96300,26.816667556762695,26.93000030517578,26.726667404174805,26.726667404174805,13.841259956359863
2004-10-13,183600,26.84000015258789,26.8799991607666,26.59000015258789,26.616666793823242,13.784296989440918
2004-10-12,121800,26.983333587646484,27.09000015258789,26.913333892822266,27.066667556762695,14.017338752746582
2004-10-11,126900,27.10333251953125,27.106666564941406,27.02666664123535,27.0766658782959,14.022520065307617
2004-10-08,99000,27.016666412353516,27.16666603088379,26.96666717529297,27.086666107177734,14.027698516845703
2004-10-07,88200,26.976667404174805,26.979999542236328,26.89666748046875,26.953332901000977,13.958647727966309
2004-10-06,317700,26.78333282470703,27.03333282470703,26.78333282470703,27.03333282470703,14.000081062316895
2004-10-05,98400,27.023332595825195,27.066667556762695,26.933332443237305,27.06333351135254,14.015616416931152
2004-10-04,309600,26.983333587646484,27.02666664123535,26.899999618530273,27.023332595825195,13.99489974975586
2004-10-01,232800,26.633333206176758,26.983333587646484,26.633333206176758,26.94333267211914,13.953468322753906
2004-09-30,237000,26.5,26.71666717529297,26.5,26.670000076293945,13.81191635131836
2004-09-29,221400,26.27666664123535,26.366666793823242,26.229999542236328,26.336666107177734,13.639288902282715
2004-09-28,208800,26.16666603088379,26.25,26.110000610351562,26.25,13.594400405883789
2004-09-27,102300,26.066667556762695,26.08333396911621,25.90333366394043,25.90333366394043,13.414871215820312
2004-09-24,55200,26.1200008392334,26.143333435058594,26.059999465942383,26.123332977294922,13.52880573272705
2004-09-23,109800,26.176666259765625,26.209999084472656,26.1299991607666,26.18666648864746,13.561606407165527
2004-09-22,85800,26.023332595825195,26.0766658782959,25.986665725708008,26.003334045410156,13.466656684875488
2004-09-21,124500,26.020000457763672,26.143333435058594,25.956666946411133,26.143333435058594,13.539165496826172
2004-09-20,97500,25.829999923706055,25.8799991607666,25.763334274291992,25.860000610351562,13.392426490783691
2004-09-17,118200,25.893333435058594,25.91666603088379,25.81333351135254,25.873332977294922,13.399333000183105
2004-09-16,229800,25.856666564941406,25.89666748046875,25.80666732788086,25.816667556762695,13.369988441467285
2004-09-15,230400,25.8266658782959,25.8266658782959,25.59000015258789,25.59000015258789,13.252602577209473
2004-09-14,222900,25.856666564941406,25.976667404174805,25.85333251953125,25.91666603088379,13.42177677154541
2004-09-13,180900,25.71666717529297,25.766666412353516,25.670000076293945,25.706666946411133,13.313021659851074
2004-09-10,153900,25.21666717529297,25.59666633605957,25.21666717529297,25.549999237060547,13.231886863708496
2004-09-09,89400,25.266666412353516,25.299999237060547,25.1733341217041,25.273332595825195,13.088602066040039
2004-09-08,131700,25.273332595825195,25.49333381652832,25.239999771118164,25.393333435058594,13.150752067565918
2004-09-07,535200,25.420000076293945,25.520000457763672,25.413333892822266,25.479999542236328,13.195632934570312
2004-09-03,117900,25.22333335876465,25.55666732788086,25.143333435058594,25.183332443237305,13.041997909545898
2004-09-02,57600,25.433332443237305,25.530000686645508,25.356666564941406,25.52666664123535,13.219801902770996
2004-09-01,281100,25.459999084472656,25.543333053588867,25.40999984741211,25.503334045410156,13.207718849182129
2004-08-31,236700,25.110000610351562,25.266666412353516,25.09666633605957,25.263334274291992,13.083425521850586
2004-08-30,47400,25.043333053588867,25.0766658782959,24.953332901000977,24.986665725708008,12.940149307250977
2004-08-27,212400,25.303333282470703,25.303333282470703,25.170000076293945,25.22333335876465,13.062713623046875
2004-08-26,477000,25.093334197998047,25.093334197998047,24.99333381652832,25.09000015258789,12.993657112121582
2004-08-25,94200,25.013334274291992,25.116666793823242,24.983333587646484,25.09000015258789,12.993657112121582
2004-08-24,135300,25.079999923706055,25.079999923706055,24.860000610351562,24.90999984741211,12.90044116973877
2004-08-23,57900,25.263334274291992,25.263334274291992,25.003334045410156,25.016666412353516,12.955682754516602
2004-08-20,118500,25.09666633605957,25.196666717529297,25.049999237060547,25.190000534057617,13.045450210571289
2004-08-19,43200,24.933332443237305,25.06333351135254,24.89666748046875,25.016666412353516,12.955682754516602
2004-08-18,66300,24.636667251586914,24.866666793823242,24.616666793823242,24.863332748413086,12.876276016235352
2004-08-17,27300,24.793333053588867,24.829999923706055,24.709999084472656,24.733333587646484,12.80894947052002
2004-08-16,139500,24.676666259765625,24.843334197998047,24.639999389648438,24.83333396911621,12.860735893249512
2004-08-13,38100,24.639999389648438,24.676666259765625,24.566667556762695,24.633333206176758,12.757159233093262
2004-08-12,27600,24.610000610351562,24.633333206176758,24.55666732788086,24.593334197998047,12.736445426940918
2004-08-11,73800,24.676666259765625,24.799999237060547,24.606666564941406,24.799999237060547,12.84347152709961
2004-08-10,111000,24.809999465942383,24.889999389648438,24.78333282470703,24.80666732788086,12.846925735473633
2004-08-09,172200,24.836666107177734,24.899999618530273,24.823333740234375,24.876667022705078,12.883179664611816
2004-08-06,372900,24.75,24.823333740234375,24.670000076293945,24.706666946411133,12.795143127441406
2004-08-05,197700,24.71666717529297,24.729999542236328,24.573333740234375,24.573333740234375,12.726088523864746
2004-08-04,150600,24.626667022705078,24.78333282470703,24.600000381469727,24.739999771118164,12.812402725219727
2004-08-03,187500,24.68666648864746,24.729999542236328,24.613332748413086,24.6200008392334,12.750256538391113
2004-08-02,201300,24.600000381469727,24.719999313354492,24.5,24.610000610351562,12.745077133178711
2004-07-30,100200,24.549999237060547,24.626667022705078,24.3799991607666,24.420000076293945,12.646678924560547
2004-07-29,29700,24.316667556762695,24.360000610351562,24.25666618347168,24.3266658782959,12.598343849182129
2004-07-28,47700,24.329999923706055,24.33333396911621,24.05666732788086,24.286666870117188,12.57762622833252
2004-07-27,55800,24.549999237060547,24.549999237060547,24.203332901000977,24.329999923706055,12.600069999694824
2004-07-26,42900,24.3700008392334,24.43666648864746,24.30666732788086,24.350000381469727,12.610428810119629
2004-07-23,46200,24.516666412353516,24.530000686645508,24.280000686645508,24.280000686645508,12.574173927307129
2004-07-22,79200,24.636667251586914,24.739999771118164,24.513334274291992,24.739999771118164,12.812402725219727
2004-07-21,53700,25.08333396911621,25.086666107177734,24.656665802001953,24.69333267211914,12.788235664367676
2004-07-20,52800,25.066667556762695,25.066667556762695,24.886667251586914,25.046667098999023,12.971220970153809
2004-07-19,64800,25.16666603088379,25.236665725708008,25.0766658782959,25.0766658782959,12.9867525100708
2004-07-16,47700,25.25,25.28333282470703,25.086666107177734,25.1200008392334,13.009195327758789
2004-07-15,88200,24.950000762939453,24.950000762939453,24.799999237060547,24.8799991607666,12.884905815124512
2004-07-14,71400,25.280000686645508,25.280000686645508,24.83333396911621,24.8799991607666,12.884905815124512
2004-07-13,25500,25.213333129882812,25.213333129882812,25.09000015258789,25.206666946411133,13.054078102111816
2004-07-12,122700,25.25,25.263334274291992,25.133333206176758,25.233333587646484,13.067892074584961
2004-07-09,123000,25.03333282470703,25.163333892822266,25.03333282470703,25.149999618530273,13.024733543395996
2004-07-08,63000,25.066667556762695,25.176666259765625,25,25.030000686645508,12.962591171264648
2004-07-07,111600,25.233333587646484,25.433332443237305,25.053333282470703,25.16666603088379,13.033366203308105
2004-07-06,82500,24.899999618530273,24.983333587646484,24.760000228881836,24.809999465942383,12.848653793334961
2004-07-02,53400,24.733333587646484,24.733333587646484,24.536666870117188,24.536666870117188,12.707101821899414
2004-07-01,63000,24.549999237060547,24.549999237060547,24.383333206176758,24.459999084472656,12.66739559173584
2004-06-30,166500,24.299999237060547,24.40333366394043,24.200000762939453,24.40333366394043,12.638047218322754
2004-06-29,54600,24.08333396911621,24.133333206176758,24,24.02666664123535,12.442978858947754
2004-06-28,69300,24.213333129882812,24.373332977294922,24.16666603088379,24.16666603088379,12.515481948852539
2004-06-25,44100,24.299999237060547,24.323333740234375,24.139999389648438,24.196666717529297,12.531018257141113
2004-06-24,96900,24.28333282470703,24.299999237060547,24.1299991607666,24.229999542236328,12.548283576965332
2004-06-23,314700,23.803333282470703,23.956666946411133,23.77666664123535,23.956666946411133,12.406728744506836
2004-06-22,114600,23.90999984741211,23.959999084472656,23.733333587646484,23.816667556762695,12.334222793579102
2004-06-21,93300,24.049999237060547,24.079999923706055,23.90333366394043,23.953332901000977,12.405001640319824
2004-06-18,65400,23.71666717529297,23.963333129882812,23.71666717529297,23.866666793823242,12.360116958618164
2004-06-17,110400,23.700000762939453,23.850000381469727,23.639999389648438,23.706666946411133,12.27725601196289
2004-06-16,82500,23.83333396911621,23.8799991607666,23.736665725708008,23.793333053588867,12.322141647338867
2004-06-15,198000,23.75,24.14666748046875,23.736665725708008,24.049999237060547,12.455063819885254
2004-06-14,97800,23.299999237060547,23.726667404174805,23.299999237060547,23.58333396911621,12.213384628295898
2004-06-10,65700,24.149999618530273,24.293333053588867,24.08333396911621,24.176666259765625,12.520662307739258
2004-06-09,78300,23.899999618530273,23.93000030517578,23.336666107177734,23.643333435058594,12.24445915222168
2004-06-08,119100,24.33333396911621,24.486665725708008,24.253334045410156,24.35333251953125,12.61215591430664
2004-06-07,70200,24.41666603088379,24.56999969482422,24.413333892822266,24.546667098999023,12.712279319763184
2004-06-04,59400,23.766666412353516,23.986665725708008,23.766666412353516,23.940000534057617,12.398098945617676
2004-06-03,97200,23.600000381469727,23.636667251586914,23.516666412353516,23.56333351135254,12.20302677154541
2004-06-02,122700,24.100000381469727,24.100000381469727,23.926666259765625,24.043333053588867,12.451608657836914
2004-06-01,232200,24.116666793823242,24.209999084472656,23.953332901000977,24.093334197998047,12.47750473022461
2004-05-28,155400,24.133333206176758,24.213333129882812,24.036666870117188,24.18000030517578,12.52238655090332
2004-05-27,116700,24.08333396911621,24.309999465942383,24.08333396911621,24.24333381652832,12.555190086364746
2004-05-26,121200,23.633333206176758,23.83333396911621,23.633333206176758,23.763334274291992,12.306607246398926
2004-05-25,350700,23.700000762939453,23.786666870117188,23.483333587646484,23.760000228881836,12.304876327514648
2004-05-24,192900,23.66666603088379,23.66666603088379,23.389999389648438,23.49333381652832,12.16677474975586
2004-05-21,126300,23.513334274291992,23.566667556762695,23.383333206176758,23.389999389648438,12.113259315490723
2004-05-20,250500,23.08333396911621,23.08333396911621,22.729999542236328,22.883333206176758,11.850865364074707
2004-05-19,172800,23.25,23.350000381469727,23.08333396911621,23.100000381469727,11.963075637817383
2004-05-18,97500,22.616666793823242,22.616666793823242,22.43666648864746,22.56333351135254,11.685147285461426
2004-05-17,419400,22.190000534057617,22.290000915527344,22.016666412353516,22.016666412353516,11.40203857421875
2004-05-14,175500,22.58333396911621,22.683332443237305,22.58333396911621,22.649999618530273,11.730029106140137
2004-05-13,219000,22.899999618530273,22.899999618530273,22.736665725708008,22.823333740234375,11.819795608520508
2004-05-12,215100,23.266666412353516,23.329999923706055,22.809999465942383,23.06999969482422,11.947539329528809
2004-05-11,452700,22.83333396911621,23.163333892822266,22.809999465942383,23.14666748046875,11.987241744995117
2004-05-10,795300,23.040000915527344,23.43000030517578,22.406665802001953,22.549999237060547,11.678238868713379
2004-05-07,236100,23.770000457763672,23.8266658782959,23.420000076293945,23.456666946411133,12.147788047790527
2004-05-06,609600,24.233333587646484,24.293333053588867,23.959999084472656,24.100000381469727,12.480956077575684
2004-05-05,221700,24.496665954589844,24.690000534057617,24.469999313354492,24.6733341217041,12.777875900268555
2004-05-04,167100,24.446666717529297,24.446666717529297,24.28333282470703,24.366666793823242,12.619057655334473
2004-05-03,198000,23.83333396911621,24.18000030517578,23.83333396911621,24.116666793823242,12.48958683013916
2004-04-30,182700,24.299999237060547,24.299999237060547,23.93000030517578,24,12.429171562194824
2004-04-29,351000,23.83333396911621,24.093334197998047,23.71666717529297,23.866666793823242,12.360116958618164
2004-04-28,541500,24.516666412353516,24.700000762939453,24.036666870117188,24.086666107177734,12.474052429199219
2004-04-27,231600,24.766666412353516,24.799999237060547,24.700000762939453,24.78333282470703,12.83484172821045
2004-04-26,261000,25.093334197998047,25.09666633605957,24.690000534057617,24.766666412353516,12.826210021972656
2004-04-23,208200,25.116666793823242,25.116666793823242,24.876667022705078,25.093334197998047,12.995386123657227
2004-04-22,101700,24.883333206176758,25,24.753334045410156,24.996665954589844,12.945324897766113
2004-04-21,178500,24.66666603088379,24.850000381469727,24.633333206176758,24.78333282470703,12.83484172821045
2004-04-20,122400,25.296667098999023,25.299999237060547,24.850000381469727,24.926666259765625,12.909072875976562
2004-04-19,135000,25.383333206176758,25.383333206176758,25.183332443237305,25.296667098999023,13.100691795349121
2004-04-16,176700,25.133333206176758,25.183332443237305,25.053333282470703,25.16666603088379,13.033366203308105
2004-04-15,449700,25.049999237060547,25.1299991607666,24.799999237060547,24.90333366394043,12.896990776062012
2004-04-14,212100,25,25.176666259765625,24.979999542236328,25.100000381469727,12.998835563659668
2004-04-13,144000,26.03333282470703,26.03333282470703,25.733333587646484,25.74333381652832,13.332010269165039
2004-04-12,156900,26.266666412353516,26.33333396911621,26.203332901000977,26.27666664123535,13.608213424682617
2004-04-08,207900,26,26.16666603088379,26,26.059999465942383,13.496007919311523
2004-04-07,153600,26.16666603088379,26.16666603088379,25.983333587646484,26.049999237060547,13.490828514099121
2004-04-06,132000,26,26.066667556762695,25.989999771118164,25.996665954589844,13.463204383850098
2004-04-05,146100,25.866666793823242,25.926666259765625,25.80666732788086,25.886667251586914,13.406244277954102
2004-04-02,392400,26,26.03333282470703,25.893333435058594,25.926666259765625,13.426956176757812
2004-04-01,190800,25.996665954589844,26.03333282470703,25.91666603088379,25.96666717529297,13.447671890258789
2004-03-31,114900,25.766666412353516,25.829999923706055,25.566667556762695,25.823333740234375,13.373442649841309
2004-03-30,226500,25.399999618530273,25.5766658782959,25.399999618530273,25.56333351135254,13.238792419433594
2004-03-29,107700,25.25,25.31333351135254,25.16666603088379,25.229999542236328,13.066163063049316
2004-03-26,313800,25.233333587646484,25.233333587646484,25.049999237060547,25.183332443237305,13.041997909545898
2004-03-25,376500,25,25.19333267211914,24.96666717529297,25.18666648864746,13.043720245361328
2004-03-24,88200,25.24333381652832,25.24333381652832,25.086666107177734,25.133333206176758,13.016101837158203
2004-03-23,172800,25.100000381469727,25.170000076293945,25.05666732788086,25.16666603088379,13.033366203308105
2004-03-22,234900,25.200000762939453,25.200000762939453,24.836666107177734,24.893333435058594,12.89180850982666
2004-03-19,281100,25.366666793823242,25.366666793823242,25.06999969482422,25.06999969482422,12.983302116394043
2004-03-18,76800,25.25,25.25,25.086666107177734,25.196666717529297,13.048900604248047
2004-03-17,292200,25.016666412353516,25.350000381469727,24.996665954589844,25.34666633605957,13.126583099365234
2004-03-16,517200,25.100000381469727,25.113332748413086,24.75,24.8799991607666,12.884905815124512
2004-03-15,665100,24.66666603088379,24.790000915527344,24.33333396911621,24.33333396911621,12.60179615020752
2004-03-12,190800,24.636667251586914,24.866666793823242,24.636667251586914,24.84000015258789,12.864192008972168
2004-03-11,512100,24.649999618530273,24.899999618530273,24.623332977294922,24.729999542236328,12.807223320007324
2004-03-10,156300,25.433332443237305,25.44333267211914,25,25.03333282470703,12.964315414428711
2004-03-09,99900,25.850000381469727,25.850000381469727,25.559999465942383,25.566667556762695,13.240518569946289
2004-03-08,201600,25.83333396911621,25.8799991607666,25.5,25.58333396911621,13.249151229858398
2004-03-05,252900,25.66666603088379,25.790000915527344,25.60333251953125,25.780000686645508,13.35099983215332
2004-03-04,190200,25.233333587646484,25.31333351135254,25.203332901000977,25.273332595825195,13.088602066040039
2004-03-03,185100,25.41666603088379,25.43666648864746,25.110000610351562,25.303333282470703,13.104144096374512
2004-03-02,338100,25.983333587646484,25.996665954589844,25.639999389648438,25.760000228881836,13.340641975402832
2004-03-01,396600,26.049999237060547,26.09666633605957,25.983333587646484,26.043333053588867,13.487375259399414
2004-02-27,231900,25.83333396911621,25.976667404174805,25.766666412353516,25.906665802001953,13.416598320007324
2004-02-26,183300,25.510000228881836,25.729999542236328,25.5,25.683332443237305,13.300935745239258
2004-02-25,84900,25.633333206176758,25.816667556762695,25.510000228881836,25.510000228881836,13.211170196533203
2004-02-24,144900,25.66666603088379,25.89666748046875,25.59000015258789,25.866666793823242,13.395880699157715
2004-02-23,158100,25.713333129882812,25.726667404174805,25.503334045410156,25.59666633605957,13.25605297088623
2004-02-20,254700,25.983333587646484,26.053333282470703,25.450000762939453,25.6299991607666,13.273316383361816
2004-02-19,281700,26.299999237060547,26.366666793823242,26.206666946411133,26.273332595825195,13.606488227844238
2004-02-18,176400,26.46666717529297,26.483333587646484,26.233333587646484,26.246665954589844,13.59267520904541
2004-02-17,211800,26.399999618530273,26.50666618347168,26.27666664123535,26.5,13.72387409210205
2004-02-13,212400,26.21666717529297,26.25,25.866666793823242,25.876667022705078,13.401061058044434
2004-02-12,189300,25.96666717529297,25.99333381652832,25.863332748413086,25.863332748413086,13.394155502319336
2004-02-11,260100,25.616666793823242,26.036666870117188,25.530000686645508,26.030000686645508,13.48046875
2004-02-10,409800,25.616666793823242,25.636667251586914,25.489999771118164,25.540000915527344,13.22670841217041
2004-02-09,238500,26.33333396911621,26.33333396911621,25.280000686645508,25.286666870117188,13.095511436462402
2004-02-06,168600,24.99333381652832,25.280000686645508,24.99333381652832,25.280000686645508,13.092061042785645
2004-02-05,86400,24.799999237060547,24.799999237060547,24.639999389648438,24.639999389648438,12.760615348815918
2004-02-04,206100,24.5,24.65333366394043,24.5,24.579999923706055,12.729540824890137
2004-02-03,198900,24.549999237060547,24.866666793823242,24.549999237060547,24.850000381469727,12.86937141418457
2004-02-02,260400,24.616666793823242,24.639999389648438,24.41666603088379,24.613332748413086,12.746801376342773
2004-01-30,315000,24.600000381469727,24.793333053588867,24.516666412353516,24.766666412353516,12.826210021972656
2004-01-29,327000,24.71666717529297,24.816667556762695,24.406665802001953,24.536666870117188,12.707101821899414
2004-01-28,281100,25.433332443237305,25.463333129882812,24.950000762939453,25.043333053588867,12.969490051269531
2004-01-27,135900,25.71666717529297,25.816667556762695,25.71666717529297,25.766666412353516,13.34409236907959
2004-01-26,186000,25.83333396911621,25.84666633605957,25.75666618347168,25.823333740234375,13.373442649841309
2004-01-23,182400,25.780000686645508,25.863332748413086,25.496665954589844,25.59666633605957,13.25605297088623
2004-01-22,195300,25.733333587646484,25.80666732788086,25.68000030517578,25.78333282470703,13.352726936340332
2004-01-21,149100,25.53333282470703,25.66666603088379,25.44333267211914,25.656665802001953,13.287126541137695
2004-01-20,264000,25.266666412353516,25.31999969482422,25.0766658782959,25.31333351135254,13.109318733215332
2004-01-16,297900,25,25,24.66666603088379,24.8266658782959,12.85728931427002
2004-01-15,462000,25.25,25.27666664123535,25.100000381469727,25.1733341217041,13.036816596984863
2004-01-14,272400,25.41666603088379,25.55666732788086,25.383333206176758,25.52666664123535,13.219801902770996
2004-01-13,273300,25.399999618530273,25.41666603088379,25.19333267211914,25.260000228881836,13.081700325012207
2004-01-12,221400,25.299999237060547,25.453332901000977,25.209999084472656,25.446666717529297,13.178373336791992
2004-01-09,175500,25.200000762939453,25.356666564941406,25.043333053588867,25.05666732788086,12.976399421691895
2004-01-08,243600,25.1200008392334,25.483333587646484,25.059999465942383,25.143333435058594,13.021279335021973
2004-01-07,173400,25.163333892822266,25.163333892822266,24.94333267211914,25.1200008392334,13.009195327758789
2004-01-06,345300,24.99333381652832,25.209999084472656,24.99333381652832,25.163333892822266,13.03164005279541
2004-01-05,481200,24.799999237060547,25.010000228881836,24.793333053588867,24.90333366394043,12.896990776062012
2004-01-02,244500,24.366666793823242,24.6299991607666,24.286666870117188,24.6299991607666,12.755435943603516
2003-12-31,173700,24.126667022705078,24.15999984741211,24.06999969482422,24.15999984741211,12.512031555175781
2003-12-30,280500,24.016666412353516,24.14666748046875,23.940000534057617,24.133333206176758,12.498218536376953
2003-12-29,203100,23.78333282470703,23.950000762939453,23.75,23.93000030517578,12.39291763305664
2003-12-26,87600,23.766666412353516,23.80666732788086,23.670000076293945,23.713333129882812,12.28071117401123
2003-12-24,170700,23.683332443237305,23.709999084472656,23.553333282470703,23.700000762939453,12.2738037109375
2003-12-23,99600,23.5,23.503334045410156,23.4233341217041,23.5,12.1702299118042
2003-12-22,126600,23.450000762939453,23.523332595825195,23.33333396911621,23.450000762939453,12.144333839416504
2003-12-19,171900,23.883333206176758,23.883333206176758,23.6200008392334,23.706666946411133,12.190423011779785
2003-12-18,342300,23.78333282470703,23.94333267211914,23.733333587646484,23.873332977294922,12.276124954223633
2003-12-17,2327700,23.866666793823242,23.933332443237305,23.75666618347168,23.83333396911621,12.255558013916016
2003-12-16,191700,24,24.013334274291992,23.799999237060547,23.90333366394043,12.291550636291504
2003-12-15,221700,24.33333396911621,24.33333396911621,23.933332443237305,23.950000762939453,12.27784252166748
2003-12-12,265800,24,24.16666603088379,23.959999084472656,24.15999984741211,12.385497093200684
2003-12-11,155400,23.700000762939453,24,23.68666648864746,23.986665725708008,12.296640396118164
2003-12-10,174000,23.799999237060547,23.886667251586914,23.670000076293945,23.71666717529297,12.158228874206543
2003-12-09,423000,23.83333396911621,23.893333435058594,23.709999084472656,23.829999923706055,12.216325759887695
2003-12-08,149400,23.633333206176758,23.950000762939453,23.633333206176758,23.950000762939453,12.27784252166748
2003-12-05,193800,23.66666603088379,23.726667404174805,23.559999465942383,23.6200008392334,12.108668327331543
2003-12-04,216600,23.766666412353516,23.84666633605957,23.60333251953125,23.739999771118164,12.170188903808594
2003-12-03,207300,23.683332443237305,23.713333129882812,23.55666732788086,23.59666633605957,12.096708297729492
2003-12-02,339900,23.299999237060547,23.433332443237305,23.236665725708008,23.303333282470703,11.946338653564453
2003-12-01,466800,23.383333206176758,23.40999984741211,23.266666412353516,23.366666793823242,11.978799819946289
2003-11-28,64500,23.15999984741211,23.16666603088379,23.06999969482422,23.06999969482422,11.826714515686035
2003-11-26,114900,23.08333396911621,23.08333396911621,22.920000076293945,23.066667556762695,11.825010299682617
2003-11-25,106500,22.96666717529297,22.979999542236328,22.816667556762695,22.913333892822266,11.7464017868042
2003-11-24,432600,22.829999923706055,22.91666603088379,22.803333282470703,22.91666603088379,11.74810791015625
2003-11-21,309600,22.799999237060547,22.829999923706055,22.75,22.8266658782959,11.701971054077148
2003-11-20,211200,22.816667556762695,22.823333740234375,22.683332443237305,22.733333587646484,11.654122352600098
2003-11-19,577200,22.91666603088379,22.959999084472656,22.78333282470703,22.90999984741211,11.744696617126465
2003-11-18,324300,22.773332595825195,22.866666793823242,22.71666717529297,22.75666618347168,11.666086196899414
2003-11-17,1043700,22.700000762939453,22.780000686645508,22.343334197998047,22.383333206176758,11.474696159362793
2003-11-14,183600,23.200000762939453,23.246665954589844,22.940000534057617,23.010000228881836,11.795955657958984
2003-11-13,449400,23.33333396911621,23.33333396911621,23.1200008392334,23.21666717529297,11.901902198791504
2003-11-12,1024200,23.049999237060547,23.190000534057617,23,23.139999389648438,11.862598419189453
2003-11-11,105000,23.08333396911621,23.08333396911621,22.883333206176758,22.89666748046875,11.737857818603516
2003-11-10,124800,23.233333587646484,23.233333587646484,23.156665802001953,23.16666603088379,11.876273155212402
2003-11-07,303600,23.16666603088379,23.27666664123535,23.09000015258789,23.149999618530273,11.86772632598877
2003-11-06,214200,23.19333267211914,23.19333267211914,23.03333282470703,23.073333740234375,11.828423500061035
2003-11-05,273300,23.22333335876465,23.22333335876465,23.100000381469727,23.213333129882812,11.900192260742188
2003-11-04,391500,23.200000762939453,23.229999542236328,23.03333282470703,23.200000762939453,11.893359184265137
2003-11-03,1935300,23.350000381469727,23.363332748413086,23.16666603088379,23.213333129882812,11.900192260742188
2003-10-31,177900,23.266666412353516,23.33333396911621,23.206666946411133,23.25666618347168,11.922409057617188
2003-10-30,115500,23.273332595825195,23.329999923706055,23.170000076293945,23.170000076293945,11.877981185913086
2003-10-29,111000,23.200000762939453,23.246665954589844,23.16666603088379,23.170000076293945,11.877981185913086
2003-10-28,358800,23.0766658782959,23.270000457763672,23.0766658782959,23.260000228881836,11.924118995666504
2003-10-27,237600,22.91666603088379,22.99333381652832,22.8266658782959,22.8266658782959,11.701971054077148
2003-10-24,83100,22.9233341217041,23.040000915527344,22.886667251586914,22.886667251586914,11.732730865478516
2003-10-23,195900,22.799999237060547,23.100000381469727,22.766666412353516,23.066667556762695,11.825010299682617
2003-10-22,148200,23.5,23.5,23.293333053588867,23.329999923706055,11.960000038146973
2003-10-21,143100,23.366666793823242,23.513334274291992,23.33333396911621,23.3799991607666,11.985640525817871
2003-10-20,316500,23.226667404174805,23.273332595825195,23.1299991607666,23.1733341217041,11.87968921661377
2003-10-17,252000,23.113332748413086,23.14666748046875,22.933332443237305,23.013334274291992,11.797663688659668
2003-10-16,260100,23.183332443237305,23.229999542236328,23.036666870117188,23.059999465942383,11.821585655212402
2003-10-15,780600,23.100000381469727,23.106666564941406,23,23.066667556762695,11.825010299682617
2003-10-14,252600,22.816667556762695,22.996665954589844,22.753334045410156,22.99333381652832,11.787415504455566
2003-10-13,188100,23,23.113332748413086,23,23.0766658782959,11.830133438110352
2003-10-10,165600,23,23.03333282470703,22.91666603088379,23.013334274291992,11.797663688659668
2003-10-09,219000,22.893333435058594,23.03333282470703,22.836666107177734,22.899999618530273,11.7395658493042
2003-10-08,179700,22.66666603088379,22.763334274291992,22.6200008392334,22.676666259765625,11.625073432922363
2003-10-07,196800,22.66666603088379,22.763334274291992,22.56999969482422,22.763334274291992,11.669506072998047
2003-10-06,53400,22.613332748413086,22.713333129882812,22.530000686645508,22.65999984741211,11.616533279418945
2003-10-03,215400,22.633333206176758,22.64666748046875,22.350000381469727,22.350000381469727,11.457612037658691
2003-10-02,82800,22.30666732788086,22.40999984741211,22.299999237060547,22.373332977294922,11.469575881958008
2003-10-01,128700,21.91666603088379,22.309999465942383,21.91666603088379,22.239999771118164,11.401223182678223
2003-09-30,72600,21.883333206176758,21.883333206176758,21.736665725708008,21.80666732788086,11.179076194763184
2003-09-29,38400,21.6200008392334,21.899999618530273,21.6200008392334,21.770000457763672,11.1602783203125
2003-09-26,85200,21.829999923706055,21.829999923706055,21.733333587646484,21.733333587646484,11.141477584838867
2003-09-25,163800,21.863332748413086,21.950000762939453,21.753334045410156,21.766666412353516,11.158567428588867
2003-09-24,216300,21.996665954589844,22.079999923706055,21.739999771118164,21.803333282470703,11.177364349365234
2003-09-23,51600,21.516666412353516,21.626667022705078,21.486665725708008,21.523332595825195,11.03382682800293
2003-09-22,60300,21.5,21.60333251953125,21.43666648864746,21.503334045410156,11.023571968078613
2003-09-19,348300,21.58333396911621,21.626667022705078,21.543333053588867,21.549999237060547,11.04749584197998
2003-09-18,138600,21.649999618530273,21.74333381652832,21.566667556762695,21.736665725708008,11.14319133758545
2003-09-17,93300,21.5766658782959,21.623332977294922,21.543333053588867,21.593334197998047,11.069710731506348
2003-09-16,162300,21.39666748046875,21.613332748413086,21.30666732788086,21.613332748413086,11.079962730407715
2003-09-15,162000,21.360000610351562,21.41666603088379,21.21666717529297,21.233333587646484,10.88515567779541
2003-09-12,39600,21.213333129882812,21.299999237060547,21.15333366394043,21.299999237060547,10.919331550598145
2003-09-11,177900,21.263334274291992,21.263334274291992,21.08333396911621,21.16666603088379,10.850982666015625
2003-09-10,71700,21.16666603088379,21.16666603088379,20.959999084472656,21.00666618347168,10.768960952758789
2003-09-09,225300,21.133333206176758,21.31333351135254,21.133333206176758,21.25,10.89370059967041
2003-09-08,125100,21.296667098999023,21.463333129882812,21.236665725708008,21.459999084472656,11.001355171203613
2003-09-05,101700,21.200000762939453,21.266666412353516,21.086666107177734,21.213333129882812,10.874905586242676
2003-09-04,197700,21.213333129882812,21.213333129882812,21,21.08333396911621,10.808259010314941
2003-09-03,139800,20.99333381652832,21.18666648864746,20.99333381652832,21.116666793823242,10.825350761413574
2003-09-02,140400,20.96666717529297,21,20.85333251953125,20.940000534057617,10.734781265258789
2003-08-29,110700,20.81333351135254,21,20.80666732788086,21,10.765538215637207
2003-08-28,243600,20.633333206176758,20.690000534057617,20.486665725708008,20.690000534057617,10.606619834899902
2003-08-27,302100,20.65999984741211,20.690000534057617,20.433332443237305,20.520000457763672,10.5194730758667
2003-08-26,641100,20.59666633605957,20.626667022705078,20.406665802001953,20.540000915527344,10.52972412109375
2003-08-25,287100,20.933332443237305,20.989999771118164,20.766666412353516,20.78333282470703,10.654467582702637
2003-08-22,97200,20.956666946411133,21.046667098999023,20.8700008392334,20.953332901000977,10.741618156433105
2003-08-21,109500,21.06333351135254,21.110000610351562,20.940000534057617,20.96666717529297,10.748451232910156
2003-08-20,59400,20.863332748413086,20.986665725708008,20.790000915527344,20.983333587646484,10.756998062133789
2003-08-19,263100,20.78333282470703,20.883333206176758,20.770000457763672,20.8266658782959,10.67668342590332
2003-08-18,261600,20.713333129882812,20.93000030517578,20.626667022705078,20.93000030517578,10.729656219482422
2003-08-15,20100,20.53333282470703,20.633333206176758,20.149999618530273,20.633333206176758,10.577569961547852
2003-08-14,117300,20.593334197998047,20.68000030517578,20.540000915527344,20.6299991607666,10.575860977172852
2003-08-13,71700,20.433332443237305,20.600000381469727,20.433332443237305,20.516666412353516,10.5177640914917
2003-08-12,35700,20.41666603088379,20.5,20.399999618530273,20.5,10.509220123291016
2003-08-11,48600,20.323333740234375,20.413333892822266,20.229999542236328,20.366666793823242,10.440866470336914
2003-08-08,13500,20.266666412353516,20.266666412353516,20.200000762939453,20.260000228881836,10.386185646057129
2003-08-07,26100,19.766666412353516,20.226667404174805,19.75,20.203332901000977,10.357134819030762
2003-08-06,13200,20.040000915527344,20.126667022705078,20.016666412353516,20.1200008392334,10.314413070678711
2003-08-05,73200,19.996665954589844,20.030000686645508,19.873332977294922,19.89666748046875,10.199923515319824
2003-08-04,66000,20.126667022705078,20.126667022705078,19.956666946411133,20.100000381469727,10.304162979125977
2003-08-01,139800,20.163333892822266,20.16666603088379,20.116666793823242,20.116666793823242,10.312702178955078
2003-07-31,234000,20.15999984741211,20.27666664123535,20.020000457763672,20.100000381469727,10.304162979125977
2003-07-30,28500,20.196666717529297,20.196666717529297,20.003334045410156,20.066667556762695,10.28707218170166
2003-07-29,32700,20.31999969482422,20.4233341217041,20.309999465942383,20.33333396911621,10.423775672912598
2003-07-28,136500,20.40999984741211,20.46666717529297,20.35333251953125,20.383333206176758,10.449409484863281
2003-07-25,135300,20.24333381652832,20.296667098999023,20.133333206176758,20.27666664123535,10.394728660583496
2003-07-24,55200,20.100000381469727,20.226667404174805,20.100000381469727,20.116666793823242,10.312702178955078
2003-07-23,207300,20,20.016666412353516,19.68666648864746,19.893333435058594,10.198211669921875
2003-07-22,33600,19.8799991607666,19.956666946411133,19.803333282470703,19.836666107177734,10.169163703918457
2003-07-21,20400,19.933332443237305,19.933332443237305,19.836666107177734,19.89666748046875,10.199923515319824
2003-07-18,76800,19.946666717529297,19.969999313354492,19.786666870117188,19.899999618530273,10.201632499694824
2003-07-17,51000,19.99333381652832,19.99333381652832,19.6733341217041,19.6733341217041,10.08543586730957
2003-07-16,180600,20.100000381469727,20.100000381469727,19.803333282470703,19.876667022705078,10.18967056274414
2003-07-15,99900,20.133333206176758,20.15999984741211,19.899999618530273,19.926666259765625,10.215302467346191
2003-07-14,87000,20.183332443237305,20.296667098999023,20.1200008392334,20.126667022705078,10.317832946777344
2003-07-11,162900,19.89666748046875,19.96666717529297,19.850000381469727,19.91666603088379,10.210175514221191
2003-07-10,23400,19.663333892822266,19.663333892822266,19.55666732788086,19.643333435058594,10.070053100585938
2003-07-09,171300,19.850000381469727,19.850000381469727,19.6200008392334,19.803333282470703,10.152077674865723
2003-07-08,184200,19.883333206176758,20,19.733333587646484,19.926666259765625,10.215302467346191
2003-07-07,165600,20.260000228881836,20.309999465942383,20.183332443237305,20.273332595825195,10.393017768859863
2003-07-03,31500,20.126667022705078,20.1299991607666,19.91666603088379,19.979999542236328,10.242644309997559
2003-07-02,97500,20.013334274291992,20.079999923706055,19.889999389648438,20.003334045410156,10.254606246948242
2003-07-01,194700,19.8266658782959,19.97333335876465,19.71666717529297,19.893333435058594,10.198211669921875
2003-06-30,229500,19.683332443237305,19.713333129882812,19.56333351135254,19.60333251953125,10.049546241760254
2003-06-27,34500,19.81333351135254,19.84666633605957,19.683332443237305,19.733333587646484,10.116190910339355
2003-06-26,21000,19.746665954589844,19.829999923706055,19.746665954589844,19.766666412353516,10.133277893066406
2003-06-25,48600,19.81999969482422,20.06999969482422,19.80666732788086,19.876667022705078,10.18967056274414
2003-06-24,659400,19.703332901000977,19.876667022705078,19.6733341217041,19.6733341217041,10.08543586730957
2003-06-23,50100,20.03333282470703,20.036666870117188,19.84000015258789,19.873332977294922,10.187959671020508
2003-06-20,15900,20.33333396911621,20.33333396911621,20.213333129882812,20.24333381652832,10.377639770507812
2003-06-19,28500,20.293333053588867,20.296667098999023,20.183332443237305,20.183332443237305,10.346882820129395
2003-06-18,44100,20.28333282470703,20.376667022705078,20.253334045410156,20.299999237060547,10.406689643859863
2003-06-17,77700,20.350000381469727,20.483333587646484,20.350000381469727,20.43666648864746,10.476750373840332
2003-06-16,340800,20.21666717529297,20.376667022705078,20.15333366394043,20.33333396911621,10.423775672912598
2003-06-13,42300,20.126667022705078,20.126667022705078,19.940000534057617,20,10.252896308898926
2003-06-12,49500,20.079999923706055,20.079999923706055,19.933332443237305,19.959999084472656,10.232391357421875
2003-06-11,56400,19.8266658782959,19.99333381652832,19.823333740234375,19.926666259765625,10.215302467346191
2003-06-10,57600,19.74333381652832,19.763334274291992,19.690000534057617,19.709999084472656,10.104231834411621
2003-06-09,20400,19.696666717529297,19.696666717529297,19.5,19.5,9.996573448181152
2003-06-06,49800,19.713333129882812,19.866666793823242,19.600000381469727,19.613332748413086,10.05467414855957
2003-06-05,378600,19.58333396911621,19.746665954589844,19.58333396911621,19.676666259765625,10.087139129638672
2003-06-04,62400,19.549999237060547,19.700000762939453,19.206666946411133,19.69333267211914,10.095686912536621
2003-06-03,109500,19.206666946411133,19.35333251953125,19.206666946411133,19.273332595825195,9.880373001098633
2003-06-02,69300,19.28333282470703,19.496665954589844,19.219999313354492,19.336666107177734,9.912843704223633
2003-05-30,39000,18.99333381652832,19.123332977294922,18.99333381652832,19.123332977294922,9.803478240966797
2003-05-29,84600,18.956666946411133,19.043333053588867,18.836666107177734,18.836666107177734,9.656519889831543
2003-05-28,151500,18.83333396911621,19.010000228881836,18.799999237060547,18.96666717529297,9.723163604736328
2003-05-27,21600,18.979999542236328,19.15999984741211,18.96666717529297,19.1299991607666,9.806894302368164
2003-05-23,7200,18.93000030517578,18.93000030517578,18.84000015258789,18.90333366394043,9.690696716308594
2003-05-22,30000,18.676666259765625,18.809999465942383,18.636667251586914,18.706666946411133,9.589873313903809
2003-05-21,63300,18.44333267211914,18.523332595825195,18.373332977294922,18.510000228881836,9.489055633544922
2003-05-20,211500,18.323333740234375,18.41666603088379,18.323333740234375,18.366666793823242,9.41557502746582
2003-05-19,50700,18.336666107177734,18.5,18.323333740234375,18.323333740234375,9.393362998962402
2003-05-16,39900,18.5,18.523332595825195,18.433332443237305,18.49333381652832,9.480514526367188
2003-05-15,57900,18.496665954589844,18.496665954589844,18.350000381469727,18.4233341217041,9.444628715515137
2003-05-14,14100,18.420000076293945,18.489999771118164,18.35333251953125,18.489999771118164,9.478802680969238
2003-05-13,54900,18.53333282470703,18.606666564941406,18.483333587646484,18.520000457763672,9.494181632995605
2003-05-12,254100,18.33333396911621,18.69333267211914,18.33333396911621,18.69333267211914,9.583039283752441
2003-05-09,32400,18.15999984741211,18.383333206176758,18.15999984741211,18.383333206176758,9.424121856689453
2003-05-08,14400,18.003334045410156,18.176666259765625,18.003334045410156,18.03333282470703,9.244694709777832
2003-05-07,48300,18.16666603088379,18.16666603088379,18.079999923706055,18.143333435058594,9.301082611083984
2003-05-06,66600,18.066667556762695,18.270000457763672,18.066667556762695,18.22333335876465,9.342095375061035
2003-05-05,28500,18.043333053588867,18.133333206176758,18.02666664123535,18.123332977294922,9.290833473205566
2003-05-02,20700,17.91666603088379,18.046667098999023,17.91666603088379,18.046667098999023,9.2515287399292
2003-05-01,4500,17.8700008392334,17.96666717529297,17.8700008392334,17.96666717529297,9.210516929626465
2003-04-30,21600,17.770000457763672,17.959999084472656,17.770000457763672,17.876667022705078,9.164380073547363
2003-04-29,80100,17.856666564941406,17.959999084472656,17.803333282470703,17.956666946411133,9.205392837524414
2003-04-28,60900,17.5,17.709999084472656,17.5,17.633333206176758,9.03963565826416
2003-04-25,57000,17.58333396911621,17.58333396911621,17.34000015258789,17.34000015258789,8.889260292053223
2003-04-24,365100,17.75,17.75,17.566667556762695,17.633333206176758,9.03963565826416
2003-04-23,44700,17.829999923706055,17.863332748413086,17.780000686645508,17.863332748413086,9.15754508972168
2003-04-22,31500,17.74333381652832,17.983333587646484,17.683332443237305,17.983333587646484,9.219063758850098
2003-04-21,31200,17.610000610351562,17.613332748413086,17.47333335876465,17.540000915527344,8.991789817810059
2003-04-17,25200,17.5,17.65999984741211,17.5,17.633333206176758,9.03963565826416
2003-04-16,21000,17.613332748413086,17.613332748413086,17.376667022705078,17.376667022705078,8.908058166503906
2003-04-15,211800,17.433332443237305,17.446666717529297,17.389999389648438,17.440000534057617,8.940526962280273
2003-04-14,16800,17.299999237060547,17.3799991607666,17.226667404174805,17.3799991607666,8.90976619720459
2003-04-11,41100,17.433332443237305,17.433332443237305,17.25,17.363332748413086,8.901219367980957
2003-04-10,34500,17.299999237060547,17.31333351135254,17.200000762939453,17.31333351135254,8.875590324401855
2003-04-09,33900,17.233333587646484,17.329999923706055,17.206666946411133,17.22333335876465,8.829451560974121
2003-04-08,109200,17.35333251953125,17.383333206176758,17.299999237060547,17.3700008392334,8.90463924407959
2003-04-07,30900,17.64666748046875,17.65999984741211,17.3700008392334,17.3700008392334,8.90463924407959
2003-04-04,78300,17.33333396911621,17.426666259765625,17.299999237060547,17.426666259765625,8.93369197845459
2003-04-03,27900,17.236665725708008,17.236665725708008,17.036666870117188,17.126667022705078,8.779898643493652
2003-04-02,28500,17.24333381652832,17.336666107177734,17.1733341217041,17.336666107177734,8.887553215026855
2003-04-01,13200,17.093334197998047,17.16666603088379,17.053333282470703,17.16666603088379,8.800402641296387
2003-03-31,127500,17.040000915527344,17.163333892822266,16.969999313354492,17.163333892822266,8.798693656921387
2003-03-28,17700,17.293333053588867,17.293333053588867,17.266666412353516,17.280000686645508,8.858501434326172
2003-03-27,7800,17.233333587646484,17.233333587646484,17.136667251586914,17.226667404174805,8.831161499023438
2003-03-26,31500,17.31333351135254,17.329999923706055,17.18666648864746,17.329999923706055,8.884136199951172
2003-03-25,44400,17.073333740234375,17.21666717529297,17.073333740234375,17.206666946411133,8.820908546447754
2003-03-24,57300,16.953332901000977,17.02666664123535,16.816667556762695,16.81999969482422,8.622687339782715
2003-03-21,85800,17.246665954589844,17.246665954589844,17.1733341217041,17.200000762939453,8.81749153137207
2003-03-20,44100,17.133333206176758,17.229999542236328,17,17.176666259765625,8.80552864074707
2003-03-19,26100,17.113332748413086,17.1299991607666,16.979999542236328,17.023332595825195,8.72692584991455
2003-03-18,300000,16.899999618530273,16.93000030517578,16.799999237060547,16.8799991607666,8.6534423828125
2003-03-17,80100,16.3700008392334,16.71666717529297,16.366666793823242,16.71666717529297,8.56971263885498
2003-03-14,75000,16.616666793823242,16.64666748046875,16.520000457763672,16.53333282470703,8.475728988647461
2003-03-13,196200,16.25,16.479999542236328,16.196666717529297,16.479999542236328,8.448385238647461
2003-03-12,62400,16.350000381469727,16.350000381469727,16.236665725708008,16.3266658782959,8.369780540466309
2003-03-11,29100,16.530000686645508,16.530000686645508,16.453332901000977,16.456666946411133,8.436423301696777
2003-03-10,24000,16.60333251953125,16.676666259765625,16.553333282470703,16.553333282470703,8.485978126525879
2003-03-07,32100,16.866666793823242,16.866666793823242,16.736665725708008,16.739999771118164,8.581673622131348
2003-03-06,20400,17.200000762939453,17.200000762939453,16.91666603088379,16.97333335876465,8.70129108428955
2003-03-05,6900,17.020000457763672,17.176666259765625,17.020000457763672,17.176666259765625,8.80552864074707
2003-03-04,9000,17.196666717529297,17.196666717529297,17.10333251953125,17.143333435058594,8.788443565368652
2003-03-03,26100,17.136667251586914,17.226667404174805,17.116666793823242,17.200000762939453,8.81749153137207
2003-02-28,18900,16.93666648864746,17.043333053588867,16.93666648864746,17.043333053588867,8.737176895141602
2003-02-27,71700,16.940000534057617,17.010000228881836,16.926666259765625,16.940000534057617,8.6842041015625
2003-02-26,21300,17.013334274291992,17.013334274291992,16.906665802001953,16.940000534057617,8.6842041015625
2003-02-25,45000,16.873332977294922,16.926666259765625,16.809999465942383,16.926666259765625,8.677369117736816
2003-02-24,104700,16.860000610351562,17.113332748413086,16.829999923706055,17.036666870117188,8.733758926391602
2003-02-21,5400,16.946666717529297,16.976667404174805,16.889999389648438,16.94333267211914,8.685909271240234
2003-02-20,53100,16.889999389648438,16.889999389648438,16.83333396911621,16.863332748413086,8.644899368286133
2003-02-19,51600,16.91666603088379,16.97333335876465,16.873332977294922,16.94333267211914,8.685909271240234
2003-02-18,52200,16.836666107177734,17,16.836666107177734,16.950000762939453,8.689330101013184
2003-02-14,105000,16.696666717529297,16.713333129882812,16.6299991607666,16.633333206176758,8.526991844177246
2003-02-13,29100,16.65333366394043,16.753334045410156,16.65333366394043,16.746665954589844,8.585091590881348
2003-02-12,39600,16.979999542236328,16.99333381652832,16.93000030517578,16.93000030517578,8.679078102111816
2003-02-11,23700,16.8700008392334,16.933332443237305,16.836666107177734,16.899999618530273,8.6636962890625
2003-02-10,16500,16.96666717529297,17.013334274291992,16.889999389648438,16.94333267211914,8.685909271240234
2003-02-07,9900,17.02666664123535,17.030000686645508,16.886667251586914,16.950000762939453,8.689330101013184
2003-02-06,6900,16.85333251953125,16.93000030517578,16.85333251953125,16.93000030517578,8.679078102111816
2003-02-05,66600,17.16666603088379,17.16666603088379,17.003334045410156,17.036666870117188,8.733758926391602
2003-02-04,24600,17.123332977294922,17.213333129882812,17.123332977294922,17.200000762939453,8.81749153137207
2003-02-03,15900,17.196666717529297,17.196666717529297,17.09000015258789,17.163333892822266,8.798693656921387
2003-01-31,258000,17.31333351135254,17.399999618530273,17.31333351135254,17.399999618530273,8.92002010345459
2003-01-30,447300,17.33333396911621,17.33333396911621,17.22333335876465,17.25,8.843122482299805
2003-01-29,523800,17.206666946411133,17.363332748413086,17.133333206176758,17.360000610351562,8.899515151977539
2003-01-28,177600,17.299999237060547,17.366666793823242,17.266666412353516,17.28333282470703,8.860210418701172
2003-01-27,357000,17.41666603088379,17.530000686645508,17.33333396911621,17.399999618530273,8.92002010345459
2003-01-24,311100,17.700000762939453,17.700000762939453,17.536666870117188,17.613332748413086,9.029383659362793
2003-01-23,14100,17.763334274291992,17.77666664123535,17.65333366394043,17.77666664123535,9.113115310668945
2003-01-22,48300,17.47333335876465,17.649999618530273,17.47333335876465,17.600000381469727,9.02254581451416
2003-01-21,65100,17.729999542236328,17.729999542236328,17.616666793823242,17.68000030517578,9.063562393188477
2003-01-17,30300,17.770000457763672,17.850000381469727,17.766666412353516,17.829999923706055,9.14045524597168
2003-01-16,13800,17.89666748046875,17.946666717529297,17.836666107177734,17.91666603088379,9.184886932373047
2003-01-15,54000,18,18.013334274291992,17.8700008392334,17.950000762939453,9.201973915100098
2003-01-14,33300,17.920000076293945,17.983333587646484,17.90333366394043,17.946666717529297,9.200263977050781
2003-01-13,85500,17.823333740234375,17.963333129882812,17.823333740234375,17.940000534057617,9.196846961975098
2003-01-10,45000,17.766666412353516,17.93000030517578,17.68666648864746,17.91666603088379,9.184886932373047
2003-01-09,2700,17.6733341217041,17.746665954589844,17.6733341217041,17.746665954589844,9.097735404968262
2003-01-08,31500,17.503334045410156,17.613332748413086,17.503334045410156,17.613332748413086,9.029383659362793
2003-01-07,18300,17.530000686645508,17.600000381469727,17.503334045410156,17.56999969482422,9.007170677185059
2003-01-06,117600,17.483333587646484,17.746665954589844,17.483333587646484,17.683332443237305,9.065268516540527
2003-01-03,65700,17.280000686645508,17.33333396911621,17.253334045410156,17.28333282470703,8.860210418701172
2003-01-02,28500,17.02666664123535,17.14666748046875,17.02666664123535,17.14666748046875,8.790149688720703
2002-12-31,47100,16.969999313354492,17.046667098999023,16.84000015258789,16.856666564941406,8.64148235321045
2002-12-30,28500,16.8700008392334,16.983333587646484,16.81999969482422,16.983333587646484,8.70641803741455
2002-12-27,31500,17.09666633605957,17.09666633605957,16.893333435058594,16.96666717529297,8.69787311553955
2002-12-26,5700,17.16666603088379,17.246665954589844,17.139999389648438,17.246665954589844,8.841413497924805
2002-12-24,10200,17.149999618530273,17.226667404174805,17.126667022705078,17.200000762939453,8.81749153137207
2002-12-23,21300,17.116666793823242,17.229999542236328,17.053333282470703,17.229999542236328,8.832870483398438
2002-12-20,41700,17.266666412353516,17.350000381469727,17.25666618347168,17.25666618347168,8.695820808410645
2002-12-19,10800,17.209999084472656,17.27666664123535,17.200000762939453,17.200000762939453,8.667269706726074
2002-12-18,732900,17.44333267211914,17.446666717529297,17.133333206176758,17.143333435058594,8.638711929321289
2002-12-17,65400,17.559999465942383,17.56333351135254,17.476667404174805,17.476667404174805,8.806683540344238
2002-12-16,259500,17.33333396911621,17.513334274291992,17.33333396911621,17.510000228881836,8.823479652404785
2002-12-13,22500,17.350000381469727,17.41666603088379,17.34000015258789,17.34666633605957,8.741174697875977
2002-12-12,64200,17.513334274291992,17.56333351135254,17.489999771118164,17.56333351135254,8.85035514831543
2002-12-11,105300,17.316667556762695,17.363332748413086,17.239999771118164,17.343334197998047,8.739495277404785
2002-12-10,26400,17.35333251953125,17.446666717529297,17.336666107177734,17.420000076293945,8.778129577636719
2002-12-09,80100,17.579999923706055,17.579999923706055,17.399999618530273,17.44333267211914,8.789888381958008
2002-12-06,38700,17.613332748413086,17.696666717529297,17.56999969482422,17.60333251953125,8.870511054992676
2002-12-05,33000,17.746665954589844,17.746665954589844,17.566667556762695,17.649999618530273,8.894026756286621
2002-12-04,41400,17.64666748046875,17.649999618530273,17.56999969482422,17.623332977294922,8.880592346191406
2002-12-03,10200,17.913333892822266,17.913333892822266,17.78333282470703,17.80666732788086,8.97297477722168
2002-12-02,199500,18.046667098999023,18.046667098999023,17.91666603088379,18.030000686645508,9.085515022277832
2002-11-29,47700,17.683332443237305,17.700000762939453,17.65999984741211,17.700000762939453,8.91922378540039
2002-11-27,20400,17.60333251953125,17.733333587646484,17.60333251953125,17.729999542236328,8.93433952331543
2002-11-26,19800,17.613332748413086,17.64666748046875,17.55666732788086,17.616666793823242,8.877230644226074
2002-11-25,21600,17.799999237060547,17.799999237060547,17.703332901000977,17.746665954589844,8.942739486694336
2002-11-22,16200,17.706666946411133,17.8799991607666,17.706666946411133,17.84666633605957,8.993128776550293
2002-11-21,35100,17.6200008392334,17.780000686645508,17.6200008392334,17.766666412353516,8.9528169631958
2002-11-20,46800,17.52666664123535,17.700000762939453,17.52666664123535,17.683332443237305,8.9108247756958
2002-11-19,6600,17.43666648864746,17.479999542236328,17.433332443237305,17.433332443237305,8.784846305847168
2002-11-18,63600,17.616666793823242,17.616666793823242,17.43666648864746,17.479999542236328,8.80836296081543
2002-11-15,125100,17.56333351135254,17.633333206176758,17.426666259765625,17.633333206176758,8.885627746582031
2002-11-14,60600,17.39666748046875,17.479999542236328,17.336666107177734,17.47333335876465,8.80500316619873
2002-11-13,93300,17.213333129882812,17.329999923706055,17.16666603088379,17.200000762939453,8.667269706726074
2002-11-12,5700,17.343334197998047,17.3799991607666,17.253334045410156,17.266666412353516,8.700860977172852
2002-11-11,75000,17.25,17.25,17.066667556762695,17.133333206176758,8.633674621582031
2002-11-08,10800,17.59666633605957,17.64666748046875,17.453332901000977,17.53333282470703,8.835238456726074
2002-11-07,250500,17.729999542236328,17.729999542236328,17.600000381469727,17.633333206176758,8.885627746582031
2002-11-06,10800,17.746665954589844,17.8799991607666,17.74333381652832,17.8799991607666,9.009926795959473
2002-11-05,34500,17.56999969482422,17.68000030517578,17.56999969482422,17.633333206176758,8.885627746582031
2002-11-04,32100,17.713333129882812,17.796667098999023,17.703332901000977,17.746665954589844,8.942739486694336
2002-11-01,57600,17.203332901000977,17.483333587646484,17.203332901000977,17.483333587646484,8.810041427612305
2002-10-31,12000,17.413333892822266,17.496665954589844,17.33333396911621,17.40999984741211,8.773089408874512
2002-10-30,23700,17.149999618530273,17.329999923706055,17.10333251953125,17.219999313354492,8.677345275878906
2002-10-29,96600,17.41666603088379,17.41666603088379,17.100000381469727,17.296667098999023,8.715978622436523
2002-10-28,32700,17.6299991607666,17.6299991607666,17.486665725708008,17.530000686645508,8.833559036254883
2002-10-25,57000,17.270000457763672,17.47333335876465,17.270000457763672,17.463333129882812,8.799964904785156
2002-10-24,12600,17.43000030517578,17.433332443237305,17.18666648864746,17.18666648864746,8.660548210144043
2002-10-23,148800,17.286666870117188,17.373332977294922,17.21666717529297,17.373332977294922,8.75461196899414
2002-10-22,18600,17.18000030517578,17.21666717529297,17.086666107177734,17.086666107177734,8.610156059265137
2002-10-21,8700,17.1299991607666,17.280000686645508,17.053333282470703,17.253334045410156,8.694143295288086
2002-10-18,12000,17.14666748046875,17.229999542236328,17.14666748046875,17.16666603088379,8.650472640991211
2002-10-17,61500,17.213333129882812,17.213333129882812,17.003334045410156,17.08333396911621,8.608479499816895
2002-10-16,87600,16.90333366394043,16.90333366394043,16.733333587646484,16.796667098999023,8.464022636413574
2002-10-15,334500,16.78333282470703,17.16666603088379,16.736665725708008,17.16666603088379,8.650472640991211
2002-10-14,48000,16.53333282470703,16.579999923706055,16.486665725708008,16.503334045410156,8.316210746765137
2002-10-11,35100,16.513334274291992,16.696666717529297,16.513334274291992,16.53333282470703,8.331326484680176
2002-10-10,279900,16.15333366394043,16.41666603088379,16.1200008392334,16.39666748046875,8.262459754943848
2002-10-09,168900,16.299999237060547,16.363332748413086,16.236665725708008,16.303333282470703,8.21542739868164
2002-10-08,13800,16.41666603088379,16.5,16.286666870117188,16.5,8.314530372619629
2002-10-07,9300,16.44333267211914,16.483333587646484,16.40333366394043,16.413333892822266,8.270857810974121
2002-10-04,50400,16.663333892822266,16.663333892822266,16.3700008392334,16.40333366394043,8.26581859588623
2002-10-03,34800,16.5,16.56333351135254,16.453332901000977,16.530000686645508,8.329648971557617
2002-10-02,15300,16.479999542236328,16.530000686645508,16.34666633605957,16.34666633605957,8.237261772155762
2002-10-01,95700,16.663333892822266,16.766666412353516,16.50666618347168,16.733333587646484,8.432107925415039
2002-09-30,81000,16.566667556762695,16.566667556762695,16.40333366394043,16.503334045410156,8.316210746765137
2002-09-27,43800,16.81333351135254,16.829999923706055,16.486665725708008,16.496665954589844,8.312849998474121
2002-09-26,59400,16.52666664123535,16.65999984741211,16.52666664123535,16.65999984741211,8.395157814025879
2002-09-25,55200,16.420000076293945,16.59666633605957,16.420000076293945,16.59666633605957,8.363242149353027
2002-09-24,73800,16.796667098999023,16.796667098999023,16.65999984741211,16.65999984741211,8.395157814025879
2002-09-23,5700,16.996665954589844,16.996665954589844,16.84000015258789,16.84000015258789,8.485858917236328
2002-09-20,2400,17.1299991607666,17.1299991607666,17.020000457763672,17.06333351135254,8.598398208618164
2002-09-19,46200,17.3266658782959,17.3799991607666,17.16666603088379,17.200000762939453,8.667269706726074
2002-09-18,10800,17.290000915527344,17.39666748046875,17.270000457763672,17.33333396911621,8.734457015991211
2002-09-17,1800,17.516666412353516,17.516666412353516,17.420000076293945,17.496665954589844,8.816760063171387
2002-09-16,59400,17.433332443237305,17.536666870117188,17.35333251953125,17.446666717529297,8.791565895080566
2002-09-13,3900,17.53333282470703,17.59666633605957,17.523332595825195,17.59666633605957,8.86715316772461
2002-09-12,88200,17.690000534057617,17.733333587646484,17.610000610351562,17.610000610351562,8.873871803283691
2002-09-11,15300,17.796667098999023,17.796667098999023,17.65333366394043,17.683332443237305,8.9108247756958
2002-09-10,22800,17.566667556762695,17.613332748413086,17.503334045410156,17.593334197998047,8.865473747253418
2002-09-09,9000,17.463333129882812,17.6299991607666,17.463333129882812,17.6299991607666,8.883947372436523
2002-09-06,2700,17.383333206176758,17.469999313354492,17.383333206176758,17.469999313354492,8.803322792053223
2002-09-05,11100,17.266666412353516,17.39666748046875,17.25666618347168,17.25666618347168,8.695820808410645
2002-09-04,8400,17.34000015258789,17.50666618347168,17.34000015258789,17.50666618347168,8.821799278259277
2002-09-03,6000,17.64666748046875,17.64666748046875,17.4233341217041,17.453332901000977,8.79492473602295
2002-08-30,8700,17.763334274291992,17.796667098999023,17.719999313354492,17.719999313354492,8.929300308227539
2002-08-29,9600,17.74333381652832,17.81333351135254,17.670000076293945,17.81333351135254,8.976334571838379
2002-08-28,59100,17.786666870117188,17.829999923706055,17.6200008392334,17.6200008392334,8.878912925720215
2002-08-27,26700,18.02666664123535,18.09666633605957,17.90333366394043,17.90333366394043,9.021686553955078
2002-08-26,59700,17.5766658782959,17.946666717529297,17.5766658782959,17.946666717529297,9.043519020080566
2002-08-23,32700,17.946666717529297,17.950000762939453,17.736665725708008,17.736665725708008,8.937698364257812
2002-08-22,235800,17.9233341217041,18.14666748046875,17.9233341217041,17.983333587646484,9.06200122833252
2002-08-21,84000,17.996665954589844,18.100000381469727,17.886667251586914,18.100000381469727,9.120790481567383
2002-08-20,71700,17.963333129882812,17.96666717529297,17.886667251586914,17.950000762939453,9.04520034790039
2002-08-19,9000,17.729999542236328,17.883333206176758,17.729999542236328,17.876667022705078,9.008247375488281
2002-08-16,63900,17.64666748046875,17.733333587646484,17.636667251586914,17.733333587646484,8.936019897460938
2002-08-15,17700,17.600000381469727,17.729999542236328,17.566667556762695,17.696666717529297,8.917545318603516
2002-08-14,148800,17.363332748413086,17.496665954589844,17.233333587646484,17.496665954589844,8.816760063171387
2002-08-13,145800,17.316667556762695,17.53333282470703,17.316667556762695,17.530000686645508,8.833559036254883
2002-08-12,41400,17.280000686645508,17.34666633605957,17.25,17.34666633605957,8.741174697875977
2002-08-09,89400,17.123332977294922,17.3799991607666,17.100000381469727,17.3799991607666,8.75797176361084
2002-08-08,65100,17.086666107177734,17.433332443237305,17.086666107177734,17.41666603088379,8.776449203491211
2002-08-07,30900,17.123332977294922,17.299999237060547,17.036666870117188,17.299999237060547,8.717657089233398
2002-08-06,18600,16.586666107177734,17.046667098999023,16.586666107177734,16.93666648864746,8.53457260131836
2002-08-05,35100,16.906665802001953,16.979999542236328,16.450000762939453,16.52666664123535,8.327967643737793
2002-08-02,6600,17.30666732788086,17.329999923706055,17.170000076293945,17.229999542236328,8.68238639831543
2002-08-01,16500,17.420000076293945,17.496665954589844,17.290000915527344,17.31333351135254,8.72437858581543
2002-07-31,48000,17.64666748046875,17.64666748046875,17.5,17.59666633605957,8.86715316772461
2002-07-30,321900,17.59666633605957,17.78333282470703,17.440000534057617,17.566667556762695,8.85203742980957
2002-07-29,403200,17.329999923706055,17.6299991607666,17.30666732788086,17.616666793823242,8.877230644226074
2002-07-26,31500,16.950000762939453,16.983333587646484,16.809999465942383,16.899999618530273,8.516093254089355
2002-07-25,25800,17.236665725708008,17.450000762939453,17.03333282470703,17.25,8.692463874816895
2002-07-24,113100,16.93666648864746,17.8799991607666,16.93666648864746,17.8799991607666,9.009926795959473
2002-07-23,45900,17.74333381652832,17.74333381652832,17.456666946411133,17.456666946411133,8.796603202819824
2002-07-22,237900,17.850000381469727,17.91666603088379,17.420000076293945,17.420000076293945,8.778129577636719
2002-07-19,34200,18.233333587646484,18.233333587646484,18.010000228881836,18.010000228881836,9.075437545776367
2002-07-18,107100,18.31333351135254,18.31333351135254,18.200000762939453,18.266666412353516,9.204771995544434
2002-07-17,72300,18.600000381469727,18.616666793823242,18.15333366394043,18.15333366394043,9.147664070129395
2002-07-16,51900,18.513334274291992,18.516666412353516,18.35333251953125,18.35333251953125,9.248443603515625
2002-07-15,33600,18.760000228881836,18.760000228881836,18.513334274291992,18.623332977294922,9.384500503540039
2002-07-12,2700,18.780000686645508,18.780000686645508,18.763334274291992,18.763334274291992,9.455049514770508
2002-07-11,21300,18.696666717529297,18.71666717529297,18.6200008392334,18.713333129882812,9.429854393005371
2002-07-10,136800,19.15999984741211,19.213333129882812,18.933332443237305,18.996665954589844,9.572627067565918
2002-07-09,168000,19.24333381652832,19.263334274291992,19.00666618347168,19.100000381469727,9.6246976852417
2002-07-08,224700,19.149999618530273,19.16666603088379,19,19.020000457763672,9.584383964538574
2002-07-05,32700,18.753334045410156,19,18.753334045410156,19,9.57430362701416
2002-07-03,77700,18.56333351135254,18.636667251586914,18.53333282470703,18.633333206176758,9.389540672302246
2002-07-02,11400,18.530000686645508,18.53333282470703,18.453332901000977,18.530000686645508,9.337469100952148
2002-07-01,8700,18.739999771118164,18.799999237060547,18.726667404174805,18.793333053588867,9.470165252685547
2002-06-28,57900,18.876667022705078,18.899999618530273,18.786666870117188,18.850000381469727,9.4987211227417
2002-06-27,145500,18.65999984741211,18.84666633605957,18.65999984741211,18.84666633605957,9.497039794921875
2002-06-26,85800,18.610000610351562,18.65999984741211,18.586666107177734,18.586666107177734,9.366024017333984
2002-06-25,110100,18.989999771118164,19.100000381469727,18.989999771118164,19.100000381469727,9.6246976852417
2002-06-24,39600,19.05666732788086,19.09666633605957,18.876667022705078,18.946666717529297,9.547432899475098
2002-06-21,91500,19.116666793823242,19.14666748046875,18.983333587646484,19.049999237060547,9.599503517150879
2002-06-20,116400,19.239999771118164,19.31333351135254,19.136667251586914,19.136667251586914,9.64317512512207
2002-06-19,31800,19.133333206176758,19.196666717529297,19.116666793823242,19.1299991607666,9.639814376831055
2002-06-18,32700,19.35333251953125,19.363332748413086,19.200000762939453,19.25,9.700284957885742
2002-06-17,145800,19.22333335876465,19.28333282470703,19.170000076293945,19.280000686645508,9.715405464172363
2002-06-14,18300,19.33333396911621,19.350000381469727,19.290000915527344,19.329999923706055,9.74059772491455
2002-06-13,321600,19.72333335876465,19.72333335876465,19.56999969482422,19.633333206176758,9.893451690673828
2002-06-12,22800,19.780000686645508,19.78333282470703,19.719999313354492,19.77666664123535,9.965682983398438
2002-06-11,19800,19.71666717529297,19.796667098999023,19.706666946411133,19.746665954589844,9.950559616088867
2002-06-10,106800,19.94333267211914,19.96666717529297,19.926666259765625,19.946666717529297,10.051344871520996
2002-06-07,154200,19.85333251953125,19.983333587646484,19.85333251953125,19.979999542236328,10.068140983581543
2002-06-06,41400,19.96666717529297,19.96666717529297,19.876667022705078,19.946666717529297,10.051344871520996
2002-06-05,26100,19.93000030517578,19.946666717529297,19.8700008392334,19.946666717529297,10.051344871520996
2002-06-04,11400,19.93000030517578,19.950000762939453,19.91666603088379,19.950000762939453,10.053024291992188
2002-06-03,50400,19.893333435058594,19.946666717529297,19.83333396911621,19.83333396911621,9.994234085083008
2002-05-31,40200,19.860000610351562,19.91666603088379,19.860000610351562,19.913333892822266,10.0345458984375
2002-05-30,68100,19.89666748046875,19.91666603088379,19.799999237060547,19.850000381469727,10.002631187438965
2002-05-29,23100,19.866666793823242,19.913333892822266,19.866666793823242,19.913333892822266,10.0345458984375
2002-05-28,51300,19.850000381469727,19.89666748046875,19.823333740234375,19.89666748046875,10.026148796081543
2002-05-24,27900,19.809999465942383,19.866666793823242,19.809999465942383,19.866666793823242,10.011033058166504
2002-05-23,32700,19.746665954589844,19.886667251586914,19.719999313354492,19.886667251586914,10.021110534667969
2002-05-22,166500,19.959999084472656,20.06333351135254,19.933332443237305,20.06333351135254,10.110133171081543
2002-05-21,128100,19.883333206176758,19.9233341217041,19.84000015258789,19.84666633605957,10.00095272064209
2002-05-20,29700,19.863332748413086,19.996665954589844,19.836666107177734,19.996665954589844,10.0765380859375
2002-05-17,101100,19.959999084472656,20.02666664123535,19.886667251586914,20.02666664123535,10.091656684875488
2002-05-16,40500,19.773332595825195,19.796667098999023,19.733333587646484,19.780000686645508,9.967362403869629
2002-05-15,69600,19.573333740234375,19.729999542236328,19.573333740234375,19.700000762939453,9.927045822143555
2002-05-14,28200,19.3799991607666,19.479999542236328,19.3799991607666,19.463333129882812,9.807783126831055
2002-05-13,16200,19.3266658782959,19.413333892822266,19.3266658782959,19.35333251953125,9.752354621887207
2002-05-10,9300,19.34666633605957,19.363332748413086,19.290000915527344,19.290000915527344,9.720440864562988
2002-05-09,42000,19.3266658782959,19.336666107177734,19.263334274291992,19.33333396911621,9.742278099060059
2002-05-08,107700,19.303333282470703,19.513334274291992,19.303333282470703,19.513334274291992,9.832982063293457
2002-05-07,35700,19.27666664123535,19.28333282470703,19.21666717529297,19.280000686645508,9.715405464172363
2002-05-06,151200,19.183332443237305,19.290000915527344,19.183332443237305,19.246665954589844,9.698603630065918
2002-05-03,184500,19.34000015258789,19.363332748413086,19.253334045410156,19.25666618347168,9.703643798828125
2002-05-02,6900,19.296667098999023,19.309999465942383,19.219999313354492,19.28333282470703,9.717081069946289
2002-05-01,22500,19.163333892822266,19.263334274291992,19.136667251586914,19.263334274291992,9.707005500793457
2002-04-30,36600,19.143333435058594,19.163333892822266,19.09000015258789,19.133333206176758,9.641494750976562
2002-04-29,324000,19.09000015258789,19.133333206176758,18.983333587646484,19.059999465942383,9.60454273223877
2002-04-26,12000,19.200000762939453,19.3266658782959,19.18666648864746,19.3266658782959,9.73891830444336
2002-04-25,157200,19.24333381652832,19.263334274291992,19.1733341217041,19.25,9.700284957885742
2002-04-24,8700,19.16666603088379,19.266666412353516,19.16666603088379,19.263334274291992,9.707005500793457
2002-04-23,5100,19.280000686645508,19.280000686645508,19.200000762939453,19.280000686645508,9.715405464172363
2002-04-22,24000,19.176666259765625,19.176666259765625,19.053333282470703,19.06999969482422,9.609580039978027
2002-04-19,8100,19.100000381469727,19.15999984741211,19.100000381469727,19.15999984741211,9.654934883117676
2002-04-18,19200,19.143333435058594,19.143333435058594,19.100000381469727,19.126667022705078,9.638136863708496
2002-04-17,7200,19.073333740234375,19.09666633605957,19.003334045410156,19.09666633605957,9.623021125793457
2002-04-16,15300,18.71666717529297,18.863332748413086,18.71666717529297,18.863332748413086,9.505439758300781
2002-04-15,4500,18.540000915527344,18.64666748046875,18.540000915527344,18.56999969482422,9.357624053955078
2002-04-12,43200,18.68000030517578,18.68000030517578,18.626667022705078,18.6299991607666,9.387861251831055
2002-04-11,19800,18.696666717529297,18.696666717529297,18.56999969482422,18.56999969482422,9.357624053955078
2002-04-10,36900,18.510000228881836,18.579999923706055,18.483333587646484,18.579999923706055,9.362665176391602
2002-04-09,3000,18.520000457763672,18.520000457763672,18.43666648864746,18.49333381652832,9.318997383117676
2002-04-08,203400,18.503334045410156,18.579999923706055,18.503334045410156,18.56333351135254,9.354267120361328
2002-04-05,26400,18.66666603088379,18.66666603088379,18.663333892822266,18.663333892822266,9.404658317565918
2002-04-04,565500,18.59000015258789,18.59000015258789,18.503334045410156,18.503334045410156,9.324028968811035
2002-04-03,197400,18.6733341217041,18.696666717529297,18.536666870117188,18.536666870117188,9.340826988220215
2002-04-02,6000,18.78333282470703,18.863332748413086,18.766666412353516,18.84666633605957,9.497039794921875
2002-04-01,17700,19.010000228881836,19.010000228881836,18.91666603088379,18.979999542236328,9.564228057861328
2002-03-28,21000,19.013334274291992,19.030000686645508,18.96666717529297,19.02666664123535,9.587743759155273
2002-03-27,18600,18.84666633605957,18.863332748413086,18.84666633605957,18.84666633605957,9.497039794921875
2002-03-26,311100,18.626667022705078,18.713333129882812,18.616666793823242,18.64666748046875,9.396260261535645
2002-03-25,257400,18.893333435058594,18.89666748046875,18.83333396911621,18.83333396911621,9.490324020385742
2002-03-22,9000,18.963333129882812,18.983333587646484,18.899999618530273,18.899999618530273,9.523919105529785
2002-03-21,9900,18.93000030517578,18.963333129882812,18.899999618530273,18.913333892822266,9.530634880065918
2002-03-20,17100,19.093334197998047,19.116666793823242,19.003334045410156,19.06333351135254,9.606223106384277
2002-03-19,69600,19.010000228881836,19.010000228881836,18.920000076293945,18.920000076293945,9.533995628356934
2002-03-18,17100,18.913333892822266,18.913333892822266,18.883333206176758,18.913333892822266,9.530634880065918
2002-03-15,11700,18.736665725708008,18.796667098999023,18.736665725708008,18.796667098999023,9.471843719482422
2002-03-14,358800,18.863332748413086,18.883333206176758,18.803333282470703,18.803333282470703,9.47520637512207
2002-03-13,10500,18.796667098999023,18.796667098999023,18.670000076293945,18.746665954589844,9.446649551391602
2002-03-12,7500,18.766666412353516,18.863332748413086,18.766666412353516,18.78333282470703,9.465126037597656
2002-03-11,21300,18.94333267211914,19.030000686645508,18.94333267211914,19.030000686645508,9.58942699432373
2002-03-08,40800,19.010000228881836,19.030000686645508,18.969999313354492,19.030000686645508,9.58942699432373
2002-03-07,393600,18.729999542236328,19.100000381469727,18.729999542236328,19.079999923706055,9.614620208740234
2002-03-06,45900,18.713333129882812,18.829999923706055,18.713333129882812,18.8266658782959,9.486963272094727
2002-03-05,5400,18.696666717529297,18.729999542236328,18.6200008392334,18.713333129882812,9.429854393005371
2002-03-04,237600,18.579999923706055,18.696666717529297,18.56999969482422,18.696666717529297,9.421456336975098
2002-03-01,28800,18.260000228881836,18.383333206176758,18.260000228881836,18.35333251953125,9.248443603515625
2002-02-27,600,18.246665954589844,18.27666664123535,18.246665954589844,18.27666664123535,9.209813117980957
2002-02-26,12600,18.213333129882812,18.213333129882812,18.136667251586914,18.136667251586914,9.139264106750488
2002-02-25,30900,18.190000534057617,18.246665954589844,18.190000534057617,18.246665954589844,9.194694519042969
2002-02-22,30900,18.329999923706055,18.329999923706055,18.236665725708008,18.28333282470703,9.213170051574707
2002-02-21,465600,18.510000228881836,18.559999465942383,18.46666717529297,18.46666717529297,9.30555534362793
2002-02-20,832500,18.5,18.50666618347168,18.483333587646484,18.50666618347168,9.32571029663086
2002-02-19,8700,18.579999923706055,18.579999923706055,18.53333282470703,18.53333282470703,9.33914852142334
2002-02-15,15000,18.75,18.75,18.606666564941406,18.65999984741211,9.402976036071777
2002-02-14,18300,18.683332443237305,18.726667404174805,18.616666793823242,18.676666259765625,9.411375045776367
2002-02-13,1200,18.373332977294922,18.373332977294922,18.373332977294922,18.373332977294922,9.258522987365723
2002-02-12,3600,18.31999969482422,18.446666717529297,18.31999969482422,18.446666717529297,9.295476913452148
2002-02-11,8400,18.476667404174805,18.579999923706055,18.476667404174805,18.579999923706055,9.362665176391602
2002-02-08,2700,18.239999771118164,18.3266658782959,18.239999771118164,18.309999465942383,9.226609230041504
2002-02-07,90900,18,18.059999465942383,17.983333587646484,17.983333587646484,9.06200122833252
2002-02-06,2700,18.200000762939453,18.200000762939453,18.196666717529297,18.196666717529297,9.169499397277832
2002-02-05,3900,18.316667556762695,18.316667556762695,18.280000686645508,18.280000686645508,9.211492538452148
2002-02-04,23400,18.290000915527344,18.34666633605957,18.270000457763672,18.270000457763672,9.206452369689941
2002-02-01,1200,18.263334274291992,18.263334274291992,18.263334274291992,18.263334274291992,9.203093528747559
2002-01-31,16500,18.44333267211914,18.5,18.366666793823242,18.496665954589844,9.320672035217285
2002-01-30,18900,18.27666664123535,18.27666664123535,18.226667404174805,18.260000228881836,9.201412200927734
2002-01-29,4800,18.656665802001953,18.656665802001953,18.559999465942383,18.559999465942383,9.35258674621582
2002-01-28,1800,18.546667098999023,18.546667098999023,18.469999313354492,18.469999313354492,9.307234764099121
2002-01-25,16800,18.510000228881836,18.516666412353516,18.510000228881836,18.513334274291992,9.329071044921875
2002-01-24,3000,18.413333892822266,18.426666259765625,18.373332977294922,18.373332977294922,9.258522987365723
2002-01-23,73500,18.3799991607666,18.399999618530273,18.376667022705078,18.3799991607666,9.261881828308105
2002-01-22,3300,18.399999618530273,18.40999984741211,18.343334197998047,18.360000610351562,9.251805305480957
2002-01-18,6000,18.1733341217041,18.176666259765625,18.163333892822266,18.163333892822266,9.152702331542969
2002-01-17,2100,18.25,18.280000686645508,18.226667404174805,18.280000686645508,9.211492538452148
2002-01-16,23400,18.299999237060547,18.34666633605957,18.25,18.25,9.196372985839844
2002-01-15,6300,18.446666717529297,18.446666717529297,18.426666259765625,18.426666259765625,9.285398483276367
2002-01-14,300,18.510000228881836,18.510000228881836,18.510000228881836,18.510000228881836,9.327390670776367
2002-01-11,1200,18.5766658782959,18.5766658782959,18.549999237060547,18.549999237060547,9.347548484802246
2002-01-10,19200,18.676666259765625,18.676666259765625,18.586666107177734,18.59666633605957,9.371063232421875
2002-01-09,4500,18.760000228881836,18.760000228881836,18.746665954589844,18.746665954589844,9.446649551391602
2002-01-08,155400,18.68000030517578,18.81333351135254,18.68000030517578,18.809999465942383,9.47856330871582
2002-01-07,92100,18.69333267211914,18.766666412353516,18.69333267211914,18.74333381652832,9.44497013092041
2002-01-04,10800,18.543333053588867,18.553333282470703,18.469999313354492,18.553333282470703,9.349226951599121
2002-01-03,150300,18.316667556762695,18.329999923706055,18.28333282470703,18.329999923706055,9.236687660217285
2002-01-02,14400,18.229999542236328,18.25,18.226667404174805,18.25,9.196372985839844
2001-12-31,1200,18.143333435058594,18.143333435058594,18.05666732788086,18.05666732788086,9.09895133972168
2001-12-28,11700,18.15999984741211,18.15999984741211,18.15999984741211,18.15999984741211,9.151022911071777
2001-12-27,3600,17.976667404174805,18.013334274291992,17.976667404174805,18.013334274291992,9.077116966247559
2001-12-26,1500,17.90999984741211,17.90999984741211,17.90999984741211,17.90999984741211,9.025045394897461
2001-12-24,3000,17.78333282470703,17.860000610351562,17.78333282470703,17.860000610351562,8.999850273132324
2001-12-21,8700,17.829999923706055,17.876667022705078,17.8266658782959,17.876667022705078,9.008247375488281
2001-12-20,300,17.860000610351562,17.860000610351562,17.860000610351562,17.860000610351562,8.999850273132324
2001-12-19,2400,17.979999542236328,17.979999542236328,17.91666603088379,17.91666603088379,9.028403282165527
2001-12-18,91500,17.8799991607666,17.913333892822266,17.8799991607666,17.899999618530273,9.020004272460938
2001-12-14,2400,17.899999618530273,17.899999618530273,17.860000610351562,17.860000610351562,8.999850273132324
2001-12-13,5400,17.843334197998047,17.860000610351562,17.843334197998047,17.860000610351562,8.999850273132324
2001-12-11,12600,18.183332443237305,18.196666717529297,18.183332443237305,18.196666717529297,9.169499397277832
2001-12-10,900,18.196666717529297,18.196666717529297,18.196666717529297,18.196666717529297,9.169499397277832
2001-12-07,5400,18.233333587646484,18.233333587646484,18.149999618530273,18.149999618530273,9.145984649658203
2001-12-06,121200,18.233333587646484,18.233333587646484,18.149999618530273,18.190000534057617,9.166138648986816
2001-12-05,12600,18.16666603088379,18.450000762939453,18.16666603088379,18.450000762939453,9.297158241271973
2001-12-04,18900,17.843334197998047,17.843334197998047,17.843334197998047,17.843334197998047,8.991450309753418
2001-12-03,1500,17.733333587646484,17.733333587646484,17.733333587646484,17.733333587646484,8.936019897460938
2001-11-30,2100,17.80666732788086,17.80666732788086,17.80666732788086,17.80666732788086,8.97297477722168
2001-11-29,92700,17.58333396911621,17.593334197998047,17.58333396911621,17.593334197998047,8.865473747253418
2001-11-28,4200,17.796667098999023,17.796667098999023,17.78333282470703,17.78333282470703,8.961215019226074
2001-11-27,9900,17.96666717529297,17.96666717529297,17.899999618530273,17.9233341217041,9.031763076782227
2001-11-26,7800,17.850000381469727,17.876667022705078,17.799999237060547,17.876667022705078,9.008247375488281
2001-11-21,12000,17.66666603088379,17.700000762939453,17.6200008392334,17.6200008392334,8.878912925720215
2001-11-19,1500,17.799999237060547,17.8266658782959,17.799999237060547,17.8266658782959,8.983052253723145
2001-11-16,1500,17.80666732788086,17.80666732788086,17.649999618530273,17.649999618530273,8.894026756286621
2001-11-15,28800,17.75666618347168,17.766666412353516,17.75,17.75,8.944418907165527
2001-11-14,900,17.566667556762695,17.610000610351562,17.566667556762695,17.610000610351562,8.873871803283691
2001-11-13,3600,17.41666603088379,17.41666603088379,17.399999618530273,17.399999618530273,8.768050193786621
2001-11-12,600,17.133333206176758,17.133333206176758,17.133333206176758,17.133333206176758,8.633674621582031
2001-11-06,300,16.91666603088379,16.91666603088379,16.91666603088379,16.91666603088379,8.524493217468262
2001-11-05,2400,16.633333206176758,16.66666603088379,16.633333206176758,16.66666603088379,8.398515701293945
2001-11-01,5100,16.700000762939453,16.733333587646484,16.700000762939453,16.733333587646484,8.432107925415039
2001-10-30,600,16.566667556762695,16.566667556762695,16.566667556762695,16.566667556762695,8.348123550415039
2001-10-29,6000,16.616666793823242,16.616666793823242,16.616666793823242,16.616666793823242,8.373319625854492
2001-10-26,3000,16.733333587646484,16.733333587646484,16.733333587646484,16.733333587646484,8.432107925415039
